image,mask,seed,hole_frac,method,iters,sweep,returns,runtime_s,rmse_hole,psnr_hole,rmse_hole_unclipped,psnr_full,ssim_full,ssim_hole,tv_out,tv_truth,known_violation,out_of_range_frac_hole,edge_retention,grad_ratio,hf_retention,jump_conc,flat_frac
astronaut,blocks16,0,0.1625970359915314,biharmonic,0,,skimage,0.09598929190542549,24.604739880550802,20.310428047360073,24.604739880550802,28.19930180232294,0.9445903162658085,0.7127974082987351,2087332.4851048035,2228391.5882385084,0.0,0.0,0.34444432917438916,0.6179415188911859,0.03656946314668131,0.0804308116876158,0.1251550099206349
astronaut,blocks16,0,0.1625970359915314,damaged,0,,,0.0,163.07178548546918,3.8832270816743577,163.07178548546918,11.772100836637216,0.7448258606001181,0.1654889024780741,2984027.2601320967,2228391.5882385084,0.0,0.0,0.35899469570042314,1.6101307009512469,8.021311469052117,0.14847061144223783,0.8790302579365079
astronaut,blocks16,0,0.1625970359915314,harmonic,0,,exact sparse solve,0.06434570893179625,25.56994995637354,19.976206047520478,25.56994995637354,27.86507980248334,0.9319371520298014,0.6622929614086641,2039883.303462274,2228391.5882385084,0.0,0.0,0.23309079045586045,0.47610975152393653,5.015407356611382e-30,0.08007119365297619,0.13268849206349206
astronaut,blocks16,0,0.1625970359915314,meanfill,0,,,0.0,76.76533674654164,10.427500421071642,76.76533674654164,18.3163741760345,0.7950820751578284,0.26553699995872226,2344718.3409633776,2228391.5882385084,0.0,0.0,0.11676593397890474,0.7142362806522535,1.7061266536567876,0.1629609131545064,0.8797123015873016
astronaut,blocks16,0,0.1625970359915314,tv_converged,1500,symmetric,u_test,55.43894820800051,24.534354604343022,20.335310848551206,24.534354604449188,28.224184603514068,0.9385213852354415,0.702372728202829,2011605.7714824302,2228391.5882385084,0.0,0.030753968253968252,0.28379025559997595,0.357626550908893,0.11646781363351996,0.1913763023181787,0.5393725198412699
astronaut,blocks16,0,0.1625970359915314,tv_corrected,200,symmetric,u_test,6.390440374962054,24.570624488592067,20.322479715135323,24.571066304060086,28.21135347009818,0.9375252035156665,0.698068943003949,2012412.1137085448,2228391.5882385084,0.0,0.061042906746031744,0.25954373577019424,0.35710014476301216,0.09906696600118813,0.1746561332482389,0.5356832837301587
astronaut,blocks16,0,0.1625970359915314,tv_shipped,200,forward,u,4.689165250048973,24.711915722551243,20.272675325094607,24.712458435356506,28.16154428887185,0.9371166074700445,0.6961326664942601,2012081.2262394405,2228391.5882385084,0.8483977392921069,0.052238343253968256,0.2557641377833128,0.3572221909658095,0.09985395742318681,0.17411059642836044,0.5342261904761905
astronaut,blocks16,0,0.1625970359915314,tv_shipped_feasible,200,forward,u_test,4.689165250048973,24.699280255474758,20.277117649259072,24.700100021009835,28.16599140422193,0.9371716466358152,0.6964011430225412,2012592.7228393145,2228391.5882385084,0.0,0.05775669642857143,0.25610225073855003,0.35727586409226575,0.09991683766271867,0.1741493802622237,0.5337611607142857
astronaut,blocks16,1,0.1625970359915314,biharmonic,0,,skimage,0.12237341701984406,25.23577196252533,20.090471721767162,25.23577196252533,27.97934547673002,0.946841118207104,0.7272247068408065,2060089.8516721572,2228391.5882385084,0.0,0.0,0.31254580922534275,0.5800905994319574,0.027691625913732372,0.0771467525474413,0.14406622023809523
astronaut,blocks16,1,0.1625970359915314,damaged,0,,,0.0,158.74154538845625,4.116991529577556,158.74154538845625,12.005865284540416,0.7465645974196525,0.1706399736419532,2910362.1847321326,2228391.5882385084,0.0,0.0,0.2918345140028034,1.4462669961494952,6.477813126350182,0.15252330959079158,0.8791852678571429
astronaut,blocks16,1,0.1625970359915314,harmonic,0,,exact sparse solve,0.05876912490930408,26.530328106177816,19.65595118813439,26.530328106177816,27.54482494309725,0.9364916657303402,0.6858150159745339,2022391.6857478921,2228391.5882385084,0.0,0.0,0.22203869209485555,0.4732087325419979,4.600744225050017e-30,0.07558458716613166,0.14812748015873015
astronaut,blocks16,1,0.1625970359915314,meanfill,0,,,0.0,77.7697719077749,10.31458710452582,77.7697719077749,18.20346085948868,0.7919038581705338,0.25775091832889463,2339632.8035211703,2228391.5882385084,0.0,0.0,0.10837915639992864,0.6844134824840142,1.535026351266339,0.15705777337358562,0.8795882936507936
astronaut,blocks16,1,0.1625970359915314,tv_converged,1500,symmetric,u_test,56.33058595797047,27.325448490846235,19.399457634120772,27.325448490872596,27.288331389083634,0.940563889213208,0.7099625051628579,1992615.7579570573,2228391.5882385084,0.0,0.040209573412698416,0.24093627896355604,0.3547539675166273,0.11902098849070578,0.1753038440878159,0.5342571924603174
astronaut,blocks16,1,0.1625970359915314,tv_corrected,200,symmetric,u_test,7.647793333046138,27.53620825306669,19.332720858411136,27.53660362122383,27.221594613373995,0.9392183938514622,0.7054423335051248,1993577.2281123626,2228391.5882385084,0.0,0.0685763888888889,0.22253439980974132,0.3563465278961395,0.10392356806815906,0.16446084552998344,0.5264756944444444
astronaut,blocks16,1,0.1625970359915314,tv_shipped,200,forward,u,5.858321667066775,27.67934114536642,19.287688641783248,27.679691733855545,27.176558232532685,0.9387012026069729,0.7031664176798994,1993341.5711293025,2228391.5882385084,0.6190803874910742,0.061352926587301584,0.21991190995302573,0.35693865806261826,0.10428285760286916,0.16453644931505718,0.5246155753968254
astronaut,blocks16,1,0.1625970359915314,tv_shipped_feasible,200,forward,u_test,5.858321667066775,27.66633179844266,19.29177198733544,27.666985866430977,27.1806457422983,0.9387574366806147,0.7034004541159696,1993870.8972624573,2228391.5882385084,0.0,0.0613219246031746,0.22015838519337655,0.35695729867389414,0.1042890233792107,0.16452508231401627,0.5247395833333334
astronaut,blocks16,2,0.1625970359915314,biharmonic,0,,skimage,0.07101929106283933,25.256494032973958,20.0833423278473,25.256494032973958,27.972216082810164,0.9475447473749574,0.7281281777899111,2071815.2985811085,2228391.5882385084,0.0,0.0,0.3317743399924403,0.5868018122746782,0.02971501700955818,0.07584493443177501,0.14546130952380953
astronaut,blocks16,2,0.1625970359915314,damaged,0,,,0.0,159.6891446542102,4.065295715090447,159.6891446542102,11.954169470053307,0.7399410094602695,0.1574287139912346,2973735.0477027143,2228391.5882385084,0.0,0.0,0.3463112605068366,1.5858411705800457,8.074102523572547,0.1494075667453517,0.8790612599206349
astronaut,blocks16,2,0.1625970359915314,harmonic,0,,exact sparse solve,0.07154204207472503,25.859507592813067,19.878398589717467,25.859507592813067,27.767272344680322,0.9352915134402441,0.6758247183551249,2031971.5262915406,2228391.5882385084,0.0,0.0,0.230327854242614,0.46499132602135546,5.227339560989546e-30,0.078601073907746,0.1437251984126984
astronaut,blocks16,2,0.1625970359915314,meanfill,0,,,0.0,72.55452787459971,10.917513200263118,72.55452787459971,18.806386955225975,0.8015561932146106,0.2841560917079811,2319877.67859731,2228391.5882385084,0.0,0.0,0.11851757181258443,0.6696643838955652,1.6392572092668038,0.16648303527148442,0.8799293154761905
astronaut,blocks16,2,0.1625970359915314,tv_converged,1500,symmetric,u_test,42.624460999970324,28.17614636520406,19.133171715945785,28.176146365829137,27.022045470908648,0.9355955637786724,0.6885311608541085,2002441.7721006041,2228391.5882385084,0.0,0.01382688492063492,0.23729281506769842,0.3344692577461014,0.1291375337585174,0.1981870037423336,0.5681113591269841
astronaut,blocks16,2,0.1625970359915314,tv_corrected,200,symmetric,u_test,5.890713374945335,28.507006954807164,19.031771174974935,28.507194421200424,26.920644929937794,0.9343331493828811,0.6834219638936243,2003364.7915566664,2228391.5882385084,0.0,0.04563492063492063,0.2169977365804984,0.3348108548945529,0.107060048115669,0.18091172212761222,0.5612599206349206
astronaut,blocks16,2,0.1625970359915314,tv_shipped,200,forward,u,4.715405417024158,28.592895956328494,19.00564072945928,28.593154571598827,26.89451059780728,0.933922688877273,0.681772274949546,2003102.800484158,2228391.5882385084,1.1773064176058767,0.04662698412698413,0.21455529976535664,0.33521717100881976,0.10720363323230503,0.18099383674526734,0.5632440476190477
astronaut,blocks16,2,0.1625970359915314,tv_shipped_feasible,200,forward,u_test,4.715405417024158,28.586066036643018,19.007715755896953,28.586502873777018,26.896589510859812,0.9339616375004486,0.6819250191490406,2003626.8856562232,2228391.5882385084,0.0,0.044797867063492064,0.2147515937083637,0.3352642447563096,0.1072325444698577,0.18095183921601307,0.5630580357142857
astronaut,blocks32,0,0.1600161306583325,biharmonic,0,,skimage,0.2914241250837222,32.96332601253628,17.77018309428491,32.96332601253628,25.728545448801047,0.9313896476936614,0.6034603448090512,2069652.3863034078,2228391.5882385084,0.0,0.0,0.25953568100487284,0.5293766609405082,0.021819646391241506,0.07720603360901485,0.14579133064516128
astronaut,blocks32,0,0.1600161306583325,damaged,0,,,0.0,161.96896611495515,3.9421674087089964,161.96896611495515,11.900529763225133,0.8165018401171859,0.22506934156915412,2429323.567942304,2228391.5882385084,0.0,0.0,0.15385047345842875,0.8416328628858615,4.732119482473253,0.29344243363445405,0.9385395665322581
astronaut,blocks32,0,0.1600161306583325,harmonic,0,,exact sparse solve,0.14833308290690184,33.96679846699617,17.509711319286456,33.96679846699617,25.468073673802593,0.9202130176226482,0.5505523241822818,2024222.467423319,2228391.5882385084,0.0,0.0,0.1608477429196446,0.3847716303258544,8.421919163541507e-30,0.07699331314177588,0.14157006048387097
astronaut,blocks32,0,0.1600161306583325,meanfill,0,,,0.0,78.76310280437019,10.20434727950131,78.76310280437019,18.162709634017446,0.8421163697124066,0.28692783277754097,2146109.810756281,2228391.5882385084,0.0,0.0,0.04248766414863973,0.4010333476852157,1.1089897662832964,0.2917917899171398,0.9387600806451613
astronaut,blocks32,0,0.1600161306583325,tv_converged,1500,symmetric,u_test,66.66191266593523,39.95129675810518,16.100186000385058,39.951296769324536,24.0585483549012,0.9213749271779168,0.5703212752070621,2000925.2495025278,2228391.5882385084,0.0,0.03348664314516129,0.13525233880599666,0.2687175322678382,0.13892409677630538,0.23452296255013835,0.6199596774193549
astronaut,blocks32,0,0.1600161306583325,tv_corrected,200,symmetric,u_test,9.209565500030294,41.592108276118516,15.750584908291557,41.59210950621286,23.708947262807698,0.9017653236787928,0.4840997118164828,2016020.3633559651,2228391.5882385084,0.0,0.003055695564516129,0.0994767777442606,0.2907677546808854,0.1403286343102314,0.19702867363309104,0.5548450100806451
astronaut,blocks32,0,0.1600161306583325,tv_shipped,200,forward,u,6.820853499928489,43.37563096580837,15.385887502048847,43.37563098269447,23.34424470995649,0.8944028823226735,0.4494266566586984,2020218.2660049817,2228391.5882385084,1.8945609910980892,0.0009450604838709678,0.0962364576340053,0.2980577920350083,0.1588397701448259,0.20680540889702081,0.5611454133064516
astronaut,blocks32,0,0.1600161306583325,tv_shipped_feasible,200,forward,u_test,6.820853499928489,43.22690313099288,15.415721151671345,43.22690316831195,23.374083506187482,0.8946393679378215,0.4502210610625698,2020404.6776006394,2228391.5882385084,0.0,0.0010395665322580645,0.0965109471089491,0.297602832436768,0.1575312716880129,0.20602356363594201,0.5601688508064516
astronaut,blocks32,1,0.1600161306583325,biharmonic,0,,skimage,0.22110779106151313,37.09516250865465,16.744458048603512,37.09516250865465,24.70282040311965,0.9248498588552685,0.5699100906673845,2013544.1820581974,2228391.5882385084,0.0,0.0,0.21078807503997352,0.5074419132325458,0.016932289330557928,0.07284886681925845,0.10603578629032258
astronaut,blocks32,1,0.1600161306583325,damaged,0,,,0.0,147.75954112540612,4.739692934455199,147.75954112540612,12.69805528897134,0.8214002417131615,0.23364212539247953,2304655.349469749,2228391.5882385084,0.0,0.0,0.1090159774225408,0.5994245891083,2.2647495609494723,0.3125300469032376,0.9385395665322581
astronaut,blocks32,1,0.1600161306583325,harmonic,0,,exact sparse solve,0.09173104201909155,48.903217285421015,14.344054972896945,48.903217285421015,22.302417327413085,0.908970723563094,0.4936701726660591,1950413.2186143596,2228391.5882385084,0.0,0.0,0.11878824286566704,0.3562188694147368,4.6795070005113484e-30,0.07302293063736162,0.1044921875
astronaut,blocks32,1,0.1600161306583325,meanfill,0,,,0.0,78.70914744081756,10.210299443781805,78.70914744081756,18.168661798297943,0.840257100373046,0.26895211076364034,2035378.9374956181,2228391.5882385084,0.0,0.0,0.03558038133777468,0.29310900950765645,0.5451050977878678,0.29783357490166873,0.9388860887096774
astronaut,blocks32,1,0.1600161306583325,tv_converged,1500,symmetric,u_test,55.99184025009163,62.88194594399319,12.16028415044973,62.88194594414612,20.118646504965866,0.90308152778095,0.47634387999371447,1918863.1564132615,2228391.5882385084,0.0,0.028509324596774195,0.08307125832911563,0.22905212833901564,0.11043462064880856,0.22154120376407102,0.6342615927419355
astronaut,blocks32,1,0.1600161306583325,tv_corrected,200,symmetric,u_test,7.647296875016764,56.126696046201026,13.14741405277153,56.126704250726064,21.10577640728767,0.8963688845257382,0.45244182451919474,1931301.9382659856,2228391.5882385084,0.0,0.002772177419354839,0.07023762616509117,0.24085081119373494,0.10142774983054724,0.22394791889577922,0.5883631552419355
astronaut,blocks32,1,0.1600161306583325,tv_shipped,200,forward,u,5.918251125025563,56.01830368381773,13.164204536390308,56.01830383898037,21.122563825151346,0.8897959311587172,0.42229545287233633,1934143.4050992953,2228391.5882385084,1.7573446849297127,0.0013230846774193547,0.07001063285511445,0.24420326304104056,0.1094205321691032,0.22912434909864246,0.5979082661290323
astronaut,blocks32,1,0.1600161306583325,tv_shipped_feasible,200,forward,u_test,5.918251125025563,56.0192845804531,13.164052445292072,56.019284724012564,21.122414799808208,0.8901029668456522,0.4234532297567888,1934404.2307576565,2228391.5882385084,0.0,0.0013230846774193547,0.0700410054685734,0.24389888456226297,0.10888919477783397,0.2288018065210463,0.5981602822580645
astronaut,blocks32,2,0.1600161306583325,biharmonic,0,,skimage,0.10309712507296354,34.3579269441104,17.410264570625515,34.3579269441104,25.368626925141655,0.9281461379813062,0.5876448980255013,1994735.171525124,2228391.5882385084,0.0,0.0,0.200345649780981,0.41216588170171525,0.015181723429424435,0.08603453326535974,0.1622983870967742
astronaut,blocks32,2,0.1600161306583325,damaged,0,,,0.0,163.73022202094975,3.8482265939896916,163.73022202094975,11.80658894850583,0.8108655336978597,0.1941874690981485,2375829.2242696807,2228391.5882385084,0.0,0.0,0.12264047517850885,0.6825260868762845,2.663180569981853,0.3013231361014176,0.938508064516129
astronaut,blocks32,2,0.1600161306583325,harmonic,0,,exact sparse solve,0.06579966691788286,34.258664269341324,17.43539508860717,34.258664269341324,25.393757443123306,0.9184067784887279,0.5376121189425732,1950895.178347793,2228391.5882385084,0.0,0.0,0.1254353319618768,0.2965126088814435,4.680299589085994e-30,0.08957303309399642,0.15149319556451613
astronaut,blocks32,2,0.1600161306583325,meanfill,0,,,0.0,73.72297443806802,10.778746628476268,73.72297443806802,18.737108982992407,0.8427697948481351,0.27597049771671195,2064746.1801705589,2228391.5882385084,0.0,0.0,0.05617068154957833,0.3078838683458446,0.5604468525192381,0.3089503595588622,0.9388860887096774
astronaut,blocks32,2,0.1600161306583325,tv_converged,1500,symmetric,u_test,36.667615707963705,35.31311861200917,17.17208214544914,35.313118630011544,25.13044449996528,0.9188995247151076,0.5564411919563345,1925724.2093742709,2228391.5882385084,0.0,0.03219506048387097,0.11712143577087471,0.1990276704747551,0.06827256529316822,0.2852721502414195,0.6981476814516129
astronaut,blocks32,2,0.1600161306583325,tv_corrected,200,symmetric,u_test,5.203813583008014,41.644081264099846,15.739737902946214,41.64409295083403,23.69810025746235,0.9000758874924145,0.4646793097093905,1936673.1753816043,2228391.5882385084,0.0,0.002803679435483871,0.08545001439852917,0.2065765859885697,0.07872434826686267,0.25531370139013865,0.633757560483871
astronaut,blocks32,2,0.1600161306583325,tv_shipped,200,forward,u,4.211279958020896,42.962661220799056,15.468980111221464,42.96266152647516,23.4273334620327,0.8929145072551266,0.43164603916174515,1940094.115901536,2228391.5882385084,2.5864267453068663,0.0017956149193548386,0.0829874979625002,0.21008396196178875,0.0867329803922942,0.25612656070006934,0.6554309475806451
astronaut,blocks32,2,0.1600161306583325,tv_shipped_feasible,200,forward,u_test,4.211279958020896,42.84547492700897,15.492704384779907,42.84547530545998,23.451066739296046,0.8933123987749737,0.43325488920221744,1940341.7299338558,2228391.5882385084,0.0,0.0017956149193548386,0.08321281409406835,0.2097570752576402,0.08605193830655976,0.2561149247478461,0.6544858870967742
astronaut,blocks64,0,0.16517794132473032,biharmonic,0,,skimage,0.47866058303043246,48.06507009159771,14.494212009381254,48.06507009159771,22.31469151904106,0.9173964589595166,0.5242562118497661,1985422.06940543,2228391.5882385084,0.0,0.0,0.11858354479335576,0.3314222393797679,0.010853850933393335,0.09409340592027818,0.2205810546875
astronaut,blocks64,0,0.16517794132473032,damaged,0,,,0.0,168.9297732181666,3.576679627936283,168.9297732181666,11.39715913759609,0.8446532792502267,0.25618645343368324,2167540.3726932686,2228391.5882385084,0.0,0.0,0.04473105683076746,0.43510706604266003,1.7766917834993843,0.5149006387420699,0.968994140625
astronaut,blocks64,0,0.16517794132473032,harmonic,0,,exact sparse solve,0.15134687500540167,39.91014506358789,16.10913748186296,39.91014506358789,23.929616991522764,0.9002511827202432,0.4312718084579355,1954804.8376558193,2228391.5882385084,0.0,0.0,0.07225848141498939,0.24605094667150249,5.0178739874104734e-30,0.08077884900591696,0.044891357421875
astronaut,blocks64,0,0.16517794132473032,meanfill,0,,,0.0,76.07240157883672,10.506261068783658,76.07240157883672,18.326740578443463,0.8620270606356012,0.3054997736967932,1988050.6480312524,2228391.5882385084,0.0,0.0,0.013639813711381392,0.17883007913528134,0.3439535991686631,0.5666393782669996,0.9691162109375
astronaut,blocks64,0,0.16517794132473032,tv_converged,1500,symmetric,u_test,59.7918417500332,39.203998283827296,16.264196378446588,39.203998283827296,24.084675888106393,0.9102304368493099,0.4987232067894384,1936824.9518750196,2228391.5882385084,0.0,0.000244140625,0.04336205160369003,0.1608856288441142,0.0541122084053748,0.22287296534006454,0.670806884765625
astronaut,blocks64,0,0.16517794132473032,tv_corrected,200,symmetric,u_test,7.857683125068434,76.81070517171905,10.422368564036066,76.81070518170324,18.24284807369587,0.8799861089997513,0.3631559035883214,1979689.2204524516,2228391.5882385084,0.0,0.00018310546875,0.030621389617749465,0.21739494550806193,0.22632975286455162,0.44419009653298686,0.686614990234375
astronaut,blocks64,0,0.16517794132473032,tv_shipped,200,forward,u,6.125437292037532,80.67063999452145,9.996493560687163,80.67063999452145,17.81697094554468,0.8784113863220955,0.35756816711929684,1984396.5295339813,2228391.5882385084,2.161509078016593,0.0,0.03067395885040634,0.22505913722925933,0.24961942261994197,0.4510594290425207,0.691253662109375
astronaut,blocks64,0,0.16517794132473032,tv_shipped_feasible,200,forward,u_test,6.125437292037532,80.37877803305034,10.027975618719083,80.37877803305034,17.848455128378887,0.8785550054912066,0.35809412188632267,1984559.322460036,2228391.5882385084,0.0,0.0,0.030651314557711733,0.22454462968548353,0.24806473027517784,0.45055647914334285,0.6898193359375
astronaut,blocks64,1,0.16517794132473032,biharmonic,0,,skimage,0.44562162493821234,53.31699602747479,13.593490158224803,53.31699602747479,21.413969667884608,0.9076336111733091,0.4680718645618652,2040437.356476882,2228391.5882385084,0.0,0.0,0.1728567234512738,0.45577932264322624,0.013633527096243929,0.09274487471155866,0.17303466796875
astronaut,blocks64,1,0.16517794132473032,damaged,0,,,0.0,168.87206121059558,3.5796475226149966,168.87206121059558,11.400127032274801,0.846462924846449,0.25492511627516545,2176210.1184308515,2228391.5882385084,0.0,0.0,0.10332274322436245,0.45721530765958324,1.795670732654388,0.5175714596994341,0.96905517578125
astronaut,blocks64,1,0.16517794132473032,harmonic,0,,exact sparse solve,0.1569146669935435,48.793305508043446,14.363598799917757,48.793305508043446,22.184078309577558,0.8952831361357632,0.40423504537130805,1979574.6219586437,2228391.5882385084,0.0,0.0,0.08960317725651207,0.2722306866355204,5.6286488591114385e-30,0.09761388811363032,0.072113037109375
astronaut,blocks64,1,0.16517794132473032,meanfill,0,,,0.0,83.99982583075688,9.645235897160429,83.99982583075688,17.465715406820234,0.8577041708719986,0.2821881898978526,2022322.5931976463,2228391.5882385084,0.0,0.0,0.037912168889374646,0.21467937203444606,0.42195031766585417,0.5226507093391913,0.96905517578125
astronaut,blocks64,1,0.16517794132473032,tv_converged,1500,symmetric,u_test,54.836801833007485,62.640375616979874,12.193716543424475,62.64037695910164,20.01419605308428,0.9036558928181683,0.46839962973497634,1952952.9111926567,2228391.5882385084,0.0,0.057586669921875,0.0503460301417718,0.15267152421759045,0.10518756702610987,0.3269575466438445,0.736663818359375
astronaut,blocks64,1,0.16517794132473032,tv_corrected,200,symmetric,u_test,7.285008250037208,87.81795001997949,9.259137710178532,87.81795003772343,17.079617219838337,0.8742643618963655,0.33701918184343793,2013051.3714176079,2228391.5882385084,0.0,0.000701904296875,0.04570185136565238,0.26172277551585543,0.26745361050841115,0.4326985653682069,0.755157470703125
astronaut,blocks64,1,0.16517794132473032,tv_shipped,200,forward,u,5.999692208017223,91.10473699584256,8.939984434165165,91.1047369959452,16.76046307315436,0.8731728682366805,0.3332579265497155,2017932.137225469,2228391.5882385084,1.8890720053435928,0.00030517578125,0.04731697246810156,0.27068594187229744,0.2882646890061672,0.43261782507165586,0.75244140625
astronaut,blocks64,1,0.16517794132473032,tv_shipped_feasible,200,forward,u_test,5.999692208017223,90.85719611993449,8.963617004105775,90.85719612000324,16.78409651376558,0.8732569102117841,0.3335260715475352,2018033.8123490475,2228391.5882385084,0.0,0.00030517578125,0.04719635413697034,0.26992765877811553,0.2872934477827944,0.43303634572823685,0.75244140625
astronaut,blocks64,2,0.16517794132473032,biharmonic,0,,skimage,0.17327083298005164,45.7835087239579,14.916622153371597,45.7835087239579,22.7371016630314,0.8969004712419231,0.40543262206958003,1845405.7580675583,2228391.5882385084,0.0,0.0,0.10467437950786695,0.2671140650816552,0.0056518212917674076,0.09210425364564871,0.124176025390625
astronaut,blocks64,2,0.16517794132473032,damaged,0,,,0.0,147.72005166275463,4.742014591347054,147.72005166275463,12.56249410100686,0.8435850206956373,0.23809568301388875,1963621.1427525245,2228391.5882385084,0.0,0.0,0.0625064607344136,0.26833806226009216,0.6743874074117563,0.5155791307210013,0.96905517578125
astronaut,blocks64,2,0.16517794132473032,harmonic,0,,exact sparse solve,0.07648575003258884,43.25410591324732,15.410256821989847,43.25410591324732,23.230736331649652,0.8906807058879289,0.378316543498919,1797926.9642559302,2228391.5882385084,0.0,0.0,0.054996917449451836,0.1728066336497928,3.234219969228391e-30,0.10421896077355398,0.10980224609375
astronaut,blocks64,2,0.16517794132473032,meanfill,0,,,0.0,71.75990296374718,11.013166753314476,71.75990296374718,18.833646262974284,0.8590545620266209,0.27689414722428823,1814599.5418228388,2228391.5882385084,0.0,0.0,0.020485500264758576,0.11129977868609914,0.14523966730698643,0.5926837561578489,0.969268798828125
astronaut,blocks64,2,0.16517794132473032,tv_converged,1500,symmetric,u_test,37.068366166902706,48.843372571038344,14.354690733188143,48.843372571038344,22.175170242847948,0.8877508968738518,0.37864411770043294,1775639.3729567265,2228391.5882385084,0.0,0.0,0.03471283166520963,0.10433703523373819,0.040031088797156736,0.35967995362046845,0.782196044921875
astronaut,blocks64,2,0.16517794132473032,tv_corrected,200,symmetric,u_test,5.05501870799344,68.14471681169779,11.462159787060626,68.1447168227796,19.282639296720433,0.8775456608909693,0.33869670662115314,1792814.903857101,2228391.5882385084,0.0,0.00018310546875,0.030496004954400933,0.12116718002739985,0.07415531251318588,0.4519029394241456,0.807830810546875
astronaut,blocks64,2,0.16517794132473032,tv_shipped,200,forward,u,4.036074542091228,70.5924000859113,11.155644652349865,70.5924000859113,18.976121518162937,0.8754901948682853,0.3309933875602449,1796652.1348344947,2228391.5882385084,1.9112982269501515,0.0,0.03208860857098007,0.1270135900617777,0.08107938925351135,0.45384600900560246,0.795989990234375
astronaut,blocks64,2,0.16517794132473032,tv_shipped_feasible,200,forward,u_test,4.036074542091228,70.39966953203091,11.179391198777846,70.39966953203091,18.99987070843765,0.8756964630867027,0.331768864120404,1796852.640362658,2228391.5882385084,0.0,0.0,0.03193953920653482,0.12646385344842728,0.08060075247718942,0.4540648348687887,0.79620361328125
astronaut,blocks8,0,0.16227442282488155,biharmonic,0,,skimage,0.0741949169896543,16.06750802313608,24.011833099824365,16.06750802313608,31.90933236868321,0.969295694107808,0.8769885574870495,2110734.430813484,2228391.5882385084,0.0,0.0,0.46077498340482104,0.6962940133696759,0.06043318477924984,0.08075512372668052,0.13472291252485089
astronaut,blocks8,0,0.16227442282488155,damaged,0,,,0.0,158.51882738875952,4.129186587325379,158.51882738875952,12.026685856184216,0.6060514159814151,0.11109089014817805,3996778.4627215657,2228391.5882385084,0.0,0.0,0.6858679041076196,3.0796229861484963,16.880778032350136,0.08635078415947567,0.7661530815109344
astronaut,blocks8,0,0.16227442282488155,harmonic,0,,exact sparse solve,0.08124391594901681,17.70984684092609,23.16650750224438,17.70984684092609,31.06400677110322,0.9611010556738251,0.8512746689080174,2070827.1187950862,2228391.5882385084,0.0,0.0,0.3392174350065749,0.5708082773457183,4.5962302793955044e-30,0.08067960174760867,0.1418364811133201
astronaut,blocks8,0,0.16227442282488155,meanfill,0,,,0.0,74.97640749550796,10.632311062550013,74.97640749550796,18.52981033140885,0.7058820200451227,0.27141772352468524,2811772.5857486026,2228391.5882385084,0.0,0.0,0.23475489006499842,1.408053223289872,3.7533271373434327,0.09364344640688801,0.766712226640159
astronaut,blocks8,0,0.16227442282488155,tv_converged,1500,symmetric,u_test,46.39852908393368,17.659383310511874,23.19129294153564,17.65938331181727,31.088792210394477,0.9635474899104535,0.8591103302789885,2042292.3025267734,2228391.5882385084,0.0,0.0456013916500994,0.36434494330629064,0.45809592379291164,0.1473318896260727,0.15916848512394743,0.4283051689860835
astronaut,blocks8,0,0.16227442282488155,tv_corrected,200,symmetric,u_test,6.532535000005737,17.68672752774564,23.177853901433046,17.686727535305916,31.075353170291887,0.9634943706631118,0.8590067734621171,2042348.5339202385,2228391.5882385084,0.0,0.014320328031809146,0.3608533691519352,0.45806334975958496,0.13643128290820028,0.1541571888774752,0.428243041749503
astronaut,blocks8,0,0.16227442282488155,tv_shipped,200,forward,u,5.231477041961625,17.69205893550547,23.175236060382108,17.692058953937536,31.07272889979197,0.9634831385147887,0.8589745101990073,2041828.6799164726,2228391.5882385084,0.2119355788235823,0.019973906560636183,0.3604907154576006,0.458040688801542,0.13593785966756108,0.1538383400941265,0.42818091451292245
astronaut,blocks8,0,0.16227442282488155,tv_shipped_feasible,200,forward,u_test,5.231477041961625,17.6914379341528,23.175540945409992,17.691437954038477,31.073040214268836,0.9634856186227068,0.858979953747682,2042353.047720893,2228391.5882385084,0.0,0.012705019880715705,0.36054440007219385,0.4580802224587079,0.13602952287374917,0.15387758471642493,0.42783921471172964
astronaut,blocks8,1,0.16227442282488155,biharmonic,0,,skimage,0.09183666703756899,17.866383114024877,23.0900707595806,17.866383114024877,30.987570028439436,0.9675930368908062,0.8714775141807957,2096467.8937907317,2228391.5882385084,0.0,0.0,0.46240717271603876,0.689302813188438,0.0625536641063063,0.07883961004203338,0.13267271371769385
astronaut,blocks8,1,0.16227442282488155,damaged,0,,,0.0,159.49672351173294,4.0757682903310934,159.49672351173294,11.973267559189933,0.6036001595257308,0.10243151232762597,3986293.3207015814,2228391.5882385084,0.0,0.0,0.602932524159318,2.838219873320531,15.010089545480412,0.08589703328619236,0.7659045725646123
astronaut,blocks8,1,0.16227442282488155,harmonic,0,,exact sparse solve,0.053841124987229705,19.509152947719127,22.32603533828488,19.509152947719127,30.223534607143712,0.958798508417812,0.8443754425500729,2057579.9317378076,2228391.5882385084,0.0,0.0,0.3413905215968999,0.5724161523418116,3.958814812934033e-30,0.07658316992441601,0.1452534791252485
astronaut,blocks8,1,0.16227442282488155,meanfill,0,,,0.0,74.35604691564775,10.704477753318823,74.35604691564775,18.601977022177664,0.7104471304765204,0.282229335345038,2769718.1969307624,2228391.5882385084,0.0,0.0,0.20688959785079564,1.2766074636012505,3.247589690282887,0.09320447844808123,0.767178180914513
astronaut,blocks8,1,0.16227442282488155,tv_converged,1500,symmetric,u_test,57.16861783398781,19.735989806999402,22.225625365025504,19.735989809639722,30.123124633884345,0.9607643943265937,0.849723018353655,2026288.4497086348,2228391.5882385084,0.0,0.05308772365805169,0.37345842122648865,0.46283270005794014,0.15224453537705973,0.149060753795618,0.4171533300198807
astronaut,blocks8,1,0.16227442282488155,tv_corrected,200,symmetric,u_test,7.650520999915898,19.663587896772736,22.25754833203922,19.663587943497852,30.155047600898058,0.9607819026255995,0.8498209713863966,2026352.9023150383,2228391.5882385084,0.0,0.010996520874751491,0.36986424804780593,0.46269468705102684,0.1405852864948708,0.14441283200648913,0.41684269383697814
astronaut,blocks8,1,0.16227442282488155,tv_shipped,200,forward,u,5.966279082931578,19.654701477958717,22.261474568690808,19.65470155943748,30.15896863758604,0.9607809403666998,0.8498255293311743,2025834.839912573,2228391.5882385084,0.17768773931508228,0.019166252485089463,0.3696476152146668,0.46267007259859705,0.14007913691139232,0.144264829989415,0.4169358846918489
astronaut,blocks8,1,0.16227442282488155,tv_shipped_feasible,200,forward,u_test,5.966279082931578,19.655358190586977,22.261184356289117,19.65535827278874,30.158683625147958,0.9607823210204046,0.8498265411001107,2026358.6005767013,2228391.5882385084,0.0,0.015376491053677933,0.3697097976994856,0.4627069112253567,0.1401725714550161,0.1442935108663818,0.41674950298210733
astronaut,blocks8,2,0.16227442282488155,biharmonic,0,,skimage,0.060417291009798646,16.582430811784988,23.73783973003389,16.582430811784988,31.63533899889273,0.9688846816939697,0.8745481286035324,2105549.9088940634,2228391.5882385084,0.0,0.0,0.4619424313021552,0.6873696205526557,0.05688541180120714,0.07770276301763632,0.12891401590457258
astronaut,blocks8,2,0.16227442282488155,damaged,0,,,0.0,157.78915245687244,4.169260740216586,157.78915245687244,12.066760009075423,0.6052469287765891,0.1028752777523521,3990705.7687233454,2228391.5882385084,0.0,0.0,0.6416041121683834,3.02401223298484,16.885018667801454,0.0863955666395951,0.7658113817097415
astronaut,blocks8,2,0.16227442282488155,harmonic,0,,exact sparse solve,0.05470883392263204,18.299195125513545,22.88216384711463,18.299195125513545,30.77966311597347,0.9602768081229746,0.8479734530067276,2070702.8848529458,2228391.5882385084,0.0,0.0,0.34907078857508855,0.5753600226913795,4.6572479799522316e-30,0.07831306308610707,0.1418364811133201
astronaut,blocks8,2,0.16227442282488155,meanfill,0,,,0.0,73.37997194491045,10.819252781123506,73.37997194491045,18.716752049982343,0.7124580198828875,0.2824572095848734,2780175.281212643,2228391.5882385084,0.0,0.0,0.22314722754323774,1.3605431057492618,3.6343863123003697,0.09389159735762294,0.767426689860835
astronaut,blocks8,2,0.16227442282488155,tv_converged,1500,symmetric,u_test,44.90891308395658,17.923430277844577,23.062380993036285,17.923430331439818,30.959880261895126,0.9628019893596478,0.8558848714679015,2042275.624563474,2228391.5882385084,0.0,0.05386431411530815,0.3823462316702657,0.46117858386726773,0.14214269123900442,0.14804842676420374,0.4182094930417495
astronaut,blocks8,2,0.16227442282488155,tv_corrected,200,symmetric,u_test,7.023088542046025,17.88629427807859,23.080396172722715,17.886294350108027,30.977895441581556,0.9628161044908,0.8559425036393328,2042342.2455952286,2228391.5882385084,0.0,0.0112139662027833,0.3790997488786462,0.46120490057267355,0.13201116074556948,0.14446640243785167,0.418147365805169
astronaut,blocks8,2,0.16227442282488155,tv_shipped,200,forward,u,5.455553208012134,17.881733215006026,23.082611385216772,17.881733320289673,30.980104260080786,0.9628146933564949,0.8559411449013612,2041817.577879031,2228391.5882385084,0.19207246884322948,0.023701540755467196,0.37893538817449535,0.4611842791345234,0.1313727850890456,0.1441344736889564,0.4182094930417495
astronaut,blocks8,2,0.16227442282488155,tv_shipped_feasible,200,forward,u_test,5.455553208012134,17.882095114479604,23.08243559761044,17.88209521942903,30.97993486646928,0.9628157613052615,0.8559422430320702,2042346.995706237,2228391.5882385084,0.0,0.015997763419483103,0.37898610024373736,0.46122246879844236,0.13147633239800463,0.1441646767513798,0.4182094930417495
astronaut,canonical,0,0.16232483113217058,biharmonic,0,,skimage,0.12204683397430927,20.342022659857584,21.962920933560923,20.342022659857584,29.859071336111114,0.9639258977264253,0.8269347826243205,2099474.100843369,2228391.5882385084,0.0,0.0,0.4833260764689459,0.68409382675647,0.0753699419697975,0.10016720416668715,0.11614185454319607
astronaut,canonical,0,0.16232483113217058,damaged,0,,,0.0,162.67454557329074,3.9044115643126327,162.67454557329074,11.800561966862826,0.6323829872652645,0.1499249850815783,4650659.007285742,2228391.5882385084,0.0,0.0,0.7839076053376932,3.9376621266044523,31.870535070290586,0.07875989482983829,0.7124712750760822
astronaut,canonical,0,0.16232483113217058,harmonic,0,,exact sparse solve,0.0769550409168005,23.197707713153175,20.82190216664864,23.197707713153175,28.71805256919884,0.9539904002912702,0.7845996316607131,2066682.2958917113,2228391.5882385084,0.0,0.0,0.3788973482765236,0.585552869915856,4.4145500343954585e-30,0.10206403122808293,0.11607974659959008
astronaut,canonical,0,0.16232483113217058,meanfill,0,,,0.0,74.30320341193296,10.710652853215754,74.30320341193296,18.60680325576595,0.7297570602066062,0.30609962661941165,3035531.6573357265,2228391.5882385084,0.0,0.0,0.2785735444252399,1.7283014101669154,6.73888934249615,0.08355123765528943,0.713496056145581
astronaut,canonical,0,0.16232483113217058,tv_converged,1500,symmetric,u_test,43.66533637500834,27.468719958601174,19.354035172993548,27.468719962309887,27.25018557554374,0.9544202113911124,0.7856741577033084,2042008.8927686778,2228391.5882385084,0.0,0.01577541767592075,0.390459424858533,0.4936892586576495,0.15742837588782918,0.1562306604478799,0.38562822184957457
astronaut,canonical,0,0.16232483113217058,tv_corrected,200,symmetric,u_test,6.021415958064608,32.568349073087276,17.874888723915504,32.568601028180254,25.771039126465702,0.951222002180972,0.769373667293343,2043994.1268245054,2228391.5882385084,0.0,0.026923793553195453,0.3843056679154757,0.49518693217676135,0.1626756534301284,0.1571658593464827,0.3955033848829265
astronaut,canonical,0,0.16232483113217058,tv_shipped,200,forward,u,4.45923150004819,33.26140645060067,17.691991422481912,33.261406484246514,25.58813425554359,0.9491013574578163,0.7577806062982729,2044188.8526021447,2228391.5882385084,2.1040392481251047,0.008291410471399292,0.3837887251334751,0.4964064088178958,0.165501748714451,0.15723900314364556,0.38177752934600334
astronaut,canonical,0,0.16232483113217058,tv_shipped_feasible,200,forward,u_test,4.45923150004819,33.20662133810963,17.706309811773625,33.20662137189683,25.60246021432382,0.9491632215661463,0.7579828997838256,2044749.098198408,2228391.5882385084,0.0,0.008695112104838209,0.3838227027640572,0.4965496768432576,0.16532601955815007,0.157156011281668,0.3804422085584746
astronaut,dropout,0,0.16229962697852607,biharmonic,0,,skimage,0.040972040966153145,7.117079353142856,31.08476744672837,7.117079353142856,38.98159223006519,0.9921375625492529,0.9912771417538803,2162406.492925246,2228391.5882385084,0.0,0.0,0.8257637266263712,0.8879626419034766,0.18117320081214075,0.10211297608613366,0.10851942727583315
astronaut,dropout,0,0.16229962697852607,damaged,0,,,0.0,158.1150166562057,4.1513412459328825,158.1150166562057,12.048166029269696,0.21966627945158304,0.205375838687685,14215096.752327992,2228391.5882385084,0.0,0.0,3.3836842110648524,15.888986102620876,307.735208810305,0.02032419604593225,0.026710563095940616
astronaut,dropout,0,0.16229962697852607,harmonic,0,,exact sparse solve,0.0351532920030877,8.439844110742158,29.604115108558688,8.439844110742158,37.500939891895506,0.9905909927025935,0.9896222793107603,2144224.757397926,2228391.5882385084,0.0,0.0,0.7703675982443453,0.8494302041223516,2.016449750682378e-30,0.10120077888253393,0.11435848060378297
astronaut,dropout,0,0.16229962697852607,meanfill,0,,,0.0,74.06312487792621,10.738762970854115,74.06312487792621,18.63558775419093,0.4668230515710362,0.45030486848892454,7265468.283739393,2228391.5882385084,0.0,0.0,1.1974719464470733,7.238119723720394,66.28842432200751,0.023835956834616017,0.02770444451346399
astronaut,dropout,0,0.16229962697852607,tv_converged,1500,symmetric,u_test,48.99575258290861,7.736519469206219,30.359891152858694,7.736519475163852,38.25671593619551,0.991541136376504,0.9905118479042054,2122877.43212477,2228391.5882385084,0.0,0.050159952790632664,0.8059364909298179,0.8074268306834668,0.2552960285145545,0.12030628562977516,0.17877441997701649
astronaut,dropout,0,0.16229962697852607,tv_corrected,200,symmetric,u_test,6.73692162509542,7.7364277294096855,30.35999415091561,7.7364278425346305,38.25681893425242,0.9915392777427952,0.9905104809344404,2122912.963061369,2228391.5882385084,0.0,0.027238562598999906,0.8057882024853407,0.8074688736272444,0.25470544373854315,0.12021176439669455,0.17861912600552846
astronaut,dropout,0,0.16229962697852607,tv_shipped,200,forward,u,5.6833002920029685,7.736333745069196,30.360099670232323,7.7363338371999095,38.2568860607553,0.9915381731640511,0.9905094199430708,2122318.5248403302,2228391.5882385084,0.20867625561565528,0.030530794794546075,0.8057986826726429,0.8073002358927781,0.2546924286142521,0.12023947737536718,0.17927136068577817
astronaut,dropout,0,0.16229962697852607,tv_shipped_feasible,200,forward,u_test,5.6833002920029685,7.7363441437295215,30.360087995250574,7.736344233278605,38.256912778587385,0.9915392394908974,0.9905105049845075,2122913.132782814,2228391.5882385084,0.0,0.03084138273752213,0.8058016952122189,0.8074721326121749,0.2547074588113491,0.12021538182254451,0.17861912600552846
astronaut,dropout,1,0.16229962697852607,biharmonic,0,,skimage,0.0688109170878306,6.962376207066082,31.27565388113978,6.962376207066082,39.17247866447659,0.9919109260250676,0.9910358321999302,2160056.581652548,2228391.5882385084,0.0,0.0,0.8352037914436408,0.8866666641740469,0.17893210842447393,0.10208580224469745,0.1070596639438457
astronaut,dropout,1,0.16229962697852607,damaged,0,,,0.0,157.95339960487303,4.160224056879057,157.95339960487303,12.057048840215872,0.22037559356170452,0.2061607828677736,14182610.046836047,2228391.5882385084,0.0,0.0,3.349373629684241,15.714534810801199,309.5410651963381,0.020380777198043425,0.02683479827313104
astronaut,dropout,1,0.16229962697852607,harmonic,0,,exact sparse solve,0.05827695899643004,8.260580725699727,29.7905920155365,8.260580725699727,37.687416798873315,0.990235212800284,0.9892786650218077,2142104.562382131,2228391.5882385084,0.0,0.0,0.7794184992606518,0.8475088526120597,2.0645062187585576e-30,0.10235518696049625,0.11233965897443861
astronaut,dropout,1,0.16229962697852607,meanfill,0,,,0.0,74.28318338267634,10.712993468254282,74.28318338267634,18.6098182515911,0.46648953054794245,0.44846603318291983,7273814.234990939,2228391.5882385084,0.0,0.0,1.1934771424224684,7.196661001460687,66.8543223897592,0.02375723612139286,0.028263502810820886
astronaut,dropout,1,0.16229962697852607,tv_converged,1500,symmetric,u_test,59.89522016700357,7.564208492315511,30.555533792701187,7.564208493519296,38.452358576038,0.9913374860483901,0.990322516348174,2121206.2216581316,2228391.5882385084,0.0,0.05851476845668851,0.812427057257834,0.8083799729458243,0.24435266426484767,0.11963522953388869,0.17731465664502905
astronaut,dropout,1,0.16229962697852607,tv_corrected,200,symmetric,u_test,7.832755125011317,7.558995098638131,30.561522333904506,7.558995255998057,38.45834711724132,0.99133841784856,0.9903224110088292,2121240.1582643604,2228391.5882385084,0.0,0.030251265645867626,0.8122577094043293,0.808385184978247,0.2436030768570899,0.11950059279977589,0.17719042146783862
astronaut,dropout,1,0.16229962697852607,tv_shipped,200,forward,u,6.181646208046004,7.5589182774818955,30.561610608002702,7.5589184157640075,38.45839377474799,0.9913371054674072,0.9903209770716652,2120633.3516974356,2228391.5882385084,0.21534430717731823,0.031245147063390998,0.8122487090651312,0.8082161025886043,0.24359646831962722,0.11951839703744095,0.1776873621766003
astronaut,dropout,1,0.16229962697852607,tv_shipped_feasible,200,forward,u_test,6.181646208046004,7.558987722052933,30.56153081019472,7.558987896666686,38.458355593531536,0.9913381479946526,0.9903220505420535,2121240.35373048,2228391.5882385084,0.0,0.03143149982917663,0.8122511531093786,0.8083830510126294,0.24360849709594712,0.11949546966348598,0.17725253905643382
astronaut,dropout,2,0.16229962697852607,biharmonic,0,,skimage,0.05956383398734033,7.198455586960111,30.98601701896401,7.198455586960111,38.88284180230082,0.9920160182221337,0.9909963631994224,2159350.654483532,2228391.5882385084,0.0,0.0,0.8261984550010498,0.8821206863276709,0.1748109114218748,0.10243919012996312,0.109948131813523
astronaut,dropout,2,0.16229962697852607,damaged,0,,,0.0,158.71627049459815,4.118374610592705,158.71627049459815,12.01519939392952,0.22092372427600687,0.2061883280658511,14248257.610400572,2228391.5882385084,0.0,0.0,3.3321703600366717,15.910017455313422,295.6483818243058,0.020266996046831326,0.02667950430164301
astronaut,dropout,2,0.16229962697852607,harmonic,0,,exact sparse solve,0.04209387500304729,8.476264165789873,29.56671394484333,8.476264165789873,37.46353872818014,0.9903899808542053,0.9892816065043538,2141030.039744934,2228391.5882385084,0.0,0.0,0.7714448085802006,0.8452023623675711,1.923081357621116e-30,0.10164676645750206,0.11448271578097338
astronaut,dropout,2,0.16229962697852607,meanfill,0,,,0.0,74.49912986711249,10.687779602335642,74.49912986711249,18.584604385672456,0.4680030540529319,0.4467311631806506,7287765.127295132,2228391.5882385084,0.0,0.0,1.1940128278242859,7.278917345200401,63.43170243618394,0.023670574715096995,0.027393856570487932
astronaut,dropout,2,0.16229962697852607,tv_converged,1500,symmetric,u_test,54.44393625005614,7.859456761355726,30.222953028091606,7.859456767219912,38.11977781142842,0.9913380176211105,0.9900331370151144,2119877.2499089246,2228391.5882385084,0.0,0.06162064788644905,0.7985858979106866,0.8024102794131458,0.23053220827054186,0.1188503235085186,0.17911606671429015
astronaut,dropout,2,0.16229962697852607,tv_corrected,200,symmetric,u_test,7.3579510420095176,7.8585025129440105,30.22400768108529,7.858502676422233,38.12083246442211,0.9913376139651155,0.9900325335476174,2119911.2077134335,2228391.5882385084,0.0,0.03975525670093487,0.7983779751196713,0.8024175012993752,0.2302516489701776,0.11884138720234806,0.17892971394850452
astronaut,dropout,2,0.16229962697852607,tv_shipped,200,forward,u,5.870721000013873,7.858580277790468,30.223921729145857,7.858580466876473,38.12070873318456,0.9913364591921257,0.9900313164303641,2119312.7664158978,2228391.5882385084,0.22362907597639747,0.04214678386185048,0.7983514036295173,0.8022352038007621,0.2302838570295424,0.11886538364143615,0.17951983104015903
astronaut,dropout,2,0.16229962697852607,tv_shipped_feasible,200,forward,u_test,5.870721000013873,7.858582428200548,30.223919352352414,7.858582612056408,38.12074413568923,0.9913375361353075,0.9900324285743578,2119911.4670406743,2228391.5882385084,0.0,0.041711960741684005,0.7983542205692575,0.8024072055225743,0.23028593730916855,0.11884024651918619,0.17899183153709972
astronaut,scratch,0,0.1632220990019155,biharmonic,0,,skimage,0.13300862500909716,10.879466386475025,27.398651714473697,10.879466386475025,35.27086212955713,0.9853898671823966,0.9635407144179999,2142470.3058628417,2228391.5882385084,0.0,0.0,0.6376626110469111,0.7939589076093254,0.10854648379441413,0.08915116141033681,0.16263125386040767
astronaut,scratch,0,0.1632220990019155,damaged,0,,,0.0,166.49248121358278,3.7029110970193995,166.49248121358278,11.575121512102836,0.5395293554554148,0.12335802032577745,6183136.754207961,2228391.5882385084,0.0,0.0,1.3053557311269146,6.424981146779088,46.26758972850364,0.051821245925503905,0.5615812229771464
astronaut,scratch,0,0.1632220990019155,harmonic,0,,exact sparse solve,0.0809036249993369,12.789336378270152,25.993843406725354,12.789336378270152,33.86605382180879,0.9809481035964248,0.9518563043753783,2112375.531938528,2228391.5882385084,0.0,0.0,0.513109602773918,0.6921409767819676,3.777008765987207e-30,0.08650796197086373,0.16803582458307598
astronaut,scratch,0,0.1632220990019155,meanfill,0,,,0.0,77.31239150069158,10.365821458882834,77.31239150069158,18.23803187396627,0.673792979360165,0.3369181227546962,3729680.5514252465,2228391.5882385084,0.0,0.0,0.4427756217999475,2.856198015036334,9.919911313700014,0.054373465546005466,0.5634342186534899
astronaut,scratch,0,0.1632220990019155,tv_converged,1500,symmetric,u_test,45.91940829192754,13.233963034477128,25.697005264194527,13.233963036150985,33.56921567927796,0.9810303342537401,0.9512342273220686,2086447.7552120027,2228391.5882385084,0.0,0.07134033353922174,0.5331718971389025,0.5992318214687307,0.2140931891985397,0.1388950596638516,0.3439777640518839
astronaut,scratch,0,0.1632220990019155,tv_corrected,200,symmetric,u_test,5.927506792009808,13.222874897143985,25.70428582758273,13.22287493903001,33.57649624266617,0.9810176095080314,0.9512213529574625,2086490.4970103423,2228391.5882385084,0.0,0.052686843730697965,0.531361039515732,0.5991522697213869,0.20994432796801224,0.1375260818999358,0.3445336627547869
astronaut,scratch,0,0.1632220990019155,tv_shipped,200,forward,u,5.506110207992606,13.225206992513195,25.70275404746049,13.225207022652128,33.57495261417836,0.9810142285611503,0.951214239022798,2085943.0947832006,2228391.5882385084,0.19658487601606317,0.04515132798023471,0.5312954982029812,0.5990624310468168,0.21002176190321448,0.13755377749920433,0.3449660284126004
astronaut,scratch,0,0.1632220990019155,tv_shipped_feasible,200,forward,u_test,5.506110207992606,13.225064517425343,25.702847621009543,13.225064558816353,33.57505803609298,0.9810153611464388,0.9512156623772126,2086492.0492134755,2228391.5882385084,0.0,0.04555281037677579,0.5313082316819199,0.5991406672500308,0.21005780106263572,0.1375466181151083,0.3444718962322421
astronaut,scratch,1,0.16330779312430688,biharmonic,0,,skimage,0.13019595807418227,11.349701432078039,27.03111486815175,11.349701432078039,34.90104576848092,0.9843520514270208,0.9588715624529022,2127027.39904781,2228391.5882385084,0.0,0.0,0.6154211388154376,0.767712623670984,0.09922452557789423,0.08877668427619195,0.1305985122079205
astronaut,scratch,1,0.16330779312430688,damaged,0,,,0.0,160.5868904530731,4.01660183543924,160.5868904530731,11.886532735768412,0.533068277385887,0.1192401886892903,6158139.327826365,2228391.5882385084,0.0,0.0,1.2716094584252826,6.102333342520006,42.31611559188292,0.05208935582813074,0.5460073463592308
astronaut,scratch,1,0.16330779312430688,harmonic,0,,exact sparse solve,0.08802362508140504,13.436846895621954,25.56485623505104,13.436846895621954,33.434787135380205,0.9791745004430972,0.9455188404010942,2097756.0026004296,2228391.5882385084,0.0,0.0,0.49719698926311007,0.6771188629935279,3.653728860818355e-30,0.08685448587551617,0.13590764576967004
astronaut,scratch,1,0.16330779312430688,meanfill,0,,,0.0,74.35141389299936,10.705018975974486,74.35141389299936,18.574949876303652,0.6724375893535317,0.34446127051014114,3671770.186561345,2228391.5882385084,0.0,0.0,0.4270774196654814,2.647561055819896,9.06992187304848,0.05496042407059477,0.5485693119733308
astronaut,scratch,1,0.16330779312430688,tv_converged,1500,symmetric,u_test,58.22374229202978,14.170787343233961,25.102923993535875,14.17078734551645,32.97285489386504,0.979204751366858,0.944444070385856,2071939.8397525365,2228391.5882385084,0.0,0.05145538167114239,0.5120157300608065,0.5821505215796778,0.19675795867620494,0.1383919334522548,0.318239343149057
astronaut,scratch,1,0.16330779312430688,tv_corrected,200,symmetric,u_test,7.609645750024356,14.1782687549782,25.098339522149537,14.178268801455848,32.9682704224787,0.9791256849685287,0.9442697367208284,2072006.4792519605,2228391.5882385084,0.0,0.02336636108281631,0.5094098375189604,0.5819473115710492,0.19142656889331078,0.1371168370727593,0.318455412538198
astronaut,scratch,1,0.16330779312430688,tv_shipped,200,forward,u,6.218075333046727,14.180440574193698,25.097009124363264,14.180440646871434,32.96692963584865,0.9791222726523053,0.9442591825896011,2071460.3410313907,2228391.5882385084,0.18085406157668543,0.02700867364262123,0.5093640077869763,0.5819081366082199,0.19095978149522586,0.13708351217060996,0.31870234898293054
astronaut,scratch,1,0.16330779312430688,tv_shipped_feasible,200,forward,u_test,6.218075333046727,14.179859526916397,25.09736503826459,14.17985959187442,32.96729593859376,0.9791241594877295,0.9442628783320012,2072010.4000877668,2228391.5882385084,0.0,0.02528011852949347,0.5093911292691834,0.5819873743438236,0.1910098005352765,0.13707677581251979,0.3184245454826064
astronaut,scratch,2,0.162828914205061,biharmonic,0,,skimage,0.11531012505292892,12.186583919740656,26.413163938842,12.186583919740656,34.2958486701212,0.983795222955954,0.9553287491097685,2123489.5614229846,2228391.5882385084,0.0,0.0,0.6020783056868682,0.7679487167713355,0.09207319202604317,0.08477516895810137,0.1330567766701752
astronaut,scratch,2,0.162828914205061,damaged,0,,,0.0,159.43844499794176,4.07894260783932,159.43844499794176,11.961627339118522,0.5448934806431435,0.12445662131317593,6062870.793301495,2228391.5882385084,0.0,0.0,1.1240530606708548,5.75409796704848,35.23009911662778,0.0511223561782487,0.5509875549501578
astronaut,scratch,2,0.162828914205061,harmonic,0,,exact sparse solve,0.05963283299934119,14.0769399976565,25.160638419606414,14.0769399976565,33.04332315088562,0.9783808771408494,0.9407629053535298,2091805.6518727955,2228391.5882385084,0.0,0.0,0.4798951465885761,0.6688333602883941,3.225887344537869e-30,0.08415028794764448,0.14045569933750232
astronaut,scratch,2,0.162828914205061,meanfill,0,,,0.0,71.66948968993493,11.024117365425967,71.66948968993493,18.906802096705167,0.688303316933758,0.3725794953549424,3545787.719969994,2228391.5882385084,0.0,0.0,0.39563918656722247,2.416924617246704,7.0508530011915935,0.05750774341046246,0.5536189709615503
astronaut,scratch,2,0.162828914205061,tv_converged,1500,symmetric,u_test,51.81033120804932,14.279367877585079,25.036623960370413,14.279367880363898,32.91930869164962,0.9778170686638074,0.937173178285415,2064139.1617341933,2228391.5882385084,0.0,0.03971890285431243,0.49478314616062397,0.5760167798997565,0.18497633355191076,0.13684145155738045,0.32632654324809607
astronaut,scratch,2,0.162828914205061,tv_corrected,200,symmetric,u_test,7.21271941694431,14.21506886920163,25.075824246627846,14.215068990268117,32.95850897790705,0.9778742339921794,0.9372489206677355,2064203.0408812964,2228391.5882385084,0.0,0.03423936598353043,0.4949527169931146,0.5752392086218331,0.18001432746690768,0.13508308507323696,0.32632654324809607
astronaut,scratch,2,0.162828914205061,tv_shipped,200,forward,u,5.534644333994947,14.217425242182877,25.074384542068135,14.21742535991336,32.95705879503579,0.9778709315716728,0.9372255810462675,2063650.9408819827,2228391.5882385084,0.19559327419265182,0.023187418735682003,0.4949054397201757,0.5751575357798567,0.18025884242233736,0.1351480893123926,0.3266051637669494
astronaut,scratch,2,0.162828914205061,tv_shipped_feasible,200,forward,u_test,5.534644333994947,14.21719937943462,25.074522530097227,14.217199496890075,32.957207261376425,0.9778723131320739,0.9372291606781086,2064206.6211198373,2228391.5882385084,0.0,0.029719522011020988,0.4949224566987545,0.5752263622923642,0.18030318528955813,0.13514562725794807,0.3264194167543805
camera,blocks16,0,0.1625970359915314,biharmonic,0,,skimage,0.08056558307725936,19.906222976662402,22.151026319736612,19.906222976662402,30.039900074699474,0.9404520865411765,0.7018064959786633,1953096.7344339828,2152690.6448326954,0.0,0.0,0.25942601950846045,0.4437511564537926,0.024947551716600312,0.09938383296330272,0.19924975198412698
camera,blocks16,0,0.1625970359915314,damaged,0,,,0.0,151.8997590496942,4.499661909365603,151.8997590496942,12.388535664328463,0.7456314312980742,0.1908664544358179,2828776.641912715,2152690.6448326954,0.0,0.0,0.30682996848710603,1.5191483750994645,6.260627271444132,0.1576910719718911,0.8790302579365079
camera,blocks16,0,0.1625970359915314,harmonic,0,,exact sparse solve,0.06590483291074634,20.257605684329977,21.999041342519646,20.257605684329977,29.887915097482512,0.9405615764460984,0.7024836422824323,1905482.3742940654,2152690.6448326954,0.0,0.0,0.16598807990154613,0.304385659737847,5.457191733353927e-30,0.11209026179005624,0.2777467757936508
camera,blocks16,0,0.1625970359915314,meanfill,0,,,0.0,74.54444574404535,10.682497808519225,74.54444574404535,18.571371563482085,0.7824428793727134,0.26503873394856076,2303476.651918379,2152690.6448326954,0.0,0.0,0.10603895427575526,0.7564574052812215,1.48800254857992,0.14785077504677357,0.8790612599206349
camera,blocks16,0,0.1625970359915314,tv_converged,1500,symmetric,u_test,56.15484958398156,20.049200347144577,22.08886249523897,20.049200347144577,29.977736250201833,0.9417247820120027,0.7131457924974804,1881236.0824231815,2152690.6448326954,0.0,0.0,0.1703530416577554,0.21429020339965887,0.08124401710772865,0.304019701758842,0.7146267361111112
camera,blocks16,0,0.1625970359915314,tv_corrected,200,symmetric,u_test,6.1960477500688285,20.22016818493135,22.015108336810066,20.22016818493135,29.903982091772928,0.9409930024515297,0.7096455271308895,1881659.1341697443,2152690.6448326954,0.0,0.0,0.14944093527325755,0.21405610595707492,0.06707190079778139,0.2750492360532808,0.7147507440476191
camera,blocks16,0,0.1625970359915314,tv_shipped,200,forward,u,4.895134125021286,20.27079719362048,21.99338703641496,20.27079719362048,29.882258057704718,0.9408318925161155,0.7088801315542779,1881517.483527356,2152690.6448326954,0.3817402640535903,0.0,0.14782240223252718,0.2140865012288637,0.06769557655765308,0.2743253609883282,0.7135416666666666
camera,blocks16,0,0.1625970359915314,tv_shipped_feasible,200,forward,u_test,4.895134125021286,20.266528192638155,21.995216465030737,20.266528192638155,29.884090219993595,0.940847622819976,0.7089524745642412,1881750.9587975661,2152690.6448326954,0.0,0.0,0.14799944792034284,0.21419012180891803,0.06776591993159889,0.2743410059447433,0.7136346726190477
camera,blocks16,1,0.1625970359915314,biharmonic,0,,skimage,0.20093933306634426,23.446703620180035,20.729167733922207,23.446703620180035,28.618041488885066,0.936652012345205,0.6807967906949878,1918218.3864984722,2152690.6448326954,0.0,0.0,0.24749283113485934,0.415598647474695,0.024344101189892598,0.10140013465929558,0.19971478174603174
camera,blocks16,1,0.1625970359915314,damaged,0,,,0.0,155.37925472088943,4.302942928347337,155.37925472088943,12.191816683310197,0.7417274948587977,0.17207174133085104,2803715.9955064575,2152690.6448326954,0.0,0.0,0.23795580713664696,1.3853222228061646,5.24856338995374,0.15363743216672288,0.8791852678571429
camera,blocks16,1,0.1625970359915314,harmonic,0,,exact sparse solve,0.10953995794989169,21.842747470948865,21.34465831225075,21.842747470948865,29.23353206721361,0.9392918261828994,0.6914950700184517,1866990.3657123158,2152690.6448326954,0.0,0.0,0.16293976533240973,0.27786718563876805,4.309384826021706e-30,0.11802727845212138,0.2750496031746032
camera,blocks16,1,0.1625970359915314,meanfill,0,,,0.0,75.04230954806776,10.62467977488727,75.04230954806776,18.513553529850128,0.7842530936246674,0.2625188095526658,2262549.4719761815,2152690.6448326954,0.0,0.0,0.09756598188185527,0.6765308721546223,1.2315218315153196,0.14803971347732978,0.8790922619047619
camera,blocks16,1,0.1625970359915314,tv_converged,1500,symmetric,u_test,56.07673070800956,22.496551032245605,21.088484786432204,22.496551032245605,28.977358541395063,0.938464964467774,0.6936692444732598,1840518.3914065377,2152690.6448326954,0.0,0.0,0.12967489585435296,0.17836559403264104,0.07557053919677616,0.30876109107042615,0.7242683531746031
camera,blocks16,1,0.1625970359915314,tv_corrected,200,symmetric,u_test,7.676434707944281,22.903330752232982,20.93283071111406,22.903330752232982,28.82170446607692,0.9380068560396042,0.6916721508542357,1840843.8840396157,2152690.6448326954,0.0,0.0,0.12118474057496624,0.17772731273265466,0.06907655924199868,0.292848852353834,0.7247333829365079
camera,blocks16,1,0.1625970359915314,tv_shipped,200,forward,u,5.829241208033636,22.95462155392158,20.91340086715968,22.95462155392158,28.802272693000535,0.937942268423106,0.6914144104530023,1840689.9701809613,2152690.6448326954,0.4803755652319328,0.0,0.12002062234536086,0.1776550081802261,0.06890735816988378,0.29213342703081024,0.7241753472222222
camera,blocks16,1,0.1625970359915314,tv_shipped_feasible,200,forward,u_test,5.829241208033636,22.95047571327228,20.91496976981226,22.95047571327228,28.803843524775125,0.9379452409695169,0.6914209882415702,1840906.6739744213,2152690.6448326954,0.0,0.0,0.1201011814974889,0.17772515604271583,0.06892781630426083,0.2921323673524994,0.7239893353174603
camera,blocks16,2,0.1625970359915314,biharmonic,0,,skimage,0.07831220794469118,21.58822057123101,21.446466674864936,21.58822057123101,29.335340429827795,0.9399524817299852,0.6967968637509899,1944923.4229723874,2152690.6448326954,0.0,0.0,0.2519358162922041,0.4322407242952391,0.025520108314065065,0.10199407968001659,0.20241195436507936
camera,blocks16,2,0.1625970359915314,damaged,0,,,0.0,158.3921779358122,4.136128998356252,158.3921779358122,12.02500275331911,0.7406539025600432,0.17322431528681184,2862944.1387923597,2152690.6448326954,0.0,0.0,0.29720239405248067,1.5441453236734832,6.390500229349774,0.1535108720132655,0.8791232638888888
camera,blocks16,2,0.1625970359915314,harmonic,0,,exact sparse solve,0.05908929102588445,21.05843135881558,21.662283258948122,21.05843135881558,29.55115701391098,0.9417836055688662,0.7083594457011968,1892350.4723273942,2152690.6448326954,0.0,0.0,0.1587454132493184,0.2798836089503045,4.977866438349484e-30,0.11795686623037772,0.29640997023809523
camera,blocks16,2,0.1625970359915314,meanfill,0,,,0.0,76.678850011504,10.437291789921977,76.678850011504,18.326165544884837,0.7799576511217785,0.25853133494533775,2314171.466781996,2152690.6448326954,0.0,0.0,0.10064731759981588,0.7644792231493954,1.515712753727396,0.14692281045565697,0.8790612599206349
camera,blocks16,2,0.1625970359915314,tv_converged,1500,symmetric,u_test,43.60203658300452,21.545384718528286,21.463718541892746,21.545384718528286,29.352592296855605,0.9415889078543939,0.7116948292062999,1869404.8207895728,2152690.6448326954,0.0,0.0,0.1489742209227913,0.19129776037827093,0.0726641931055861,0.30608863530006863,0.7294146825396826
camera,blocks16,2,0.1625970359915314,tv_corrected,200,symmetric,u_test,5.872184916981496,22.12520484768895,21.23305760201938,22.12520484768895,29.12193135698224,0.9405468784181944,0.7064268839582142,1870050.240909914,2152690.6448326954,0.0,0.0,0.1317067551433809,0.19182871938856327,0.05719228157954496,0.2669113547238703,0.7279885912698413
camera,blocks16,2,0.1625970359915314,tv_shipped,200,forward,u,4.791917624999769,22.247777426610813,21.185070987348354,22.247777426610813,29.073941681881543,0.9403636614118027,0.7056666096408092,1869840.292401271,2152690.6448326954,0.8705940877318596,0.0,0.13020090612217725,0.19153177422954185,0.05744029127406219,0.26586784316940604,0.7292906746031746
camera,blocks16,2,0.1625970359915314,tv_shipped_feasible,200,forward,u_test,4.791917624999769,22.237140529041433,21.18922479607211,22.237140529041433,29.078098551034973,0.9403848952054187,0.7057545981287607,1870071.934772539,2152690.6448326954,0.0,0.0,0.13033115534779588,0.19162984216700538,0.057501901745149235,0.265906824479682,0.7287326388888888
camera,blocks32,0,0.1600161306583325,biharmonic,0,,skimage,0.3462937499862164,33.323562096795264,17.67577523279767,33.323562096795264,25.634137587313806,0.9313265141086284,0.6139218763312676,1935377.1540470421,2152690.6448326954,0.0,0.0,0.1881456303578516,0.3428232849387649,0.0120688212145933,0.10536348922652432,0.25217363911290325
camera,blocks32,0,0.1600161306583325,damaged,0,,,0.0,147.8361737674293,4.735189332727144,147.8361737674293,12.69355168724328,0.8274117602052617,0.28749356215248,2316247.1844783532,2152690.6448326954,0.0,0.0,0.17935944124021586,0.8029791399433038,3.00354114149749,0.2938631738927054,0.9385710685483871
camera,blocks32,0,0.1600161306583325,harmonic,0,,exact sparse solve,0.24983295903075486,27.393782909471106,19.37776341393448,27.393782909471106,27.336125768450618,0.9357484548666435,0.6388058684405767,1889830.8419254762,2152690.6448326954,0.0,0.0,0.10559151608990412,0.20229341462032902,7.489811340097938e-30,0.12999199352013419,0.3348349294354839
camera,blocks32,0,0.1600161306583325,meanfill,0,,,0.0,74.57038697685086,10.67947567204379,74.57038697685086,18.637838026559926,0.843758892605203,0.331346472392641,2080407.6428950652,2152690.6448326954,0.0,0.0,0.060543350522948895,0.39963999910346876,0.7741810062371114,0.26892778482291907,0.9385395665322581
camera,blocks32,0,0.1600161306583325,tv_converged,1500,symmetric,u_test,66.22776537493337,27.505705116077692,19.342347955014677,27.505705116077692,27.300710309530814,0.9371572152477956,0.6523874520036002,1872872.2461354574,2152690.6448326954,0.0,0.0,0.09009356925219393,0.12872277367178067,0.04986932055989235,0.3933620681275159,0.7856917842741935
camera,blocks32,0,0.1600161306583325,tv_corrected,200,symmetric,u_test,9.332071457989514,30.71724793609308,18.38315754536223,30.71724793609308,26.341519899878367,0.9277677284398107,0.6057119521024379,1880991.104202306,2152690.6448326954,0.0,0.0,0.0744932587682676,0.14839705925320856,0.046298297271473096,0.3093406432524655,0.6446572580645161
camera,blocks32,0,0.1600161306583325,tv_shipped,200,forward,u,6.662374499952421,31.122247654924973,18.26938452299341,31.122247654924973,26.227679868107195,0.9254046426275581,0.597145158075851,1882174.731513811,2152690.6448326954,2.9391764881152476,0.0,0.07434302696797689,0.14962069676695314,0.0513821110679643,0.3188881016316685,0.6821761592741935
camera,blocks32,0,0.1600161306583325,tv_shipped_feasible,200,forward,u_test,6.662374499952421,31.078351250403763,18.28164419235954,31.078351250403763,26.240006546875676,0.9256989011367963,0.5981497801167558,1882760.9721079327,2152690.6448326954,0.0,0.0,0.07437837844102538,0.15045060974369578,0.05093792729494615,0.3161914085865126,0.6770098286290323
camera,blocks32,1,0.1600161306583325,biharmonic,0,,skimage,0.17626204201951623,37.36143312950366,16.682333073204305,37.36143312950366,24.640695427720445,0.9248361627623162,0.5753950425523559,1891960.9417374267,2152690.6448326954,0.0,0.0,0.18509398500398322,0.34321464256553785,0.01740495089009659,0.10851167577089216,0.22936617943548387
camera,blocks32,1,0.1600161306583325,damaged,0,,,0.0,157.28232205383148,4.19720536294111,157.28232205383148,12.155567717457247,0.8166985282676298,0.23201887383398778,2285244.6796322535,2152690.6448326954,0.0,0.0,0.1460053772601088,0.6862140734201048,2.6033921624255805,0.2835761435788904,0.9386340725806451
camera,blocks32,1,0.1600161306583325,harmonic,0,,exact sparse solve,0.12305095908232033,28.078298878452895,19.16338775752959,28.078298878452895,27.12175011204573,0.926665008401214,0.5869759329973989,1836154.2001107614,2152690.6448326954,0.0,0.0,0.09449264594398071,0.199571598055957,5.210479939669148e-30,0.11703178312289395,0.3460811491935484
camera,blocks32,1,0.1600161306583325,meanfill,0,,,0.0,74.52170201602004,10.685148303163212,74.52170201602004,18.643510657679347,0.8414534405183,0.302005179932631,2000062.1915990238,2152690.6448326954,0.0,0.0,0.04468448670555376,0.31230480207873423,0.5766400713389023,0.28273372999252816,0.9386655745967742
camera,blocks32,1,0.1600161306583325,tv_converged,1500,symmetric,u_test,54.35916495800484,29.12490321211914,18.845513792898828,29.12490321211914,26.803876147414964,0.9272450421108419,0.5983752961922094,1813190.5044644384,2152690.6448326954,0.0,0.0,0.07309149603495224,0.11464102078861367,0.06259066078667984,0.39512503926127746,0.7982925907258065
camera,blocks32,1,0.1600161306583325,tv_corrected,200,symmetric,u_test,7.533292790991254,30.398404577392775,18.473787792699333,30.398404577392775,26.432150147215467,0.917343829549548,0.5514017231947637,1822654.9052519328,2152690.6448326954,0.0,0.0,0.05904187494833523,0.12956272514320905,0.04595775837700691,0.2957011509913729,0.678742439516129
camera,blocks32,1,0.1600161306583325,tv_shipped,200,forward,u,5.806832666974515,31.36538538780162,18.201791046667243,31.36538538780162,26.160081329980365,0.9147157497278215,0.5400564368038907,1823733.8589175025,2152690.6448326954,2.6241198298704482,0.0,0.05791190121972602,0.12995187027612093,0.0499725463375024,0.3031065662528831,0.7052986391129032
camera,blocks32,1,0.1600161306583325,tv_shipped_feasible,200,forward,u_test,5.806832666974515,31.283099156428072,18.224608183926158,31.283099156428072,26.182970538442298,0.9147759572461958,0.5399167814512842,1824419.43934451,2152690.6448326954,0.0,0.0,0.05803323916931237,0.130823516498505,0.04965262178793444,0.3002410398470404,0.6983681955645161
camera,blocks32,2,0.1600161306583325,biharmonic,0,,skimage,0.1011751249898225,34.193169089450166,17.4520165302851,34.193169089450166,25.41037888480124,0.9244316037972197,0.5735465643911456,1887596.7634660425,2152690.6448326954,0.0,0.0,0.15982243083269188,0.32159398265042904,0.015878776320191128,0.10596851775030296,0.2377142137096774
camera,blocks32,2,0.1600161306583325,damaged,0,,,0.0,161.95567478016318,3.942880210716843,161.95567478016318,11.90124256523298,0.8138197211030584,0.21707976623880954,2312569.0513175526,2152690.6448326954,0.0,0.0,0.12346233296967554,0.7273922147869836,2.735722801769458,0.28005785701883723,0.9385395665322581
camera,blocks32,2,0.1600161306583325,harmonic,0,,exact sparse solve,0.06197712500579655,27.703773260318126,19.280025126643704,27.703773260318126,27.23838748115984,0.9288416149426549,0.5994411512767988,1831768.3752097797,2152690.6448326954,0.0,0.0,0.09022722362226002,0.17574795003686153,4.92656554915624e-30,0.1306644827010782,0.4192603326612903
camera,blocks32,2,0.1600161306583325,meanfill,0,,,0.0,75.52114537529611,10.569432249192754,75.52114537529611,18.52779460370889,0.8380362025290058,0.28938838958708646,2015072.1824312157,2152690.6448326954,0.0,0.0,0.03963016740714976,0.3362399586312964,0.6042982834710646,0.2835301844435194,0.9385710685483871
camera,blocks32,2,0.1600161306583325,tv_converged,1500,symmetric,u_test,37.05026941699907,28.216475333729903,19.12074835207312,28.216475333729903,27.079110706589262,0.9293374552106966,0.6105932547782594,1811543.6954950702,2152690.6448326954,0.0,0.0,0.06915239134553168,0.09238191375798845,0.055191322445021854,0.42433554527404516,0.8525390625
camera,blocks32,2,0.1600161306583325,tv_corrected,200,symmetric,u_test,5.251556416042149,29.16623183274198,18.833197137973585,29.16623183274198,26.79155949248972,0.9209711021311918,0.5706187958839161,1821272.2154736202,2152690.6448326954,0.0,0.0,0.052985450602369526,0.1104895508130804,0.04799837060371379,0.31599072951150053,0.6865864415322581
camera,blocks32,2,0.1600161306583325,tv_shipped,200,forward,u,4.215858332929201,29.898311396801958,18.61787039186263,29.898311396801958,26.576119687441384,0.9165549698394273,0.5503799087811141,1822554.1462258713,2152690.6448326954,2.8135063676697385,0.0,0.050969604727057194,0.11266628528134381,0.051716776561087724,0.3196697577981037,0.7039755544354839
camera,blocks32,2,0.1600161306583325,tv_shipped_feasible,200,forward,u_test,4.215858332929201,29.839851926961387,18.634870334183333,29.839851926961387,26.59323268869947,0.9166629264073073,0.5503833262768886,1823653.088982404,2152690.6448326954,0.0,0.0,0.05116324362499469,0.11381063242443633,0.05143753117071892,0.31533689305348966,0.6919732862903226
camera,blocks64,0,0.16517794132473032,biharmonic,0,,skimage,0.3912695840699598,31.718445931277323,18.104565596930875,31.718445931277323,25.925045106590684,0.9340658197885918,0.6232236101022695,1958273.376316394,2152690.6448326954,0.0,0.0,0.16129076348250504,0.3200641294871785,0.010552343574078535,0.13056136649962077,0.125823974609375
camera,blocks64,0,0.16517794132473032,damaged,0,,,0.0,165.84616047437396,3.7366951773808927,165.84616047437396,11.557174687040696,0.8584777978338012,0.3342132616308276,2153731.859368636,2152690.6448326954,0.0,0.0,0.060909504974017904,0.5118980501686526,2.2910121983468845,0.537369556121199,0.968994140625
camera,blocks64,0,0.16517794132473032,harmonic,0,,exact sparse solve,0.1870916250627488,27.306324208988343,19.40553876238006,27.306324208988343,27.226018272039866,0.9403439019153075,0.660916737052792,1917687.2868635352,2152690.6448326954,0.0,0.0,0.08001976960611673,0.17623630922617106,8.845546854070723e-30,0.1561195449921549,0.285308837890625
camera,blocks64,0,0.16517794132473032,meanfill,0,,,0.0,84.66336076279305,9.576893527486353,84.66336076279305,17.397373037146156,0.8667204411531911,0.36769247869731103,2023388.039026494,2152690.6448326954,0.0,0.0,0.02162281805528367,0.2706036122950737,0.6047096596664974,0.46582528255456224,0.968994140625
camera,blocks64,0,0.16517794132473032,tv_converged,1500,symmetric,u_test,59.33280624996405,25.427729700468443,20.024651884971266,25.427729700468443,27.845131394631075,0.9461017133848983,0.6978570884746289,1902315.8352803837,2152690.6448326954,0.0,0.0,0.057478254427904316,0.1006851229452951,0.04634452067183439,0.4775924856379643,0.7979736328125
camera,blocks64,0,0.16517794132473032,tv_corrected,200,symmetric,u_test,7.656647499999963,75.6138543671138,10.558776078567039,75.6138543671138,18.379255588226844,0.8933055970531002,0.4453949441547686,1975692.8766644218,2152690.6448326954,0.0,0.0,0.031145577976483898,0.24603408251487754,0.2901744728094518,0.4770863474678636,0.759765625
camera,blocks64,0,0.16517794132473032,tv_shipped,200,forward,u,6.3971150000579655,79.96515029057869,10.072788452347217,79.96515029057869,17.893266134217384,0.8924119647766261,0.4415500909303177,1981205.9402319193,2152690.6448326954,1.8280321536683743,0.0,0.03128639910378435,0.257358677334185,0.3257391861859821,0.48440513985742584,0.738983154296875
camera,blocks64,0,0.16517794132473032,tv_shipped_feasible,200,forward,u_test,6.3971150000579655,79.63800296528171,10.108396389716471,79.63800296528171,17.928875899376276,0.8924853815120907,0.44186766220143214,1981041.8902857243,2152690.6448326954,0.0,0.0,0.0312638818809762,0.25660051884382684,0.32353239959240576,0.48385463931614553,0.74859619140625
camera,blocks64,1,0.16517794132473032,biharmonic,0,,skimage,0.3296555420383811,36.934717666307364,16.78210793733345,36.934717666307364,24.602587446993255,0.9051408502020539,0.4611234948158346,1847734.6226369734,2152690.6448326954,0.0,0.0,0.12674101955011735,0.264100043134427,0.005956654260509097,0.10509752834992059,0.177764892578125
camera,blocks64,1,0.16517794132473032,damaged,0,,,0.0,148.044928561578,4.722932913577813,148.044928561578,12.54341242323762,0.8484127636634997,0.27603565663313234,1997113.488194766,2152690.6448326954,0.0,0.0,0.09880934288083529,0.31660818749691094,1.1288429055758145,0.5123622733207635,0.969024658203125
camera,blocks64,1,0.16517794132473032,harmonic,0,,exact sparse solve,0.09411295899190009,34.94209561917951,17.263824652092538,34.94209561917951,25.084304161752343,0.9061925576675706,0.467318180844684,1805544.254497445,2152690.6448326954,0.0,0.0,0.05993678296771154,0.15949355955070252,5.995051791382538e-30,0.11087370312064289,0.3494873046875
camera,blocks64,1,0.16517794132473032,meanfill,0,,,0.0,73.8788601244446,10.760399886710463,73.8788601244446,18.580879396370268,0.8653229006599636,0.3252495909193018,1851698.545345185,2152690.6448326954,0.0,0.0,0.027938163957189035,0.12468896258948908,0.240845156337445,0.6119934827868038,0.9691162109375
camera,blocks64,1,0.16517794132473032,tv_converged,1500,symmetric,u_test,53.77628883300349,34.689376993996206,17.326873605207332,34.689376993996206,25.147353114867137,0.9120797086524319,0.5089092610439396,1787148.751344312,2152690.6448326954,0.0,0.0,0.06170914548425376,0.10122209986189014,0.038680059015546,0.403799519990445,0.8804931640625
camera,blocks64,1,0.16517794132473032,tv_corrected,200,symmetric,u_test,7.540205416968092,62.02539606485294,12.279412685632646,62.02539606485294,20.09989219529245,0.886682457895303,0.39135959678030174,1816934.188532703,2152690.6448326954,0.0,0.0,0.02845317043470078,0.12431744399040692,0.11220568848734545,0.44153720266103746,0.858489990234375
camera,blocks64,1,0.16517794132473032,tv_shipped,200,forward,u,5.669317040941678,65.08927533304147,11.860614881056453,65.08927533304147,19.681088647661614,0.885629001968344,0.38713578804410276,1820406.3295364706,2152690.6448326954,2.26043240974937,0.0,0.02805352766474594,0.1292542554120629,0.12549004426304025,0.44884883800310077,0.865509033203125
camera,blocks64,1,0.16517794132473032,tv_shipped_feasible,200,forward,u_test,5.669317040941678,64.84642320398646,11.893083082963784,64.84642320398646,19.71356259262359,0.8857377221150463,0.38757239161085844,1820400.9878687982,2152690.6448326954,0.0,0.0,0.028159379000116582,0.12894229790713777,0.12452163832077619,0.4479925423622368,0.864471435546875
camera,blocks64,2,0.16517794132473032,biharmonic,0,,skimage,0.17210266599431634,32.71563177152847,17.83569738116684,32.71563177152847,25.656176890826643,0.9140059267505651,0.5098730148121412,1859917.3494214087,2152690.6448326954,0.0,0.0,0.11558405729229253,0.2700122388844258,0.00873103349927759,0.1097626618427832,0.185882568359375
camera,blocks64,2,0.16517794132473032,damaged,0,,,0.0,189.05941403731478,2.598837458160445,189.05941403731478,10.419316967820249,0.8237025997774802,0.1414102328234328,2089519.9607514036,2152690.6448326954,0.0,0.0,0.06241516613948335,0.4429281969373557,1.753684720068225,0.43987675227149836,0.969024658203125
camera,blocks64,2,0.16517794132473032,harmonic,0,,exact sparse solve,0.07608699996490031,34.55013688672028,17.36180816114365,34.55013688672028,25.18228767080345,0.9122490969057819,0.5016288901470618,1814478.9138732909,2152690.6448326954,0.0,0.0,0.06158163123622922,0.1588939736226092,3.31531478888929e-30,0.12109702041518637,0.385162353515625
camera,blocks64,2,0.16517794132473032,meanfill,0,,,0.0,84.78479613307042,9.564444003994527,84.78479613307042,17.384923513654332,0.8470175749094623,0.2325954773649162,1894056.0229692203,2152690.6448326954,0.0,0.0,0.01965408319174563,0.1763571211268498,0.36500612081988515,0.5308812035472578,0.969146728515625
camera,blocks64,2,0.16517794132473032,tv_converged,1500,symmetric,u_test,37.00012566696387,36.05084981287395,16.99249347600742,36.05084981287395,24.812972985667226,0.9089874309878533,0.4968838039706256,1798464.14018588,2152690.6448326954,0.0,0.0,0.044374603024749215,0.0944919075894583,0.04783745637974189,0.49192141488065755,0.880340576171875
camera,blocks64,2,0.16517794132473032,tv_corrected,200,symmetric,u_test,5.004187584039755,85.35226580469225,9.506502516556015,85.35226580469225,17.326982026215816,0.8555233765301496,0.24707675667499512,1880801.049260951,2152690.6448326954,0.0,0.0,0.030480244747398997,0.22004469688138098,0.22304679368648253,0.42200925102997777,0.8148193359375
camera,blocks64,2,0.16517794132473032,tv_shipped,200,forward,u,4.1416169999865815,90.11084284366679,9.035262571817018,90.11084284366679,16.855740663343628,0.8536760950384396,0.238828543041944,1888049.6603914676,2152690.6448326954,1.721289825738097,0.0,0.03107751465083836,0.23089357255861798,0.2531141998637954,0.4248499955337172,0.8167724609375
camera,blocks64,2,0.16517794132473032,tv_shipped_feasible,200,forward,u_test,4.1416169999865815,89.75035848398466,9.070079770122007,89.75035848398466,16.890559279781808,0.8538202804085713,0.23945535150549302,1887709.4201837694,2152690.6448326954,0.0,0.0,0.03102953770646957,0.23008278581347777,0.251096246364632,0.42464553298285657,0.8173828125
camera,blocks8,0,0.16227442282488155,biharmonic,0,,skimage,0.062071208958514035,16.99501618939826,23.524371956142804,16.99501618939826,31.421871225001645,0.953497672495289,0.819809851128926,1973057.2359096673,2152690.6448326954,0.0,0.0,0.36999914793239835,0.5482851039654629,0.04723880976508242,0.09524211931546968,0.1759753976143141
camera,blocks8,0,0.16227442282488155,damaged,0,,,0.0,152.53783415486814,4.463252095443106,152.53783415486814,12.360751364301946,0.5957259333691899,0.10133996700910035,3802993.7523760097,2152690.6448326954,0.0,0.0,0.5498618506009307,2.828108682997647,13.070557980480551,0.08977403108410933,0.7659666998011928
camera,blocks8,0,0.16227442282488155,harmonic,0,,exact sparse solve,0.0637303750263527,17.669551160709187,23.18629325340858,17.669551160709187,31.083792522267416,0.9538672281401247,0.8215045263353199,1927078.7048490231,2152690.6448326954,0.0,0.0,0.2713443665029387,0.411672190267418,4.182395704050998e-30,0.10486168880645398,0.24142644135188868
camera,blocks8,0,0.16227442282488155,meanfill,0,,,0.0,75.17468185780005,10.609371632175593,75.17468185780005,18.50687090103443,0.668278859838719,0.21142037010752235,2780185.0588021474,2152690.6448326954,0.0,0.0,0.19922215481537753,1.4148949854751802,3.1549758845759173,0.08327238118389742,0.7660598906560636
camera,blocks8,0,0.16227442282488155,tv_converged,1500,symmetric,u_test,46.8748014169978,18.564794389392848,22.757000735708207,18.564794389392848,30.65450000456704,0.9540305132068484,0.82131175981101,1897409.429598167,2152690.6448326954,0.0,0.0,0.2799448726295982,0.3018336400678541,0.12854759458853948,0.23522540212114956,0.5849279324055666
camera,blocks8,0,0.16227442282488155,tv_corrected,200,symmetric,u_test,6.550666790921241,18.625740288851087,22.72853274862277,18.625740288851087,30.62603201748161,0.9538885345387356,0.8208354466444933,1897508.4372593213,2152690.6448326954,0.0,0.0,0.2737663780472703,0.302496901528077,0.11983481366975728,0.22806032488946848,0.5861083499005965
camera,blocks8,0,0.16227442282488155,tv_shipped,200,forward,u,5.105042457929812,18.626403488890094,22.728223478778773,18.626403488890094,30.62572123883765,0.9538745893606058,0.8207842178950615,1897306.6221877015,2152690.6448326954,0.5774068833138557,0.0,0.27337619479841163,0.3025179312209352,0.11952249369799002,0.22762064074273766,0.586170477137177
camera,blocks8,0,0.16227442282488155,tv_shipped_feasible,200,forward,u_test,5.105042457929812,18.62643993889525,22.728206481379758,18.62643993889525,30.625705750238595,0.9538763812739021,0.820789831486989,1897515.8827397265,2152690.6448326954,0.0,0.0,0.27344922134274335,0.3025511445206088,0.11960381647108805,0.22766635794378806,0.5860772862823062
camera,blocks8,1,0.16227442282488155,biharmonic,0,,skimage,0.07521849998738617,16.795661341725335,23.62686142499183,16.795661341725335,31.524360693850674,0.9535432734710366,0.8205399967076941,1970597.1881732922,2152690.6448326954,0.0,0.0,0.3646059924486389,0.536373230846017,0.044475797733651345,0.09913929359856409,0.17317967196819087
camera,blocks8,1,0.16227442282488155,damaged,0,,,0.0,153.9602317192454,4.382632487441092,153.9602317192454,12.28013175629993,0.5951859966334534,0.09919218585063909,3843186.831054641,2152690.6448326954,0.0,0.0,0.5246845262019212,2.891538533596931,12.558606814111256,0.08872718689630664,0.7659356361829026
camera,blocks8,1,0.16227442282488155,harmonic,0,,exact sparse solve,0.07187250000424683,17.11667808201833,23.462413951663375,17.11667808201833,31.359913220522216,0.9542111709594588,0.8226450537950094,1923644.238620109,2152690.6448326954,0.0,0.0,0.2597268216129833,0.3949413251215542,3.904044878885132e-30,0.10761847575072384,0.23956262425447317
camera,blocks8,1,0.16227442282488155,meanfill,0,,,0.0,75.01951089917799,10.627319041145496,75.01951089917799,18.52481831000433,0.6667151701171985,0.20827354297919634,2776349.2591636074,2152690.6448326954,0.0,0.0,0.18934611809929483,1.414185182728847,2.9411884403630415,0.08388160549202123,0.7661841451292246
camera,blocks8,1,0.16227442282488155,tv_converged,1500,symmetric,u_test,55.980073874932714,18.561408843074915,22.75858487193563,18.561408843074915,30.65608414079447,0.9531597195403197,0.8177304943195479,1894907.7143097105,2152690.6448326954,0.0,0.0,0.2600373932989803,0.28765613712815274,0.11384674739119133,0.2476586036620778,0.5923832007952287
camera,blocks8,1,0.16227442282488155,tv_corrected,200,symmetric,u_test,7.625753166968934,18.579490470641826,22.75012761662772,18.579490470641826,30.64762688548656,0.9530387542078609,0.8173181217993452,1895002.37024088,2152690.6448326954,0.0,0.0,0.25285606431449714,0.28781084874980706,0.10340484348545036,0.2376866812109561,0.5931287276341949
camera,blocks8,1,0.16227442282488155,tv_shipped,200,forward,u,5.9348524999804795,18.577964700638514,22.750840941574666,18.577964700638514,30.64833879963638,0.9530250215755797,0.8172668199953177,1894800.847680865,2152690.6448326954,0.22653711461729387,0.0,0.2524193199024242,0.28779678060659647,0.10229033508689525,0.23686384964545854,0.5931597912524851
camera,blocks8,1,0.16227442282488155,tv_shipped_feasible,200,forward,u_test,5.9348524999804795,18.578048684900963,22.750801675896323,18.578048684900963,30.64830094475516,0.9530267060485399,0.8172720320085252,1895010.3823859133,2152690.6448326954,0.0,0.0,0.2524942660190832,0.28783180804670744,0.10239504714006843,0.2369404117499126,0.5930976640159046
camera,blocks8,2,0.16227442282488155,biharmonic,0,,skimage,0.08023245795629919,16.4029931287984,23.83234154929309,16.4029931287984,31.729840818151935,0.9552028917206353,0.8262547925195847,1968336.8629925335,2152690.6448326954,0.0,0.0,0.36011664491235257,0.5194216168304298,0.044786450363715605,0.09885250757304793,0.1851081013916501
camera,blocks8,2,0.16227442282488155,damaged,0,,,0.0,152.63502459495132,4.457719588598055,152.63502459495132,12.355218857456894,0.5956670168190609,0.09529570433343149,3824701.918654147,2152690.6448326954,0.0,0.0,0.5466847656446822,2.899780162671999,13.23739677972629,0.08985293006135377,0.7659045725646123
camera,blocks8,2,0.16227442282488155,harmonic,0,,exact sparse solve,0.06261162494774908,16.403040015636535,23.832316721304917,16.403040015636535,31.72981599016375,0.9561857136009879,0.8299701333195082,1923227.6119925901,2152690.6448326954,0.0,0.0,0.2578758536469945,0.3855158345406701,4.263461569542711e-30,0.10797906154358092,0.2506523359840954
camera,blocks8,2,0.16227442282488155,meanfill,0,,,0.0,74.88999758308336,10.642327277267823,74.88999758308336,18.539826546126662,0.6672780494113089,0.20961515917813367,2791710.2196912756,2152690.6448326954,0.0,0.0,0.19149980331154787,1.4529917244834971,3.16451436893511,0.08245326396068513,0.7659356361829026
camera,blocks8,2,0.16227442282488155,tv_converged,1500,symmetric,u_test,45.667794417007826,17.961056378873256,23.04416608674867,17.961056378873256,30.94166535560751,0.9541894182428426,0.8211860488329166,1896675.6318123098,2152690.6448326954,0.0,0.0,0.24696970232513019,0.2815460547462341,0.12170859551627763,0.23977574826795184,0.5957691351888668
camera,blocks8,2,0.16227442282488155,tv_corrected,200,symmetric,u_test,7.304897333029658,17.885777944013387,23.08064691697254,17.885777944013387,30.97814618583138,0.954210739332086,0.8212362864985716,1896779.3291816164,2152690.6448326954,0.0,0.0,0.24175383627255326,0.28182332698177454,0.10677421654753222,0.22934264536126175,0.5957380715705766
camera,blocks8,2,0.16227442282488155,tv_shipped,200,forward,u,5.360794499982148,17.857725861307664,23.09428057448148,17.857725861307664,30.991778388479148,0.9542185063592085,0.821264507720936,1896585.9927934438,2152690.6448326954,0.12685502495752132,0.0,0.24141419098633654,0.28185065571137663,0.10486173974928766,0.22768212875461574,0.5959865805168986
camera,blocks8,2,0.16227442282488155,tv_shipped_feasible,200,forward,u_test,5.360794499982148,17.859843418126342,23.09325066873918,17.859843418126342,30.990749937598018,0.9542185156596885,0.8212641728368262,1896793.512458196,2152690.6448326954,0.0,0.0,0.24146802659069527,0.2818822685279017,0.10497910153752188,0.22777860713407866,0.5959865805168986
camera,canonical,0,0.16232483113217058,biharmonic,0,,skimage,0.1126197500852868,24.546092226107426,20.331156375811595,24.546092226107426,28.227306778361786,0.9522036695445496,0.778800661715429,1967799.3778012889,2152690.6448326954,0.0,0.0,0.3212171855823293,0.5092426586789054,0.044292945381650024,0.11336860029931958,0.1547729954661201
camera,canonical,0,0.16232483113217058,damaged,0,,,0.0,160.6794169731066,4.011598664267853,160.6794169731066,11.907749066818047,0.6170964987716248,0.14305449867381978,4638070.646400073,2152690.6448326954,0.0,0.0,0.5558770200735137,4.183890408684779,28.92387909093117,0.07363230077032881,0.7125023290478852
camera,canonical,0,0.16232483113217058,harmonic,0,,exact sparse solve,0.08376325003337115,22.84529642611733,20.954867657503115,22.84529642611733,28.851018060053306,0.9522222900093665,0.7796612219438424,1926359.8816050168,2152690.6448326954,0.0,0.0,0.23563011957341728,0.3850885728957951,4.200324060240324e-30,0.12734017460030392,0.22601080678218743
camera,canonical,0,0.16232483113217058,meanfill,0,,,0.0,77.63553774311158,10.329592298782197,77.63553774311158,18.22574270133239,0.6826316827315905,0.23679301462571456,3138914.3831688366,2152690.6448326954,0.0,0.0,0.1881881240451441,2.017797919923827,6.586486774132658,0.06896538591895267,0.7124712750760822
camera,canonical,0,0.16232483113217058,tv_converged,1500,symmetric,u_test,44.031255749985576,24.112585312523326,20.485928064117154,24.112585312523326,28.382078466667352,0.9502116355647672,0.7715470279901714,1904339.716091036,2152690.6448326954,0.0,0.0,0.23308207793517322,0.3054667309219688,0.11046876616728397,0.22625840613851336,0.5455561766349916
camera,canonical,0,0.16232483113217058,tv_corrected,200,symmetric,u_test,5.990090125007555,25.757283937908618,19.91280229902958,25.757283937908618,27.80895270157977,0.9490756910008216,0.7671027545898255,1908035.551582953,2152690.6448326954,0.0,0.0,0.22615295253674686,0.3115913121642518,0.10746210350962081,0.21860958925649518,0.5263027141171356
camera,canonical,0,0.16232483113217058,tv_shipped,200,forward,u,4.526569249923341,26.422383677496228,19.691363716094475,26.422383677496228,27.587509044439646,0.9488587650050987,0.766184821883298,1908466.9683122037,2152690.6448326954,2.7656127731585514,0.0,0.2255813914121081,0.31291832613646586,0.1106243219613352,0.21951353240080385,0.5268306316377864
camera,canonical,0,0.16232483113217058,tv_shipped_feasible,200,forward,u_test,4.526569249923341,26.368818055616206,19.70899033660857,26.368818055616206,27.605140739158756,0.9488774731390276,0.7662681704185268,1908689.9982957868,2152690.6448326954,0.0,0.0,0.22565335836423717,0.31295204039640406,0.11055245965412552,0.21940934038100696,0.5259921743991056
camera,dropout,0,0.16229962697852607,biharmonic,0,,skimage,0.04345024994108826,8.178230242404373,29.877616946288427,8.178230242404373,37.77444172962524,0.980662566406333,0.9784201845402416,2039194.8174852962,2152690.6448326954,0.0,0.0,0.7296839486253873,0.8133495870348569,0.140492931243714,0.10190030548947203,0.09062956176041247
camera,dropout,0,0.16229962697852607,damaged,0,,,0.0,152.54652343252167,4.462757320113749,152.54652343252167,12.359582103450563,0.18621872516124627,0.17228160908196427,13524295.00729501,2152690.6448326954,0.0,0.0,2.9272931360579793,15.543628342836858,249.35426465009212,0.021063072026447267,0.02655526912445259
camera,dropout,0,0.16229962697852607,harmonic,0,,exact sparse solve,0.03568029194138944,8.7471529474303,29.293469200626717,8.7471529474303,37.19029398396353,0.9807437805972397,0.9786033565645923,2013731.4152903538,2152690.6448326954,0.0,0.0,0.6836151865533492,0.7650871046923837,5.0777580362572555e-31,0.10242752673246583,0.12249588470975557
camera,dropout,0,0.16229962697852607,meanfill,0,,,0.0,75.22801202946486,10.603211902015172,75.22801202946486,18.500036685351986,0.36257410349449043,0.3471034885279084,7603688.319784682,2152690.6448326954,0.0,0.0,1.0940691747643192,7.9482760445467004,59.67018615692286,0.01983870519485625,0.0266173867130478
camera,dropout,0,0.16229962697852607,tv_converged,1500,symmetric,u_test,49.10211533308029,8.187820410289122,29.86743744102361,8.187820410289122,37.76426222436043,0.9806018431789852,0.9782984557346742,1991058.6098655988,2152690.6448326954,0.0,6.211758859521074e-05,0.7194662095652776,0.7190422717621227,0.20441839271872758,0.1274107011913064,0.19930428300773365
camera,dropout,0,0.16229962697852607,tv_corrected,200,symmetric,u_test,6.59602141706273,8.189264005246153,29.865906166445896,8.189264005246287,37.76273094978271,0.9806034681207388,0.978300249809506,1991102.6553699675,2152690.6448326954,0.0,9.31763828928161e-05,0.719388323776209,0.7190940329535033,0.20342562535682365,0.12736545990841336,0.19918004783054322
camera,dropout,0,0.16229962697852607,tv_shipped,200,forward,u,5.624193875002675,8.189209883681471,29.86596357032138,8.18920988368151,37.76278036366588,0.9806032618365431,0.9783000601450571,1990863.5831578956,2152690.6448326954,0.08710216121147596,9.31763828928161e-05,0.7194214419423518,0.7190195584563485,0.20342996002922598,0.12738866358269485,0.19908687144765042
camera,dropout,0,0.16229962697852607,tv_shipped_feasible,200,forward,u_test,5.624193875002675,8.18918382846838,29.86599120584039,8.189183828468417,37.762815989177206,0.980603564601526,0.9783003703984658,1991103.2488113504,2152690.6448326954,0.0,9.31763828928161e-05,0.7194218322268698,0.7191075681777576,0.20344500500340357,0.12737331438043434,0.19914898903624562
camera,dropout,1,0.16229962697852607,biharmonic,0,,skimage,0.08602116699330509,8.269168297083278,29.781566989941197,8.269168297083278,37.678391773278015,0.9803487297356511,0.9782508601081427,2037617.8383529931,2152690.6448326954,0.0,0.0,0.7160795417732579,0.8071996490282626,0.14003108191339775,0.10184647031086032,0.0920893250923999
camera,dropout,1,0.16229962697852607,damaged,0,,,0.0,151.46252603078608,4.5246996979428165,151.46252603078608,12.421524481279631,0.18640004171592098,0.17366806426844042,13430114.312581526,2152690.6448326954,0.0,0.0,2.89052013000196,15.457684886728194,243.4420837155716,0.021269644370099396,0.026772680684535827
camera,dropout,1,0.16229962697852607,harmonic,0,,exact sparse solve,0.08338054199703038,8.846125645442145,29.195741537592127,8.846125645442145,37.092566320928945,0.9803069697635649,0.9781764466432223,2011503.1438530434,2152690.6448326954,0.0,0.0,0.6691424662724441,0.7572758037061319,5.162754195182735e-31,0.10387879755574099,0.12355188371587415
camera,dropout,1,0.16229962697852607,meanfill,0,,,0.0,75.12104210157018,10.615571529422606,75.12104210157018,18.51239631275942,0.36172836599102454,0.3468027236327584,7591894.674511612,2152690.6448326954,0.0,0.0,1.0946007297482667,7.9587474327684165,58.78020430449141,0.0199506308081586,0.026306798770071745
camera,dropout,1,0.16229962697852607,tv_converged,1500,symmetric,u_test,59.55182995798532,8.259634750079446,29.791586753148618,8.259634750079446,37.68841153648543,0.9800855263602183,0.9778969733714418,1988441.720535198,2152690.6448326954,0.0,0.0,0.701146603018321,0.7095104643223851,0.19935725558037257,0.12938811776142473,0.19858993073888873
camera,dropout,1,0.16229962697852607,tv_corrected,200,symmetric,u_test,7.690223749959841,8.259710420499282,29.791507177970693,8.259710420499383,37.68833196130751,0.9800875382284198,0.9778996208612782,1988485.8511236496,2152690.6448326954,0.0,9.31763828928161e-05,0.701208487225533,0.709558002181665,0.19845038213306324,0.1293604332100235,0.19868310712178153
camera,dropout,1,0.16229962697852607,tv_shipped,200,forward,u,6.758253708016127,8.259161362660922,29.792084584933257,8.25916136266102,37.68890168291092,0.9800876479422086,0.9778996197149235,1988246.3092965244,2152690.6448326954,0.08103293168360892,9.31763828928161e-05,0.7012062047916648,0.7094652866231638,0.19849751988422165,0.12938284586316692,0.19865204832748393
camera,dropout,1,0.16229962697852607,tv_shipped_feasible,200,forward,u_test,6.758253708016127,8.259172056905053,29.79207333815407,8.259172056905145,37.68889812149089,0.9800879332206135,0.9778999017801443,1988486.6630281815,2152690.6448326954,0.0,9.31763828928161e-05,0.7012063301623003,0.709551985771452,0.19851000708946098,0.12936777886565348,0.19858993073888873
camera,dropout,2,0.16229962697852607,biharmonic,0,,skimage,0.04143287497572601,8.219241822627247,29.834168443852676,8.219241822627247,37.73099322718949,0.9801496482985419,0.9775095781376261,2036316.877239251,2152690.6448326954,0.0,0.0,0.7226278689567401,0.8087416958589555,0.13813141936080026,0.10261987228777618,0.08926297481131783
camera,dropout,2,0.16229962697852607,damaged,0,,,0.0,151.9499403053229,4.496792932676284,151.9499403053229,12.393617716013098,0.1855326524290714,0.17170139750935562,13497013.283632679,2152690.6448326954,0.0,0.0,2.8694900334927533,15.349392031893093,244.21986934317192,0.02115257777773942,0.02646209274155977
camera,dropout,2,0.16229962697852607,harmonic,0,,exact sparse solve,0.04916024999693036,8.731493997187478,29.30903241332581,8.731493997187478,37.20585719666262,0.9802464967176676,0.9777253759099352,2010626.1665973822,2152690.6448326954,0.0,0.0,0.6750894214953642,0.7579024316386246,5.326181396007543e-31,0.1041505238394423,0.11907941733701898
camera,dropout,2,0.16229962697852607,meanfill,0,,,0.0,75.10450066638873,10.617484347687395,75.10450066638873,18.514309131024206,0.3617397872047939,0.3475089052970524,7589723.780272768,2152690.6448326954,0.0,0.0,1.0857553442660914,7.853089400707848,58.23798699006097,0.020046736185020855,0.026120446004286115
camera,dropout,2,0.16229962697852607,tv_converged,1500,symmetric,u_test,53.88923137506936,8.107949838603737,29.95258254502581,8.107949838603737,37.849407328362624,0.9802283245389963,0.9775384967100857,1987864.863791746,2152690.6448326954,0.0,6.211758859521074e-05,0.7076968975359162,0.7131865638819829,0.2026722594520025,0.12867756624331916,0.1944901698916048
camera,dropout,2,0.16229962697852607,tv_corrected,200,symmetric,u_test,7.182181500014849,8.10955649781965,29.95086153263444,8.109556497819776,37.84768631597125,0.9802301534798766,0.9775411189768693,1987907.563866927,2152690.6448326954,0.0,0.00012423517719042148,0.707828747801518,0.713332668375241,0.20158011024678368,0.12867644364372302,0.19458334627449764
camera,dropout,2,0.16229962697852607,tv_shipped,200,forward,u,5.9161188749130815,8.109848037142552,29.95054927969338,8.109848037142731,37.8473660409736,0.9802297504843586,0.9775407352955618,1987670.5090193434,2152690.6448326954,0.09654396087179862,0.00012423517719042148,0.7078483238134553,0.7132578690676309,0.20156215110271317,0.12869851374956207,0.19458334627449764
camera,dropout,2,0.16229962697852607,tv_shipped_feasible,200,forward,u_test,5.9161188749130815,8.109812525640887,29.950587313656317,8.109812525641056,37.84741209699313,0.980230040395398,0.9775410138127405,1987908.0636590226,2152690.6448326954,0.0,0.00012423517719042148,0.707846698291943,0.7133422922136996,0.2015800249021996,0.1286834120994548,0.19464546386309284
camera,scratch,0,0.1632220990019155,biharmonic,0,,skimage,0.09106075007002801,12.096382276228365,26.477693545150927,12.096382276228365,34.349903960234364,0.9629875198992007,0.898285644442132,1975652.2778868058,2152690.6448326954,0.0,0.0,0.4880169244001678,0.6223087326501063,0.07462010445095806,0.09234430467326644,0.151976528721433
camera,scratch,0,0.1632220990019155,damaged,0,,,0.0,151.31605403515798,4.533103460772144,151.31605403515798,12.40531387585558,0.5246607270094438,0.10152879384714214,5626230.647093421,2152690.6448326954,0.0,0.0,0.9996138346112274,5.1058204418508915,29.20595696070234,0.05471098610898857,0.5619209388511427
camera,scratch,0,0.1632220990019155,harmonic,0,,exact sparse solve,0.06511383294127882,12.836210865345317,25.962066752606624,12.836210865345317,33.83427716769006,0.9638807248443568,0.9002058550945017,1929704.89402538,2152690.6448326954,0.0,0.0,0.3900205066888446,0.49928551807087057,3.216000007723743e-30,0.09817822740958423,0.20148239654107475
camera,scratch,0,0.1632220990019155,meanfill,0,,,0.0,71.49989932227932,11.044695003093665,71.49989932227932,18.9169054181771,0.6253235997362571,0.2716272073815455,3541234.685776095,2152690.6448326954,0.0,0.0,0.36633446157125904,2.441397660436536,6.590226790270696,0.05270986529283163,0.5617974058060531
camera,scratch,0,0.1632220990019155,tv_converged,1500,symmetric,u_test,50.80747533310205,13.285543167026288,25.663217312006786,13.285543167026288,33.535427727090216,0.9620671286700669,0.8936111124561081,1901374.2179984776,2152690.6448326954,0.0,0.0,0.38513027239000036,0.4022761121447812,0.14016846642553035,0.16524190949132966,0.43119209388511426
camera,scratch,0,0.1632220990019155,tv_corrected,200,symmetric,u_test,7.091703457990661,13.253986511489371,25.683873123156097,13.253986511489371,33.556083538239534,0.9620858331403144,0.8936410407092905,1901437.7475749063,2152690.6448326954,0.0,0.0,0.3842174795346812,0.4025078617120971,0.13121149107960509,0.16321943829610633,0.4314391599752934
camera,scratch,0,0.1632220990019155,tv_shipped,200,forward,u,5.393304708064534,13.254232259995248,25.68371207541319,13.254232259995248,33.55591983603913,0.9620857191515945,0.8936395273642589,1901211.05852723,2152690.6448326954,0.10631534833733447,0.0,0.3842188766925495,0.4025311175859839,0.1314135710975272,0.16326588435166714,0.4319332921556516
camera,scratch,0,0.1632220990019155,tv_shipped_feasible,200,forward,u_test,5.393304708064534,13.254220153925141,25.6837200088819,13.254220153925141,33.555930423965336,0.9620861264705742,0.8936402204159768,1901438.0907407147,2152690.6448326954,0.0,0.0,0.38423531439207126,0.40257767223209645,0.13146097604522475,0.16326605320296683,0.43174799258801727
camera,scratch,1,0.16330779312430688,biharmonic,0,,skimage,0.11092587502207607,12.009651925041572,26.540195199545785,12.009651925041572,34.41012609987495,0.9671076212724983,0.9067838552232172,1983384.5521200795,2152690.6448326954,0.0,0.0,0.4953684833769385,0.6340405984261176,0.0733436479292371,0.0918320640081153,0.13995123005216534
camera,scratch,1,0.16330779312430688,damaged,0,,,0.0,157.58173873619333,4.180685846320564,157.58173873619333,12.050616746649734,0.5203913838204418,0.09635822885669443,5975756.642337743,2152690.6448326954,0.0,0.0,1.0354458447579056,5.645501486203785,32.57444600114031,0.04979269059054004,0.5462542828039634
camera,scratch,1,0.16330779312430688,harmonic,0,,exact sparse solve,0.08414491708390415,12.676868286670368,26.070564048495093,12.676868286670368,33.940494948824266,0.966769663678758,0.9055345072714711,1940284.7950551598,2152690.6448326954,0.0,0.0,0.4001665734637891,0.5162094186924124,2.997804691672259e-30,0.09701132166644717,0.18622094638392445
camera,scratch,1,0.16330779312430688,meanfill,0,,,0.0,73.58915734621657,10.794527009862872,73.58915734621657,18.66445791019204,0.6260055574917904,0.27054390066691647,3656994.0560505395,2152690.6448326954,0.0,0.0,0.368191943874164,2.626244883329587,7.149461770337431,0.04910165353297738,0.5464703521931042
camera,scratch,1,0.16330779312430688,tv_converged,1500,symmetric,u_test,58.032447625068016,13.041303622636727,25.824383486558794,13.041303622636727,33.69431438688797,0.965539587511786,0.9003637211468678,1911512.5837353854,2152690.6448326954,0.0,0.0,0.40659914272635866,0.42394736029203517,0.1359068846825993,0.16552078126849998,0.4148532271506621
camera,scratch,1,0.16330779312430688,tv_corrected,200,symmetric,u_test,7.964603041997179,13.076682716107571,25.800851879998312,13.076682716107571,33.670782780327485,0.9655213951844808,0.9003257149184286,1911565.8997716554,2152690.6448326954,0.0,0.0,0.40447867154866607,0.42329897577008324,0.13458143105895878,0.16496605719560445,0.41565577059604286
camera,scratch,1,0.16330779312430688,tv_shipped,200,forward,u,6.122180165955797,13.079699977737128,25.79884796363522,13.079699977737128,33.66877617534338,0.9655192300510739,0.9003219841555554,1911343.0609720882,2152690.6448326954,0.08643836198842791,0.0,0.4043494923888601,0.4232104623398235,0.13454574628404115,0.16497654232511152,0.41571750470722596
camera,scratch,1,0.16330779312430688,tv_shipped_feasible,200,forward,u_test,6.122180165955797,13.079359421060293,25.799074121438956,13.079359421060293,33.66900502176812,0.9655197058937062,0.900322708310904,1911566.3828625453,2152690.6448326954,0.0,0.0,0.4043714555662659,0.4232623594813235,0.13456843725112982,0.16496838067339917,0.41547056826249346
camera,scratch,2,0.162828914205061,biharmonic,0,,skimage,0.08541220903862268,12.406776425468562,26.257624485536624,12.406776425468562,34.14030921681582,0.9665734549439272,0.905141822546275,1981684.4394120579,2152690.6448326954,0.0,0.0,0.5207064385594231,0.6537370936845611,0.078278811832888,0.08979696425192588,0.14872144139681753
camera,scratch,2,0.162828914205061,damaged,0,,,0.0,161.4180154458675,3.971763537252447,161.4180154458675,11.854448268531648,0.5321315792502954,0.09925011157688333,5927697.255570178,2152690.6448326954,0.0,0.0,0.960998585798264,5.314318940089355,29.326526656047154,0.05072568033391712,0.550801807937589
camera,scratch,2,0.162828914205061,harmonic,0,,exact sparse solve,0.07014575006905943,13.524562935398457,25.50833882488029,13.524562935398457,33.39102355615949,0.96603681206858,0.9032058249672481,1937692.2179284901,2152690.6448326954,0.0,0.0,0.41387522533031423,0.5356899332151207,2.591720268157489e-30,0.09281112428088509,0.1933626400842053
camera,scratch,2,0.162828914205061,meanfill,0,,,0.0,74.2548941867969,10.716301937575414,74.2548941867969,18.598986668854614,0.6389911714074189,0.28691381654303016,3578433.918664287,2152690.6448326954,0.0,0.0,0.34981696268938656,2.4109179738492514,6.3210908447859735,0.052700042984323923,0.5512042597981549
camera,scratch,2,0.162828914205061,tv_converged,1500,symmetric,u_test,51.8563157080207,13.810730842464546,25.32647038113086,13.810730842464546,33.20915511241006,0.9654796264382394,0.9011585724499295,1907167.7747782103,2152690.6448326954,0.0,0.0,0.4353613298473177,0.4453511550006215,0.14989069579291472,0.15436086894374254,0.40830289146182897
camera,scratch,2,0.162828914205061,tv_corrected,200,symmetric,u_test,6.997973958030343,13.845054344866318,25.304910312963827,13.845054344866318,33.187595044243025,0.9653863310690434,0.9007856095617759,1907239.0413077883,2152690.6448326954,0.0,0.0,0.4315213722757127,0.4450701969897187,0.14537712039184603,0.15280284293023785,0.4079004396012631
camera,scratch,2,0.162828914205061,tv_shipped,200,forward,u,5.8168417499400675,13.84690207125922,25.303751193159307,13.84690207125922,33.18643193713513,0.9653750313015798,0.9007194605053095,1907032.8687174038,2152690.6448326954,0.9323852536284107,0.0,0.43137503202625954,0.4450573283073044,0.14497647658424498,0.15270412310021464,0.40786948176583493
camera,scratch,2,0.162828914205061,tv_shipped_feasible,200,forward,u_test,5.8168417499400675,13.846598611632754,25.3039415495072,13.846598611632754,33.186626280786406,0.965376447946481,0.9007245857879308,1907265.820651791,2152690.6448326954,0.0,0.0,0.4314041912554755,0.4451132458788534,0.14502945421014785,0.15270198190832773,0.4077146925886942
grass,blocks16,0,0.1625970359915314,biharmonic,0,,skimage,0.08454549999441952,40.293412543672964,16.026122601380372,40.293412543672964,23.914996356343234,0.8840464681299748,0.403661686736946,5569499.710260528,6264409.747207728,0.0,0.0,0.1642868974038992,0.3501204097553031,0.019358131777960967,0.05044621094254544,0.06370907738095238
grass,blocks16,0,0.1625970359915314,damaged,0,,,0.0,141.71244511578524,5.102643779766614,141.71244511578524,12.991517534729475,0.7477279714134802,0.07816224934414802,6205620.049909283,6264409.747207728,0.0,0.0,0.18033411766705876,0.52148360278201,1.0430411273288491,0.13017098239899094,0.87890625
grass,blocks16,0,0.1625970359915314,harmonic,0,,exact sparse solve,0.06279479200020432,34.75327281291093,17.3108894171156,34.75327281291093,25.19976317207846,0.8836135673664101,0.4005769650026775,5429012.427077975,6264409.747207728,0.0,0.0,0.10133069434451902,0.21019090433607443,7.66711594614786e-31,0.06718098697131371,0.2466827876984127
grass,blocks16,0,0.1625970359915314,meanfill,0,,,0.0,38.517094396325454,16.417733250032903,38.517094396325454,24.30660700499576,0.8599271121410849,0.3189835765538178,5397811.210838878,6264409.747207728,0.0,0.0,0.051902383743452504,0.11888205998820499,0.07365171709742024,0.20666361489445853,0.8849826388888888
grass,blocks16,0,0.1625970359915314,tv_converged,1500,symmetric,u_test,55.90776529198047,36.93482845279142,16.78208188385879,36.93482845279142,24.67095563882165,0.8697187527630184,0.34494930907481597,5369067.178242465,6264409.747207728,0.0,0.0,0.05759974069067625,0.11651643678518818,0.04071965883657023,0.1885418716525994,0.7874193948412699
grass,blocks16,0,0.1625970359915314,tv_corrected,200,symmetric,u_test,6.221493082935922,36.955936995309116,16.777119248146338,36.955936995309116,24.665993003109197,0.8697034344339405,0.34487593768240693,5369168.087785056,6264409.747207728,0.0,0.0,0.05741415125170545,0.116591445973472,0.04041118183323815,0.18823552550721745,0.7874813988095238
grass,blocks16,0,0.1625970359915314,tv_shipped,200,forward,u,4.699667250039056,36.959007984865956,16.776397492176883,36.959007984865956,24.665271143000552,0.8696994810935738,0.34487245735066535,5369171.857586316,6264409.747207728,0.3094793266380975,0.0,0.05741651793559483,0.11659515528224276,0.04038788631125131,0.18819831809805287,0.7876984126984127
grass,blocks16,0,0.1625970359915314,tv_shipped_feasible,200,forward,u_test,4.699667250039056,36.95880692886439,16.77644474330958,36.95880692886439,24.66531849827244,0.8696994008897013,0.34487067551388934,5369181.280168496,6264409.747207728,0.0,0.0,0.057416995014830545,0.11660011731224856,0.040392082142061324,0.18819609496012443,0.7877604166666666
grass,blocks16,1,0.1625970359915314,biharmonic,0,,skimage,0.18197254196275026,38.179247897558795,16.49425623132774,38.179247897558795,24.383129986290598,0.8867706517958578,0.41900332139226787,5574675.113428442,6264409.747207728,0.0,0.0,0.17301768318694122,0.35794616300467547,0.020026053720688195,0.04988576433810929,0.06498015873015874
grass,blocks16,1,0.1625970359915314,damaged,0,,,0.0,142.46262019309398,5.056785054901801,142.46262019309398,12.94565880986466,0.7493388206422305,0.0866550317003405,6220716.774388061,6264409.747207728,0.0,0.0,0.19527482166932855,0.5341452733094287,1.0777551880166478,0.12999760535527277,0.87890625
grass,blocks16,1,0.1625970359915314,harmonic,0,,exact sparse solve,0.057571375044062734,33.951044854210934,17.513740721217264,33.951044854210934,25.40261447618012,0.8857846788579334,0.4131680632797471,5436410.826582697,6264409.747207728,0.0,0.0,0.1089839369490486,0.21775877194709686,7.303829721892349e-31,0.06758085298967598,0.24330357142857142
grass,blocks16,1,0.1625970359915314,meanfill,0,,,0.0,38.75962052311067,16.363213280075552,38.75962052311067,24.25208703503841,0.859049892172704,0.31817006103308,5399584.333721892,6264409.747207728,0.0,0.0,0.05283814878562776,0.12253447306066197,0.07772090972847555,0.20979904292036056,0.8848896329365079
grass,blocks16,1,0.1625970359915314,tv_converged,1500,symmetric,u_test,55.52871712495107,36.63558221228699,16.85274165401505,36.63558221228699,24.741615408977907,0.8703067284338732,0.34963305862806765,5372922.804860656,6264409.747207728,0.0,0.0,0.05956648420555256,0.1193934071557313,0.044153533662227504,0.1918002777407708,0.7887214781746031
grass,blocks16,1,0.1625970359915314,tv_corrected,200,symmetric,u_test,7.780246458016336,36.656256412310384,16.847841413336376,36.656256412310384,24.736715168299238,0.8702943558125135,0.3496276067560688,5373038.986918297,6264409.747207728,0.0,0.0,0.059390155722287966,0.11937907567185911,0.04382956985588427,0.19144406541120218,0.7876054067460317
grass,blocks16,1,0.1625970359915314,tv_shipped,200,forward,u,5.801972458953969,36.661162355299425,16.846679002543603,36.661162355299425,24.735552587010936,0.870290654292973,0.34961237625913455,5373042.354189863,6264409.747207728,0.5579438645384727,0.0,0.059372710335869244,0.11937168781989956,0.04380269702166477,0.19144019193711548,0.7875124007936508
grass,blocks16,1,0.1625970359915314,tv_shipped_feasible,200,forward,u_test,5.801972458953969,36.66067453433694,16.846794579545573,36.66067453433694,24.73566833450843,0.8702911640379194,0.3496147631346566,5373057.033260074,6264409.747207728,0.0,0.0,0.059377847156783424,0.11938105140736378,0.04380630325740973,0.19142808719979684,0.7875124007936508
grass,blocks16,2,0.1625970359915314,biharmonic,0,,skimage,0.07546479103621095,39.784555247367834,16.13651345999243,39.784555247367834,24.025387214955288,0.8874394337963365,0.42194796458079,5578568.0147737255,6264409.747207728,0.0,0.0,0.17527512837451373,0.3589037286263699,0.021265295184020695,0.05111239230686421,0.06804935515873016
grass,blocks16,2,0.1625970359915314,damaged,0,,,0.0,144.9570454130497,4.906017040363991,144.9570454130497,12.794890795326852,0.7459829495826494,0.07715646239849443,6228790.791781424,6264409.747207728,0.0,0.0,0.19678798167524988,0.5302010688516037,1.0938218610970116,0.13140223813069551,0.87890625
grass,blocks16,2,0.1625970359915314,harmonic,0,,exact sparse solve,0.06347108399495482,34.602062950381,17.348763770824103,34.602062950381,25.237637525786965,0.8861602385846141,0.4147241802193725,5440026.922746371,6264409.747207728,0.0,0.0,0.10981297457347328,0.21974081725691835,7.221952636596807e-31,0.0684656134925174,0.22708953373015872
grass,blocks16,2,0.1625970359915314,meanfill,0,,,0.0,39.21814822896234,16.261061935725323,39.21814822896234,24.14993569068818,0.8588465135036155,0.3148723480072035,5399922.568522676,6264409.747207728,0.0,0.0,0.05970440057927834,0.12244630557020292,0.07787125250186996,0.21730617442926423,0.8838975694444444
grass,blocks16,2,0.1625970359915314,tv_converged,1500,symmetric,u_test,42.467577415984124,37.32625027809758,16.69051633376688,37.32625027809758,24.57939008872974,0.8695688791819718,0.3456975801733704,5378481.736639998,6264409.747207728,0.0,0.0,0.0680902724202236,0.1245246665506418,0.04438922924568802,0.18695666215841628,0.78515625
grass,blocks16,2,0.1625970359915314,tv_corrected,200,symmetric,u_test,5.977917792042717,37.347406752046645,16.685594576615095,37.347406752046645,24.574468331577958,0.8695832257103415,0.345744261376646,5378613.182958259,6264409.747207728,0.0,0.0,0.06787997591953857,0.12466056107708899,0.04365846177822724,0.18601397575454245,0.7844122023809523
grass,blocks16,2,0.1625970359915314,tv_shipped,200,forward,u,4.761531958007254,37.35206554836174,16.684511147523953,37.35206554836174,24.57338468662037,0.8695757245106026,0.3457131114189114,5378619.395683492,6264409.747207728,0.6768727526707892,0.0,0.06780281822931067,0.12466041337232228,0.04359290563243043,0.18602103917379875,0.7842881944444444
grass,blocks16,2,0.1625970359915314,tv_shipped_feasible,200,forward,u_test,4.761531958007254,37.35176859810898,16.68458020093073,37.35176859810898,24.573453955893587,0.8695758815583677,0.3457140280727799,5378633.656881016,6264409.747207728,0.0,0.0,0.06781733705635756,0.1246697002786644,0.04359922508237859,0.1860090555194518,0.7843501984126984
grass,blocks32,0,0.1600161306583325,biharmonic,0,,skimage,0.1849244999466464,48.09108877361984,14.489511417994185,48.09108877361984,22.447873772510324,0.8667118009767567,0.24466895188734109,5497848.038333075,6264409.747207728,0.0,0.0,0.11117174159475159,0.26539316145465325,0.010495933927166417,0.05812834875081036,0.12446446572580645
grass,blocks32,0,0.1600161306583325,damaged,0,,,0.0,140.5464042235566,5.174408829069091,140.5464042235566,13.13277118358523,0.801763291974177,0.07553854447858488,5717767.985771418,6264409.747207728,0.0,0.0,0.08781513607839765,0.26368640071028604,0.4844094259124507,0.236104829111711,0.9384765625
grass,blocks32,0,0.1600161306583325,harmonic,0,,exact sparse solve,0.132140125031583,37.14077852933546,16.733783548740277,37.14077852933546,24.692145903256414,0.8684873523924339,0.2539228977633729,5359613.605941172,6264409.747207728,0.0,0.0,0.05508141099759065,0.12839503548600087,9.39552588642526e-31,0.09456737896958725,0.5436617943548387
grass,blocks32,0,0.1600161306583325,meanfill,0,,,0.0,39.05683465957192,16.29686274443259,39.05683465957192,24.255225098948728,0.8560939056626039,0.20652493368583635,5321201.864205873,6264409.747207728,0.0,0.0,0.024439028017488325,0.06012120141193668,0.03568559144662706,0.36137973430805787,0.941374747983871
grass,blocks32,0,0.1600161306583325,tv_converged,1500,symmetric,u_test,58.45642791700084,38.86917164647514,16.338697901892857,38.86917164647514,24.29706025640899,0.8591776150689506,0.21505241961169705,5313850.147456608,6264409.747207728,0.0,0.0,0.026865342225789762,0.06109884044036781,0.026193025482097187,0.33769112754433517,0.9066910282258065
grass,blocks32,0,0.1600161306583325,tv_corrected,200,symmetric,u_test,7.996436958084814,38.924886485694294,16.326256513976634,38.924886485694294,24.28461886849277,0.859293299844693,0.21557579998975687,5315067.619175809,6264409.747207728,0.0,0.0,0.027151392870362143,0.062400984679096466,0.02552800203060779,0.33376955596710767,0.9029737903225806
grass,blocks32,0,0.1600161306583325,tv_shipped,200,forward,u,6.269736125017516,38.95701229843417,16.31909075956709,38.95701229843417,24.277450513211395,0.8592853126487924,0.21553758093109804,5315297.552898931,6264409.747207728,1.2136101577581258,0.0,0.027253157043112018,0.06260561191273056,0.025663580819974798,0.3340356488181953,0.9029107862903226
grass,blocks32,0,0.1600161306583325,tv_shipped_feasible,200,forward,u_test,6.269736125017516,38.95501720148493,16.31953559952398,38.95501720148493,24.27789795404012,0.8592829054067946,0.21552559627098464,5315341.869595143,6264409.747207728,0.0,0.0,0.027258109144966625,0.06263253384548714,0.025656240192266415,0.33379651443499675,0.9026272681451613
grass,blocks32,1,0.1600161306583325,biharmonic,0,,skimage,0.24067779094912112,49.20136242072857,14.291261031538324,49.20136242072857,22.24962338605446,0.8679046593321426,0.24996323289230973,5524519.488026443,6264409.747207728,0.0,0.0,0.12438365306632328,0.2709316198918273,0.012110626145885596,0.06192587718163439,0.14046748991935484
grass,blocks32,1,0.1600161306583325,damaged,0,,,0.0,141.97392613830542,5.086631759610661,141.97392613830542,13.0449941141268,0.8006707715554607,0.07554024580181036,5751112.64834964,6264409.747207728,0.0,0.0,0.10321148492861158,0.2740926323051766,0.5275799461514735,0.24351286644867834,0.9384765625
grass,blocks32,1,0.1600161306583325,harmonic,0,,exact sparse solve,0.1019793750019744,36.70085486570846,16.837280002582254,36.70085486570846,24.795642357098394,0.870408688738623,0.262911453245397,5393432.842871604,6264409.747207728,0.0,0.0,0.06814430268062008,0.1384585917709647,9.65823901724674e-31,0.09358874331104172,0.515656502016129
grass,blocks32,1,0.1600161306583325,meanfill,0,,,0.0,39.057071824666686,16.29681000120333,39.057071824666686,24.255172355719466,0.8559850112975154,0.20788678057279159,5353873.729901214,6264409.747207728,0.0,0.0,0.029372599530324513,0.06551820813806387,0.04286659987539754,0.36647289276527556,0.9413432459677419
grass,blocks32,1,0.1600161306583325,tv_converged,1500,symmetric,u_test,56.18777175003197,38.49140921264213,16.423527381034656,38.49140921264213,24.381889735550793,0.8604305220294063,0.22175814814481445,5346388.523257566,6264409.747207728,0.0,0.0,0.03208361643900255,0.06659247633993536,0.03071090836457465,0.32935433839214917,0.9053364415322581
grass,blocks32,1,0.1600161306583325,tv_corrected,200,symmetric,u_test,7.423926166957244,38.43650784542615,16.435925150682255,38.43650784542615,24.394287505198392,0.860554273188971,0.2222322683288766,5347750.181821265,6264409.747207728,0.0,0.0,0.03254849005098654,0.06782649276762577,0.02950063669973653,0.31990448261419385,0.8985635080645161
grass,blocks32,1,0.1600161306583325,tv_shipped,200,forward,u,5.9062972500687465,38.495964934178694,16.4224994074228,38.495964934178694,24.38085917671792,0.8605391423017531,0.22217245963098264,5347895.907196482,6264409.747207728,1.0658136250339396,0.0,0.032618028488668266,0.06795423924218337,0.02948377069829691,0.32015069401221924,0.8977129536290323
grass,blocks32,1,0.1600161306583325,tv_shipped_feasible,200,forward,u_test,5.9062972500687465,38.49186591829839,16.42342432241782,38.49186591829839,24.38178667693396,0.8605370697803033,0.2221623430511046,5347937.413582624,6264409.747207728,0.0,0.0,0.03262688689232407,0.06799228136514543,0.0294842023058849,0.31990451655132124,0.8977444556451613
grass,blocks32,2,0.1600161306583325,biharmonic,0,,skimage,0.10380387492477894,48.15095656375173,14.478705224438968,48.15095656375173,22.43706757895511,0.866845357864001,0.24598557134820315,5524391.407303483,6264409.747207728,0.0,0.0,0.12203883767225952,0.27167059476269123,0.01061102315009201,0.05764343836481595,0.1043976814516129
grass,blocks32,2,0.1600161306583325,damaged,0,,,0.0,142.4651988445053,5.056627836967448,142.4651988445053,13.014990191483584,0.7986048238711555,0.06738742203230312,5748502.866125683,6264409.747207728,0.0,0.0,0.10097906391108623,0.26907117315473184,0.5166655967462532,0.23887308977795133,0.9384765625
grass,blocks32,2,0.1600161306583325,harmonic,0,,exact sparse solve,0.07663166697602719,37.16033338181031,16.729211576934258,37.16033338181031,24.687573931450398,0.8696680000255331,0.26074615155367636,5392797.106768965,6264409.747207728,0.0,0.0,0.06519418554402241,0.13791697491822807,9.864538717867075e-31,0.08859186024426195,0.4790196572580645
grass,blocks32,2,0.1600161306583325,meanfill,0,,,0.0,38.755695801857364,16.364092840330528,38.755695801857364,24.322455194846665,0.8548471464726225,0.20593642386534525,5353917.571764096,6264409.747207728,0.0,0.0,0.025992609488909107,0.06134876197915132,0.040652158764071814,0.3659557886241903,0.9415007560483871
grass,blocks32,2,0.1600161306583325,tv_converged,1500,symmetric,u_test,37.59355354204308,38.91193424576576,16.329147221139802,38.91193424576576,24.287509575655942,0.8587938739597418,0.21715105125644024,5347405.461955036,6264409.747207728,0.0,0.0,0.02954559057676294,0.0647765847227403,0.028863443845845296,0.3277191053102601,0.8983114919354839
grass,blocks32,2,0.1600161306583325,tv_corrected,200,symmetric,u_test,5.238655208027922,38.93902595647512,16.323101936194945,38.93902595647512,24.281464290711078,0.858823625593705,0.2173125843542896,5348611.044712444,6264409.747207728,0.0,0.0,0.03006971524741124,0.06578906753852354,0.028293326585240572,0.3213099636429936,0.8951297883064516
grass,blocks32,2,0.1600161306583325,tv_shipped,200,forward,u,4.137118375045247,39.025968406154846,16.30372983613934,39.025968406154846,24.26208870873178,0.8587441970317992,0.21707148191116674,5348799.927831818,6264409.747207728,1.227852034855502,0.0,0.0301594456933819,0.0659414406039438,0.028422546413303797,0.3220310349649228,0.8959803427419355
grass,blocks32,2,0.1600161306583325,tv_shipped_feasible,200,forward,u_test,4.137118375045247,39.01877916049161,16.305330071812726,39.01877916049161,24.263692426328866,0.8587514881003248,0.21709382806986102,5348863.245255144,6264409.747207728,0.0,0.0,0.030169632978072517,0.0659851495706779,0.028415673307773295,0.3217116865679814,0.8956968245967742
grass,blocks64,0,0.16517794132473032,biharmonic,0,,skimage,0.2931949170306325,47.704761107151036,14.559569101513334,47.704761107151036,22.380048611173137,0.8556789750208625,0.17560045583128947,5430228.385569601,6264409.747207728,0.0,0.0,0.07953904264873778,0.18128792338834077,0.005563365869136949,0.07426878399477932,0.29156494140625
grass,blocks64,0,0.16517794132473032,damaged,0,,,0.0,141.17284021010656,5.13578056408608,141.17284021010656,12.956260073745884,0.8193848753335474,0.07610230589392197,5509233.12599184,6264409.747207728,0.0,0.0,0.05075738747667287,0.13929945357533982,0.26976923135995506,0.4296460542427067,0.968994140625
grass,blocks64,0,0.16517794132473032,harmonic,0,,exact sparse solve,0.17422366701066494,37.294354658419095,16.69794167826986,37.294354658419095,24.51842118792966,0.8562753607647735,0.1788921367378491,5328520.204430032,6264409.747207728,0.0,0.0,0.037167697179374126,0.07940173226459465,9.521845747938926e-31,0.1301821860312633,0.7542724609375
grass,blocks64,0,0.16517794132473032,meanfill,0,,,0.0,38.78493506645909,16.357542234935075,38.78493506645909,24.178021744594883,0.8485685178951352,0.1489163438660433,5296662.992256876,6264409.747207728,0.0,0.0,0.014289724987156619,0.032222393216476394,0.019618622664025632,0.5942368919513629,0.970489501953125
grass,blocks64,0,0.16517794132473032,tv_converged,1500,symmetric,u_test,60.904279459035024,38.5550787216675,16.409171724614264,38.5550787216675,24.22965123427407,0.849534434947479,0.15158575924575501,5294984.608486795,6264409.747207728,0.0,0.0,0.014811307127580145,0.032278828503296095,0.01711760116955087,0.5669677356204686,0.96258544921875
grass,blocks64,0,0.16517794132473032,tv_corrected,200,symmetric,u_test,8.102306250017136,44.945272666820635,15.077123219076148,44.945272666820635,22.897602728735954,0.8483107946678429,0.14996815095617036,5308566.587057746,6264409.747207728,0.0,0.0,0.01721176707135224,0.04088270200257028,0.02447707948436388,0.5405930314673947,0.9532470703125
grass,blocks64,0,0.16517794132473032,tv_shipped,200,forward,u,6.238138333079405,47.300705995394445,14.633451150110668,47.300705995394445,22.45392046940038,0.847482201971973,0.14784825951739322,5313351.397178743,6264409.747207728,2.393591125808456,0.0,0.018107327686379907,0.04378964961848086,0.027296053794876644,0.5331042798349792,0.949920654296875
grass,blocks64,0,0.16517794132473032,tv_shipped_feasible,200,forward,u_test,6.238138333079405,47.09797694115141,14.670758554068957,47.09797694115141,22.491238063728765,0.8475748535898293,0.14811102579593627,5313042.102309465,6264409.747207728,0.0,0.0,0.018037299968100797,0.04353616980162825,0.027041131401179593,0.5336233560429602,0.949676513671875
grass,blocks64,1,0.16517794132473032,biharmonic,0,,skimage,0.3004143330035731,59.38006180344887,12.657990703100399,59.38006180344887,20.478470212760204,0.8507017240097239,0.15181083517963379,5421411.45054639,6264409.747207728,0.0,0.0,0.08290533599231904,0.19732075445674524,0.006109825353659804,0.07245601668367875,0.247772216796875
grass,blocks64,1,0.16517794132473032,damaged,0,,,0.0,142.26542679145996,5.068816187176513,142.26542679145996,12.889295696836317,0.8155671934230027,0.061383204616752694,5475817.613616284,6264409.747207728,0.0,0.0,0.053089654653781536,0.137457744705358,0.2495549200628806,0.43444193040675366,0.968994140625
grass,blocks64,1,0.16517794132473032,harmonic,0,,exact sparse solve,0.15504650003276765,39.06142620589807,16.295841685738733,39.06142620589807,24.116321195398534,0.8535839091694744,0.16644624285305804,5297035.780856397,6264409.747207728,0.0,0.0,0.034465824369659934,0.07759240697646046,9.856127950715258e-31,0.12751230314672793,0.73797607421875
grass,blocks64,1,0.16517794132473032,meanfill,0,,,0.0,39.44953838401222,16.209965094499942,39.44953838401222,24.030444604159747,0.8465931158147846,0.13964376240718607,5266610.0693263365,6264409.747207728,0.0,0.0,0.014907073401761192,0.03320988482134743,0.018942233188099174,0.5947821212833646,0.970062255859375
grass,blocks64,1,0.16517794132473032,tv_converged,1500,symmetric,u_test,54.43585983396042,39.940408652963185,16.10255352726986,39.940408652963185,23.923033036929663,0.8473253257680328,0.1412897494358843,5264364.807469195,6264409.747207728,0.0,0.0,0.015890762413092542,0.033251617409729796,0.015654949363388272,0.5454407542730796,0.955352783203125
grass,blocks64,1,0.16517794132473032,tv_corrected,200,symmetric,u_test,7.319162667030469,46.417152096846095,14.797233788722524,46.417152096846095,22.617713298382327,0.8451726376286264,0.13592401529893858,5276529.084669136,6264409.747207728,0.0,0.0,0.019396583425769588,0.0427415930051234,0.020397869464967883,0.5123371702966687,0.944488525390625
grass,blocks64,1,0.16517794132473032,tv_shipped,200,forward,u,5.960225334041752,48.82690287836672,14.357620057050827,48.82690287836672,22.17808908307843,0.84418800993286,0.1332317450711844,5280970.253441778,6264409.747207728,2.2484022171702236,0.0,0.020637539689119678,0.045751850298102865,0.022577729127218362,0.5027402850974664,0.941436767578125
grass,blocks64,1,0.16517794132473032,tv_shipped_feasible,200,forward,u_test,5.960225334041752,48.62280926142123,14.394002662717174,48.62280926142123,22.214482172376975,0.8442865930053594,0.1335072571544805,5280695.356755126,6264409.747207728,0.0,0.0,0.020527651929818747,0.04547488398948698,0.02238496549217116,0.5036334167958563,0.941131591796875
grass,blocks64,2,0.16517794132473032,biharmonic,0,,skimage,0.17098362499382347,56.81650204966889,13.041313757755027,56.81650204966889,20.861793267414832,0.8506611475892626,0.15022767601294287,5433428.900207553,6264409.747207728,0.0,0.0,0.0810569623588559,0.18182584820892025,0.005794246797864023,0.07390331907817964,0.28704833984375
grass,blocks64,2,0.16517794132473032,damaged,0,,,0.0,142.6089000390976,5.047871006180679,142.6089000390976,12.868350515840483,0.8174628599914963,0.06985426376840267,5516332.73999965,6264409.747207728,0.0,0.0,0.054270239310463576,0.1387035475895141,0.28248221789920636,0.4341750053849842,0.968994140625
grass,blocks64,2,0.16517794132473032,harmonic,0,,exact sparse solve,0.07624395797029138,38.234340308272934,16.48173158241365,38.234340308272934,24.302211092073456,0.8544528994962078,0.17020276783731123,5330350.740203567,6264409.747207728,0.0,0.0,0.038510868221412246,0.07882165995478845,9.851088987445685e-31,0.13072597422468252,0.754241943359375
grass,blocks64,2,0.16517794132473032,meanfill,0,,,0.0,38.22450370836927,16.48396650036846,38.22450370836927,24.30444601002826,0.8480687053826217,0.14603777021544764,5299567.728047903,6264409.747207728,0.0,0.0,0.01828056973856742,0.03337020962898297,0.020023603531121332,0.5986875055127336,0.970733642578125
grass,blocks64,2,0.16517794132473032,tv_converged,1500,symmetric,u_test,36.38802145794034,38.1739470695451,16.49546226880164,38.1739470695451,24.315941778461443,0.8487247458750895,0.14758739105246804,5298294.623009692,6264409.747207728,0.0,0.0,0.018473045023670007,0.03350524357177326,0.01716210020423524,0.5595066461171805,0.963409423828125
grass,blocks64,2,0.16517794132473032,tv_corrected,200,symmetric,u_test,5.05463712499477,45.104224624686445,15.046459181202831,45.104224624686445,22.866938690862636,0.8461853094081284,0.14249938495644995,5314601.095002609,6264409.747207728,0.0,0.0,0.021312833654233372,0.04158390016923467,0.02564124172406268,0.536051644557688,0.95233154296875
grass,blocks64,2,0.16517794132473032,tv_shipped,200,forward,u,3.9059577910229564,47.69912784883459,14.560594842929781,47.69912784883459,22.38106499436213,0.8450509953715061,0.13936555888807275,5320054.345888636,6264409.747207728,2.7126872654771716,0.0,0.022254099722486275,0.044714850003983196,0.028763021479600012,0.5294924133073583,0.950042724609375
grass,blocks64,2,0.16517794132473032,tv_shipped_feasible,200,forward,u_test,3.9059577910229564,47.48026289551132,14.600541309618682,47.48026289551132,22.421020819278485,0.8451596236831505,0.1396768391835687,5319631.511680266,6264409.747207728,0.0,0.0,0.022183381590096852,0.04442927018191061,0.028483926690824127,0.5301000079553893,0.949676513671875
grass,blocks8,0,0.16227442282488155,biharmonic,0,,skimage,0.08128966693766415,32.09225823752697,18.002798044836904,32.09225823752697,25.90029731369574,0.9183110970062849,0.6708911995527018,5687830.2781827925,6264409.747207728,0.0,0.0,0.24907880561475548,0.4796248589154019,0.039540894022143204,0.042464534145484914,0.03466699801192843
grass,blocks8,0,0.16227442282488155,damaged,0,,,0.0,143.16161175405884,5.01427202555843,143.16161175405884,12.91177129441727,0.6459999061077124,0.09923795409766424,7180118.425674761,6264409.747207728,0.0,0.0,0.3644977063369745,1.0423828954957672,2.378595830813495,0.0726436878177977,0.765625
grass,blocks8,0,0.16227442282488155,harmonic,0,,exact sparse solve,0.05840541701763868,30.668249302594525,18.397023908999174,30.668249302594525,26.294523177858014,0.9151946643286407,0.6563503850146044,5547740.7041686,6264409.747207728,0.0,0.0,0.1733912669403612,0.33329414557674136,6.6155373512831e-31,0.050938184345622334,0.0801441351888668
grass,blocks8,0,0.16227442282488155,meanfill,0,,,0.0,38.830845335290334,16.347266706614278,38.830845335290334,24.24476597547312,0.8682661605546591,0.5104445918354031,5568900.824437596,6264409.747207728,0.0,0.0,0.09950932587871252,0.23896425513766423,0.16145358311804944,0.12018707765808238,0.7759070576540755
grass,blocks8,0,0.16227442282488155,tv_converged,1500,symmetric,u_test,46.922038958990015,33.56946597500329,17.611914958252065,33.56946597500329,25.509414227110902,0.8984552330907682,0.593066023707977,5478935.231534862,6264409.747207728,0.0,0.0,0.11666674861415527,0.21822049277760444,0.06443155938687321,0.1111741379065483,0.5746458747514911
grass,blocks8,0,0.16227442282488155,tv_corrected,200,symmetric,u_test,6.487513749976642,33.56500458495238,17.613069391774765,33.56500458495238,25.510568660633602,0.898462972104522,0.5930930957075113,5478962.810801637,6264409.747207728,0.0,0.0,0.11666894602364493,0.21824099489884524,0.06428235890465377,0.11110897077376777,0.5747390656063618
grass,blocks8,0,0.16227442282488155,tv_shipped,200,forward,u,5.390688417013735,33.564136462105196,17.6132940459004,33.564136462105196,25.5107933013034,0.8984642115243563,0.593097102759827,5478957.9984889915,6264409.747207728,0.16657564277575432,0.0,0.11667534799360013,0.21824229034091663,0.06428948304404991,0.11112258433228327,0.5746458747514911
grass,blocks8,0,0.16227442282488155,tv_shipped_feasible,200,forward,u_test,5.390688417013735,33.56424044147133,17.613267137658596,33.56424044147133,25.510766406517433,0.8984640522011534,0.5930965528581248,5478963.323144711,6264409.747207728,0.0,0.0,0.11667415854011273,0.2182435590994533,0.06429090628963821,0.1111219771450714,0.5746769383697813
grass,blocks8,1,0.16227442282488155,biharmonic,0,,skimage,0.09753929101862013,32.54697025615605,17.880592268121145,32.54697025615605,25.778091536979982,0.9160937036321614,0.6608425156442449,5694809.355780219,6264409.747207728,0.0,0.0,0.25496892739801014,0.4829031855051816,0.04027663914182326,0.04404850691670527,0.03472912524850895
grass,blocks8,1,0.16227442282488155,damaged,0,,,0.0,142.4696205758541,5.056358254818195,142.4696205758541,12.953857523677035,0.6502803484307041,0.11038258177216889,7193893.411307151,6264409.747207728,0.0,0.0,0.38051482493782024,1.0587930510510173,2.437354484084964,0.07267195762873642,0.765625
grass,blocks8,1,0.16227442282488155,harmonic,0,,exact sparse solve,0.06418824999127537,30.479528716558473,18.450638658070915,30.479528716558473,26.348137926929756,0.9147468596358364,0.6530964789362932,5554445.140545978,6264409.747207728,0.0,0.0,0.17915252601169046,0.33559075528123633,6.629324683335849e-31,0.053995505730837,0.08300198807157058
grass,blocks8,1,0.16227442282488155,meanfill,0,,,0.0,38.328109350905336,16.46045567061542,38.328109350905336,24.357954939474258,0.8687339832195188,0.5122273875548903,5582568.0720566865,6264409.747207728,0.0,0.0,0.10728298239751224,0.24391725285454968,0.16717151029504446,0.11929917597655153,0.7752857852882704
grass,blocks8,1,0.16227442282488155,tv_converged,1500,symmetric,u_test,55.29259862494655,33.02662600565037,17.753519438497946,33.02662600565037,25.65101870735678,0.8992496768084748,0.5942278267467411,5487159.246185363,6264409.747207728,0.0,0.0,0.12548344200046774,0.22146224524131053,0.06474511758495007,0.11293536264634974,0.5767271371769384
grass,blocks8,1,0.16227442282488155,tv_corrected,200,symmetric,u_test,7.445003833039664,33.02179100782767,17.754791119469637,33.02179100782767,25.652290388328474,0.8992700899554359,0.5943069093889577,5487187.624743171,6264409.747207728,0.0,0.0,0.12551187613736423,0.22148688996867105,0.06454616503285789,0.11287861326409879,0.5767271371769384
grass,blocks8,1,0.16227442282488155,tv_shipped,200,forward,u,5.6999457500642166,33.02105323732929,17.754985181164002,33.02105323732929,25.65248443724547,0.8992719279093621,0.594313552037446,5487182.776166677,6264409.747207728,0.11704809962736817,0.0,0.12551000286015968,0.22148681967828693,0.06455876787749132,0.11287895541705331,0.5768203280318092
grass,blocks8,1,0.16227442282488155,tv_shipped_feasible,200,forward,u_test,5.6999457500642166,33.021149155849315,17.754959950700783,33.021149155849315,25.652459219559624,0.8992716711994168,0.5943125378045626,5487189.02176589,6264409.747207728,0.0,0.0,0.12551086995266508,0.22148852843033104,0.0645611213604057,0.11287857289109629,0.5767582007952287
grass,blocks8,2,0.16227442282488155,biharmonic,0,,skimage,0.04979491699486971,31.761188220955084,18.092868778822776,31.761188220955084,25.990368047681613,0.9168991630759643,0.6652073287777056,5691831.721460379,6264409.747207728,0.0,0.0,0.2561286038799487,0.48169921826834283,0.03910963148953626,0.042320823965546595,0.03202659045725646
grass,blocks8,2,0.16227442282488155,damaged,0,,,0.0,143.0951760361651,5.018303743572638,143.0951760361651,12.915803012431477,0.6488316387540715,0.10904905563377322,7206903.402093223,6264409.747207728,0.0,0.0,0.37471643383659364,1.063165943611239,2.4884848782478945,0.0727725331581779,0.765625
grass,blocks8,2,0.16227442282488155,harmonic,0,,exact sparse solve,0.07532683294266462,30.24626062496201,18.517369807638847,30.24626062496201,26.414869076497688,0.9148658891281761,0.655624876195417,5555756.886616475,6264409.747207728,0.0,0.0,0.17963248400436768,0.3384390427446202,6.460999957688392e-31,0.051014213538484454,0.07939860834990059
grass,blocks8,2,0.16227442282488155,meanfill,0,,,0.0,38.836228113585314,16.346062741633624,38.836228113585314,24.24356201049246,0.8673521728163516,0.5080108510166431,5580767.128185772,6264409.747207728,0.0,0.0,0.10411965229357435,0.24539890327605726,0.1687713293869468,0.11878549572508448,0.776559393638171
grass,blocks8,2,0.16227442282488155,tv_converged,1500,symmetric,u_test,44.447261332999915,32.793280315954476,17.815106381200344,32.793280315954476,25.71260565005918,0.8989042640239918,0.5957375054892409,5488186.344631458,6264409.747207728,0.0,0.0,0.12681187568548732,0.22396981624116719,0.06575983412424942,0.10724757360714139,0.5712288767395626
grass,blocks8,2,0.16227442282488155,tv_corrected,200,symmetric,u_test,6.689278875011951,32.78797087688463,17.816512795413637,32.78797087688463,25.71401206427247,0.898920673231068,0.5957931851868183,5488213.7023093095,6264409.747207728,0.0,0.0,0.1268093428507027,0.22393660065241144,0.06567186005738701,0.10713178623018878,0.5713220675944334
grass,blocks8,2,0.16227442282488155,tv_shipped,200,forward,u,5.598921624943614,32.787549465322265,17.81662443263142,32.787549465322265,25.71412369211731,0.8989220385978454,0.5957988369256684,5488209.198030786,6264409.747207728,0.07220446162492067,0.0,0.12680498309374053,0.22393217433456436,0.065654087726118,0.10711420976187576,0.5713220675944334
grass,blocks8,2,0.16227442282488155,tv_shipped_feasible,200,forward,u_test,5.598921624943614,32.78758102811378,17.816616071201665,32.78758102811378,25.714115340060502,0.8989219191158123,0.595798353354091,5488214.838653705,6264409.747207728,0.0,0.0,0.12680568017233973,0.22393423077317698,0.06565525517693413,0.10711476129033728,0.5713220675944334
grass,canonical,0,0.16232483113217058,biharmonic,0,,skimage,0.11135858402121812,37.39601929539569,16.67429610480501,37.39601929539569,24.570446507355204,0.915087592657638,0.6077270045587242,5681728.632747664,6264409.747207728,0.0,0.0,0.2726664720895644,0.4812418516117672,0.042571144374001904,0.04600037696907178,0.05363020930376995
grass,canonical,0,0.16232483113217058,damaged,0,,,0.0,143.09071158579027,5.018574740326359,143.09071158579027,12.914725142876552,0.6676369567501639,0.13212272320492838,7762804.887592569,6264409.747207728,0.0,0.0,0.4999240010784092,1.3622503785752043,4.797231458753737,0.06250102934377318,0.7123160052170673
grass,canonical,0,0.16232483113217058,harmonic,0,,exact sparse solve,0.07903208304196596,31.11206839150089,18.272225912281627,31.11206839150089,26.16837631483182,0.9109267785205462,0.5950291542702122,5545843.902325168,6264409.747207728,0.0,0.0,0.1999589928764911,0.345565287138711,6.927164638974948e-31,0.057806398580377755,0.21284392273771816
grass,canonical,0,0.16232483113217058,meanfill,0,,,0.0,39.588565370926005,16.17940833129073,39.588565370926005,24.075558733840925,0.863850757480655,0.4740903733479226,5661866.613417269,6264409.747207728,0.0,0.0,0.1428049860316794,0.3176058090411785,0.28955140018936043,0.09906782734041208,0.7236507049251599
grass,canonical,0,0.16232483113217058,tv_converged,1500,symmetric,u_test,43.23305716610048,33.18389367102666,17.712256746081874,33.18389367102666,25.608407148632068,0.9005147556308042,0.5580915404173612,5485371.316079601,6264409.747207728,0.0,0.0,0.1668417357278121,0.25644253714859777,0.06852538288910591,0.09995366607260761,0.5710204335134463
grass,canonical,0,0.16232483113217058,tv_corrected,200,symmetric,u_test,6.052674291073345,33.30672285404845,17.68016554291894,33.30672285404845,25.576315945469126,0.9005237624943193,0.5581036435937983,5485922.750378507,6264409.747207728,0.0,0.0,0.16676453079901268,0.2570677310302995,0.0682364404819609,0.09990875791749305,0.5689708713744488
grass,canonical,0,0.16232483113217058,tv_shipped,200,forward,u,4.471025584032759,33.40000145837987,17.655873893186545,33.40000145837987,25.5520220356373,0.9004863009950661,0.5579667775522399,5486050.813596884,6264409.747207728,1.52862679927739,0.0,0.16671958477866583,0.257198611100821,0.06828689435380268,0.09994235913615662,0.5687224396000249
grass,canonical,0,0.16232483113217058,tv_shipped_feasible,200,forward,u_test,4.471025584032759,33.390914749423125,17.658237273003433,33.390914749423125,25.554387675553627,0.9004910845426664,0.5579855302533459,5486059.916821843,6264409.747207728,0.0,0.0,0.1667223948659567,0.25719472879867505,0.06828652282796666,0.09993751137531849,0.5686292776846159
grass,dropout,0,0.16229962697852607,biharmonic,0,,skimage,0.04223979194648564,18.431813150544528,22.81944242513919,18.431813150544528,30.716267208476005,0.9714017844462107,0.9681199936368179,5936958.325878242,6264409.747207728,0.0,0.0,0.6261200066539337,0.815175516114567,0.13739907643310623,0.03938905421731446,0.0173618660123614
grass,dropout,0,0.16229962697852607,damaged,0,,,0.0,142.36922756072732,5.06248103400816,142.36922756072732,12.959305817344974,0.37470456032503835,0.34968203102420875,16438142.198785586,6264409.747207728,0.0,0.0,2.006237721990582,5.49435207019152,44.50339681783427,0.018412211019270684,0.026120446004286115
grass,dropout,0,0.16229962697852607,harmonic,0,,exact sparse solve,0.04174166708253324,19.057763017486376,22.529365164455587,19.057763017486376,30.4261899477924,0.9694316083903178,0.96584029757683,5846100.855580283,6264409.747207728,0.0,0.0,0.5816004074379002,0.7587745516838957,8.497879237708302e-32,0.03936760652222132,0.02118209771096686
grass,dropout,0,0.16229962697852607,meanfill,0,,,0.0,38.80201758047127,16.35371744664823,38.80201758047127,24.250542229985044,0.869934749848545,0.8575087493480321,7090056.924549951,6264409.747207728,0.0,0.0,0.604594445335096,1.32730956119024,2.3168980749688477,0.03078366230905981,0.04177407833027922
grass,dropout,0,0.16229962697852607,tv_converged,1500,symmetric,u_test,51.72609120910056,18.878587280674278,22.611413766178657,18.878587280674278,30.50823854951547,0.9696714485955362,0.9657308490046485,5789433.052690452,6264409.747207728,0.0,0.0,0.6124624828373185,0.70700883366199,0.13789366260779992,0.05057301473120594,0.10131378699878871
grass,dropout,0,0.16229962697852607,tv_corrected,200,symmetric,u_test,7.2252321660052985,18.87900627450261,22.611220992550397,18.87900627450261,30.508045775887208,0.9696710967799888,0.9657308041769846,5789433.889450849,6264409.747207728,0.0,0.0,0.6123599003159631,0.7069856038772148,0.13774767783069253,0.05053962297215145,0.10125166941019349
grass,dropout,0,0.16229962697852607,tv_shipped,200,forward,u,5.295083750039339,18.87907269020026,22.6111904359418,18.87907269020026,30.508015206436482,0.9696709238519137,0.9657304953590556,5789429.488493266,6264409.747207728,0.025395330895889856,0.0,0.6123512678868344,0.7069832667561957,0.13774882533331373,0.05053958526603049,0.10125166941019349
grass,dropout,0,0.16229962697852607,tv_shipped_feasible,200,forward,u_test,5.295083750039339,18.87905586696117,22.611198175986328,18.87905586696117,30.508022959323142,0.9696709518385034,0.9657305205758469,5789433.831134358,6264409.747207728,0.0,0.0,0.6123530541925172,0.7069838516997736,0.1377515718377371,0.05053999141889886,0.10125166941019349
grass,dropout,1,0.16229962697852607,biharmonic,0,,skimage,0.0583050410496071,18.323906660497602,22.87044219123263,18.323906660497602,30.767266974569445,0.9715879002073583,0.9683222985835648,5939407.598755702,6264409.747207728,0.0,0.0,0.6228898908202174,0.8157740313904454,0.1375710455286201,0.038865068727125744,0.016740690126409292
grass,dropout,1,0.16229962697852607,damaged,0,,,0.0,141.84071378079886,5.094785446968202,141.84071378079886,12.991610230305016,0.3789210339840505,0.3548293478844841,16425066.972757272,6264409.747207728,0.0,0.0,2.0050881317761986,5.511238221431129,44.44627927192978,0.01843775812413641,0.026306798770071745
grass,dropout,1,0.16229962697852607,harmonic,0,,exact sparse solve,0.050230166991241276,18.942234038831163,22.58217964487975,18.942234038831163,30.479004428216566,0.9697262606285381,0.9660922643435418,5848117.789148957,6264409.747207728,0.0,0.0,0.5783730806107479,0.7582716697749072,9.230505624146568e-32,0.0394524858995891,0.021430568065347703
grass,dropout,1,0.16229962697852607,meanfill,0,,,0.0,38.902919188600066,16.33115978785468,38.902919188600066,24.227984571191495,0.869309822624822,0.8565423553615555,7091999.519136978,6264409.747207728,0.0,0.0,0.5943350433397626,1.3283987934083739,2.3117399073395473,0.03072691588605584,0.04264372457061217
grass,dropout,1,0.16229962697852607,tv_converged,1500,symmetric,u_test,60.12393795803655,18.703140971374832,22.692512662990076,18.703140971374832,30.589337446326887,0.9700467126367784,0.9660977585479588,5791107.759913464,6264409.747207728,0.0,0.0,0.6050989258197782,0.7042059165187702,0.13958336311274247,0.05030752392515488,0.10271143274218095
grass,dropout,1,0.16229962697852607,tv_corrected,200,symmetric,u_test,7.955855374922976,18.70364349268274,22.692279291173488,18.70364349268274,30.589104074510303,0.9700463736797783,0.9660946124408768,5791109.134232466,6264409.747207728,0.0,0.0,0.605085323589022,0.704231265671004,0.13921330269256244,0.05027683178960682,0.10271143274218095
grass,dropout,1,0.16229962697852607,tv_shipped,200,forward,u,6.171247499994934,18.70340922461692,22.69238808491251,18.70340922461692,30.589212852916617,0.9700466382797371,0.9660957169106111,5791104.220816518,6264409.747207728,0.028276463351431858,0.0,0.6050883558049223,0.7042264256424589,0.13923584018569551,0.05027725944244113,0.10271143274218095
grass,dropout,1,0.16229962697852607,tv_shipped_feasible,200,forward,u_test,6.171247499994934,18.703395501612473,22.69239445789748,18.703395501612473,30.58921924123429,0.9700466579302113,0.9660957475259598,5791109.009858858,6264409.747207728,0.0,0.0,0.6050892513490971,0.7042267598369966,0.13923976936873783,0.05027772683386644,0.10271143274218095
grass,dropout,2,0.16229962697852607,biharmonic,0,,skimage,0.08586225006729364,18.444529453998456,22.813452003910733,18.444529453998456,30.71027678724755,0.9709807029580738,0.967342992348619,5931887.767367703,6264409.747207728,0.0,0.0,0.6192667464789033,0.8152137529591742,0.13401141359092436,0.038622040423243915,0.018262571046991957
grass,dropout,2,0.16229962697852607,damaged,0,,,0.0,142.428286787944,5.058878601323732,142.428286787944,12.955703384660547,0.37384776032363226,0.34889310602638657,16438254.164868155,6264409.747207728,0.0,0.0,2.042751528944266,5.521484356234734,43.90157649367329,0.018341712873105306,0.026120446004286115
grass,dropout,2,0.16229962697852607,harmonic,0,,exact sparse solve,0.05015879194252193,19.11515171725142,22.503248621265723,19.11515171725142,30.400073404602537,0.968852719594299,0.9648199721611729,5841181.8105126815,6264409.747207728,0.0,0.0,0.5790832205051517,0.7586685339200598,8.57999665754799e-32,0.03931805387713854,0.020747274590800384
grass,dropout,2,0.16229962697852607,meanfill,0,,,0.0,38.78201520952567,16.35819616176872,38.78201520952567,24.255020945105535,0.8695716762924898,0.8572070712541413,7066502.336497718,6264409.747207728,0.0,0.0,0.602488768512466,1.3229958928951064,2.250295415035659,0.03083543122539272,0.04236419542193372
grass,dropout,2,0.16229962697852607,tv_converged,1500,symmetric,u_test,52.49730779102538,18.990353482741128,22.560142634975975,18.990353482741128,30.45696741831279,0.968869712623127,0.9645286076990947,5783530.635096076,6264409.747207728,0.0,0.0,0.6118248619959507,0.7069984278233064,0.13867002771740505,0.05047987549793327,0.10603472373202472
grass,dropout,2,0.16229962697852607,tv_corrected,200,symmetric,u_test,7.336268416955136,18.991696793736203,22.55952824733904,18.991696793736203,30.456353030675857,0.9688677638695242,0.9645262019300447,5783531.995594557,6264409.747207728,0.0,0.0,0.6116345346807993,0.706977813838437,0.1383685280960182,0.050415731263408654,0.10603472373202472
grass,dropout,2,0.16229962697852607,tv_shipped,200,forward,u,5.621715834015049,18.991955357039174,22.55940999371218,18.991955357039174,30.456234761757067,0.9688674270232849,0.9645258942344711,5783527.321628883,6264409.747207728,0.03237228322626606,0.0,0.6116073301560058,0.7069701244473672,0.13834504484534055,0.050407944189228615,0.10603472373202472
grass,dropout,2,0.16229962697852607,tv_shipped_feasible,200,forward,u_test,5.621715834015049,18.991944740811277,22.559414849000007,18.991944740811277,30.45623963233682,0.9688674418921609,0.964525909351484,5783532.235118895,6264409.747207728,0.0,0.0,0.6116099450919673,0.706970792021649,0.13834974125889074,0.050408979261620704,0.10603472373202472
grass,scratch,0,0.1632220990019155,biharmonic,0,,skimage,0.08639779197983444,25.558709144060224,19.98002529326197,25.558709144060224,27.852235708345404,0.9481524077398427,0.8576151459645504,5790141.929984804,6264409.747207728,0.0,0.0,0.37379683128635954,0.6277760338134627,0.06886768087554149,0.0364550211780796,0.0218035824583076
grass,scratch,0,0.1632220990019155,damaged,0,,,0.0,141.74618733658957,5.10057588573285,141.74618733658957,12.972786300816283,0.6053573245348911,0.18259120533806833,8946533.737673342,6264409.747207728,0.0,0.0,0.7464560540946223,1.999470130215976,5.708618497426652,0.04344567343458526,0.5611179740580605
grass,scratch,0,0.1632220990019155,harmonic,0,,exact sparse solve,0.07609620899893343,25.697954005502147,19.93283265916753,25.697954005502147,27.805043074250968,0.9435071537901325,0.8441132827640746,5655811.617749872,6264409.747207728,0.0,0.0,0.29311387822681456,0.49263710266965655,5.538217886494636e-31,0.04183529344144843,0.04017912291537987
grass,scratch,0,0.1632220990019155,meanfill,0,,,0.0,38.65357657391945,16.387009910369375,38.65357657391945,24.25922032545281,0.8775824394807661,0.6846959856373114,5853596.627404814,6264409.747207728,0.0,0.0,0.21592493071600055,0.4760393956005896,0.3760109046402906,0.06790959461544105,0.5779184681902408
grass,scratch,0,0.1632220990019155,tv_converged,1500,symmetric,u_test,46.42988075001631,27.743766600749463,19.267495164003144,27.743766600749463,27.139705579086577,0.9338390117531633,0.8161625726767663,5586248.714737704,6264409.747207728,0.0,0.0,0.2514698269797897,0.38715006780154276,0.099478884625614,0.0709864083959508,0.3400247066090179
grass,scratch,0,0.1632220990019155,tv_corrected,200,symmetric,u_test,6.21646679204423,27.7454237005001,19.266976382399758,27.7454237005001,27.13918679748319,0.9338358855014479,0.8161624514783264,5586255.363195609,6264409.747207728,0.0,0.0,0.2514063909514527,0.38711818668789943,0.0994159450847047,0.07097857191636843,0.33996294008647315
grass,scratch,0,0.1632220990019155,tv_shipped,200,forward,u,5.174969499930739,27.745357213910975,19.266997196494135,27.745357213910975,27.13920760272795,0.9338359418573586,0.8161634587353094,5586250.237274648,6264409.747207728,0.04745371816036936,0.0,0.25139495668449335,0.3871117277152264,0.09944639918671906,0.07098218660183969,0.33996294008647315
grass,scratch,0,0.1632220990019155,tv_shipped_feasible,200,forward,u_test,5.174969499930739,27.745353264099563,19.26699843301195,27.745353264099563,27.139208848095386,0.9338359594735486,0.816163385088994,5586255.641725766,6264409.747207728,0.0,0.0,0.25139602803985384,0.3871124890861279,0.09944776281835148,0.0709823455262163,0.33996294008647315
grass,scratch,1,0.16330779312430688,biharmonic,0,,skimage,0.15156454197131097,24.577444241695794,20.32006921866096,24.577444241695794,28.190000118990127,0.9517977101754033,0.8625421859625697,5805606.478713869,6264409.747207728,0.0,0.0,0.38725809543888434,0.6321139778433906,0.06893355721908587,0.038173000691705546,0.023026823471309073
grass,scratch,1,0.16330779312430688,damaged,0,,,0.0,141.99306256847797,5.085461081838895,141.99306256847797,12.955391982168065,0.5976906920428374,0.17478773526426886,9084196.338497685,6264409.747207728,0.0,0.0,0.753853154907858,2.079998866007381,6.2117290204243085,0.0421176723958649,0.5456678087477236
grass,scratch,1,0.16330779312430688,harmonic,0,,exact sparse solve,0.10935358295682818,25.354901926443958,20.049564908229883,25.354901926443958,27.919495808559056,0.9456908619622683,0.8450564505966931,5675135.018790912,6264409.747207728,0.0,0.0,0.3018621022372908,0.4971654102388215,5.773596613802454e-31,0.04376131814994186,0.03957156526838905
grass,scratch,1,0.16330779312430688,meanfill,0,,,0.0,39.0289319676061,16.30307027043391,39.0289319676061,24.17300117076308,0.8737348991841849,0.6735352047023706,5906637.557258604,6264409.747207728,0.0,0.0,0.2185471620839433,0.4942934877902654,0.4086139783949781,0.06528726104833663,0.5634163657128747
grass,scratch,1,0.16330779312430688,tv_converged,1500,symmetric,u_test,58.251332165906206,27.30886509080957,19.404730568931264,27.30886509080957,27.274661469260437,0.9367876330364541,0.8191974922410474,5606470.32713951,6264409.747207728,0.0,0.0,0.2647947759915454,0.3933438354692528,0.099237217904089,0.07262009695753682,0.3365435071148563
grass,scratch,1,0.16330779312430688,tv_corrected,200,symmetric,u_test,7.725729541969486,27.307614429915834,19.405128364709935,27.307614429915834,27.275059265039104,0.9367926023741832,0.8192012460524645,5606476.445852539,6264409.747207728,0.0,0.0,0.2647040003187374,0.39329719104961114,0.09905930158551755,0.07253893752285638,0.33651264005926473
grass,scratch,1,0.16330779312430688,tv_shipped,200,forward,u,6.100604333099909,27.307511168244222,19.405161209804533,27.307511168244222,27.27509210070604,0.9367931843119169,0.8192026564711329,5606471.581465105,6264409.747207728,0.06989148596963446,0.0,0.26469506925219854,0.39328992470639856,0.09906379009931078,0.07253098195228228,0.33651264005926473
grass,scratch,1,0.16330779312430688,tv_shipped_feasible,200,forward,u_test,6.100604333099909,27.307525930199503,19.405156514368215,27.307525930199503,27.27508741469738,0.9367931067244049,0.8192025629203856,5606476.94186956,6264409.747207728,0.0,0.0,0.2646970136827732,0.3932914137801158,0.09906643196086837,0.07253182198493299,0.33651264005926473
grass,scratch,2,0.162828914205061,biharmonic,0,,skimage,0.10462858399841934,24.765639875072708,20.25381254024367,24.765639875072708,28.136497271522867,0.9491354808645343,0.8542954279552623,5803754.550990789,6264409.747207728,0.0,0.0,0.37548989719416553,0.6248652194288394,0.06915920144054803,0.03811050024871812,0.024611479165376756
grass,scratch,2,0.162828914205061,damaged,0,,,0.0,142.34472861106696,5.0639758337460075,142.34472861106696,12.946660565025208,0.6058014727775871,0.17399413974521966,9015052.793466972,6264409.747207728,0.0,0.0,0.7305972722144675,2.0664836544581027,5.815274862678474,0.04192367806168661,0.5503993560770231
grass,scratch,2,0.162828914205061,harmonic,0,,exact sparse solve,0.0817003749543801,25.25273796422252,20.084634162920537,25.25273796422252,27.96731889419974,0.9431216023313518,0.8372164225611224,5671074.606146064,6264409.747207728,0.0,0.0,0.29366593945085784,0.4873837190944303,5.820452735781399e-31,0.04371524362524684,0.04541514457309145
grass,scratch,2,0.162828914205061,meanfill,0,,,0.0,38.860851014170926,16.340557468935692,38.860851014170926,24.22324220021489,0.8748742458152652,0.6697867278885464,5882890.3890313385,6264409.747207728,0.0,0.0,0.21162390542781445,0.48199038772389696,0.37816067591987407,0.06786726460396375,0.5705838647761748
grass,scratch,2,0.162828914205061,tv_converged,1500,symmetric,u_test,51.21725687501021,27.37284918936458,19.38440351519492,27.37284918936458,27.26708824647412,0.9332509180512855,0.8075635891258142,5602056.764850278,6264409.747207728,0.0,0.0,0.2532731493041249,0.38237238276102137,0.0939898970121569,0.07325284319091827,0.34341526840443315
grass,scratch,2,0.162828914205061,tv_corrected,200,symmetric,u_test,7.292767790961079,27.372925130472264,19.384379417770468,27.372925130472264,27.26706414904967,0.9332462822420382,0.8075589189918503,5602063.90456082,6264409.747207728,0.0,0.0,0.2530447205707587,0.3823461381205556,0.09384900988827491,0.07321780738734929,0.34341526840443315
grass,scratch,2,0.162828914205061,tv_shipped,200,forward,u,5.628614082932472,27.37249395181001,19.38451623909132,27.37249395181001,27.267200960676313,0.9332464327760404,0.8075611414878944,5602059.253659576,6264409.747207728,0.0719002624052365,0.0,0.25307679484663737,0.38234874325547125,0.09385208501637306,0.07321836569193918,0.3435081419107176
grass,scratch,2,0.162828914205061,tv_shipped_feasible,200,forward,u_test,5.628614082932472,27.372467525514022,19.384524624735743,27.372467525514022,27.267209356014945,0.933246558133254,0.8075614830408613,5602064.59617359,6264409.747207728,0.0,0.0,0.25307997446893643,0.3823497103600334,0.09385462354539768,0.07321888446604904,0.3435081419107176
phantom,blocks16,0,0.1625970359915314,biharmonic,0,,skimage,0.07780600001569837,24.46281599098521,20.360674637295716,24.46281599098521,28.249548392258575,0.9791816979215692,0.8991458748660427,592595.0609536464,607954.1073203232,0.0,0.0,0.4228249428081173,0.8646238595146615,0.03152440872792385,0.2098795268905794,0.0
phantom,blocks16,0,0.1625970359915314,damaged,0,,,0.0,225.12850328335864,1.0821939276814896,225.12850328335864,8.97106768264435,0.7157580014614022,0.08900395809800372,2221107.533922671,607954.1073203232,0.0,0.0,0.5703298105307958,6.691717829854729,14.412631779660225,0.10505959584318512,0.0
phantom,blocks16,0,0.1625970359915314,harmonic,0,,exact sparse solve,0.07598366599995643,30.906725762767127,18.329743635838742,30.906725762767127,26.2186173908016,0.970985856206983,0.8681353112576968,583935.8279410265,607954.1073203232,0.0,0.0,0.2936982845229581,0.7492689521819984,9.754375185161363e-31,0.1853560886898353,0.0
phantom,blocks16,0,0.1625970359915314,meanfill,0,,,0.0,63.099961160752606,12.13022177012796,63.099961160752606,20.01909552509082,0.7657726318453446,0.2132897471664354,774273.3792709438,607954.1073203232,0.0,0.0,0.194217755900751,1.1980494583887424,0.9457438626326744,0.3675641696759024,0.0
phantom,blocks16,0,0.1625970359915314,tv_converged,1500,symmetric,u_test,54.49553270894103,37.345409836858394,16.686059011770656,37.34540983709701,24.57493276673351,0.9843624868732243,0.925239796971943,559818.4559368729,607954.1073203232,0.0,0.10797991071428571,0.3698640096049493,0.5513578896231597,0.23299273387719913,0.512484817862992,0.0
phantom,blocks16,0,0.1625970359915314,tv_corrected,200,symmetric,u_test,6.107715624966659,35.99528949620999,17.005890193141607,35.997465242158015,24.89476394810447,0.9812677699301211,0.9115605161386622,562993.873850921,607954.1073203232,0.0,0.49736483134920634,0.30271361090989174,0.5722598850883692,0.11941365125952265,0.37010086628520805,0.0
phantom,blocks16,0,0.1625970359915314,tv_shipped,200,forward,u,4.873018209007569,35.7382932976728,17.068127434934695,35.740981299632764,24.956996341368555,0.9802190109656045,0.9067393076718367,565215.0991247663,607954.1073203232,0.8668167306211885,0.482452876984127,0.29791449553806487,0.5839663291010564,0.11721341908135033,0.3570256848129801,0.0
phantom,blocks16,0,0.1625970359915314,tv_shipped_feasible,200,forward,u_test,4.873018209007569,35.76610199921066,17.061371393611342,35.7709222023234,24.9502451485742,0.9802981519768492,0.9070783518133319,565163.6918208003,607954.1073203232,0.0,0.482452876984127,0.29857958316888134,0.5847158358464454,0.11764357327169826,0.3570249984608236,0.0
phantom,blocks16,1,0.1625970359915314,biharmonic,0,,skimage,0.18665845796931535,20.68454627508391,21.81788363089261,20.68454627508391,29.706757385855468,0.9800034033007824,0.8997427000271787,610900.3322213884,607954.1073203232,0.0,0.0,0.46421758690800113,1.02396045305865,0.03527946283117508,0.22684306490388845,0.0
phantom,blocks16,1,0.1625970359915314,damaged,0,,,0.0,225.22236904761286,1.0785731611591955,225.22236904761286,8.967446916122055,0.7122901087668406,0.08540160407142015,2243740.1661985302,607954.1073203232,0.0,0.0,0.8303509004973579,9.138587281286794,20.46008451638905,0.10406739989871852,0.0
phantom,blocks16,1,0.1625970359915314,harmonic,0,,exact sparse solve,0.06136491696815938,25.483446455356923,20.00564035101342,25.483446455356923,27.89451410597628,0.971523071560182,0.8665364430056188,605500.6968665767,607954.1073203232,0.0,0.0,0.33084861188003006,0.9183799817302486,1.2531171343512044e-30,0.19114398146079212,0.0
phantom,blocks16,1,0.1625970359915314,meanfill,0,,,0.0,52.84193706818432,13.67122901854846,52.84193706818432,21.56010277351132,0.7756484849255756,0.2558726339427124,795319.3928096573,607954.1073203232,0.0,0.0,0.22677507393012306,1.4551631163794312,1.2347735872773542,0.311876192953775,0.0
phantom,blocks16,1,0.1625970359915314,tv_converged,1500,symmetric,u_test,55.714822500012815,27.55218821178081,19.327681678815722,27.552188211812094,27.21655543377858,0.9891218990583143,0.9467621845544484,584690.7687802159,607954.1073203232,0.0,0.10016741071428571,0.47464104653046635,0.6979248095148486,0.19197162435659923,0.47709935884216725,0.0
phantom,blocks16,1,0.1625970359915314,tv_corrected,200,symmetric,u_test,7.6909054580610245,25.531038452558832,19.989434014478938,25.53400245108646,27.8783077694418,0.9856838231018116,0.9304695053602174,588375.6212027052,607954.1073203232,0.0,0.44230530753968256,0.39619599854055326,0.7424980220735351,0.1062794568824938,0.34064664562063607,0.0
phantom,blocks16,1,0.1625970359915314,tv_shipped,200,forward,u,5.832453125040047,25.769109246955768,19.908815475005067,25.772541067371563,27.797680104667776,0.9843105536185248,0.9239845079416723,590414.7453822029,607954.1073203232,0.8447872537527488,0.4307725694444444,0.38832541340100923,0.7591543622707368,0.10627540748246714,0.3290330807261399,0.0
phantom,blocks16,1,0.1625970359915314,tv_shipped_feasible,200,forward,u_test,5.832453125040047,25.758135763904967,19.912515050410093,25.76422290645444,27.80138880537295,0.984420199044079,0.9245045409250554,590382.06889325,607954.1073203232,0.0,0.4319816468253968,0.3894886913810451,0.7603686715308269,0.1065092113839552,0.32891184612964736,0.0
phantom,blocks16,2,0.1625970359915314,biharmonic,0,,skimage,0.08208987500984222,20.02502583593374,22.099341907165364,20.02502583593374,29.988215662128223,0.9815768905464902,0.9086250248236376,609451.1821540769,607954.1073203232,0.0,0.0,0.4690167338148766,0.9986532692963704,0.04521499421435429,0.23466243177474935,0.0
phantom,blocks16,2,0.1625970359915314,damaged,0,,,0.0,227.24089520465793,1.0010737788597281,227.24089520465793,8.889947533822587,0.713305805041315,0.08442372459716314,2267732.5340783345,607954.1073203232,0.0,0.0,0.8743616363042687,8.921891368362527,21.109612050707717,0.10359570851970581,0.0
phantom,blocks16,2,0.1625970359915314,harmonic,0,,exact sparse solve,0.06504570797551423,26.141919658017308,19.784054096601736,26.141919658017308,27.672927851564598,0.9712855621327965,0.8661098441087322,605171.3220226878,607954.1073203232,0.0,0.0,0.3232105706141321,0.896853025426921,1.2637104548089612e-30,0.18835258542810976,0.0
phantom,blocks16,2,0.1625970359915314,meanfill,0,,,0.0,57.13887655848908,12.992169664519347,57.13887655848908,20.881043419482207,0.768042806266272,0.22419005512185056,796112.8270813207,607954.1073203232,0.0,0.0,0.24631539849687148,1.4603053417994216,1.2267079792370104,0.32410349702389,0.0
phantom,blocks16,2,0.1625970359915314,tv_converged,1500,symmetric,u_test,43.278392166947015,29.548905577514034,18.719975603452706,29.548905577517715,26.608849358415565,0.9889188992669167,0.9463836687513588,583046.7032999299,607954.1073203232,0.0,0.0998263888888889,0.460744507998366,0.6491744480866887,0.311682362035076,0.5199608919463282,0.0
phantom,blocks16,2,0.1625970359915314,tv_corrected,200,symmetric,u_test,6.0306069169892,26.15519518164315,19.779644303215164,26.158193806190027,27.668518058178027,0.9869977820586463,0.9368430458640395,586205.7108441751,607954.1073203232,0.0,0.4836309523809524,0.3955808428879567,0.6870129882551932,0.14990688871361033,0.36824529500679354,0.0
phantom,blocks16,2,0.1625970359915314,tv_shipped,200,forward,u,4.7906783749349415,26.157062276358733,19.779024281085043,26.160865851279855,27.66788974297463,0.986064955912322,0.93256073689278,587933.4931504388,607954.1073203232,0.932804058628868,0.4697420634920635,0.3900761585661987,0.700718488424093,0.14758186134519038,0.3567266907583777,0.0
phantom,blocks16,2,0.1625970359915314,tv_shipped_feasible,200,forward,u_test,4.7906783749349415,26.165438470353674,19.776243271148196,26.172010919054003,27.665117026111055,0.9861357575741877,0.9328809451135595,587881.0371983105,607954.1073203232,0.0,0.4693390376984127,0.39104982754737716,0.7015196402995949,0.14818848620184427,0.3567546010531859,0.0
phantom,blocks32,0,0.1600161306583325,biharmonic,0,,skimage,0.3637626669369638,36.32627453612765,16.92638639261078,36.32627453612765,24.884748747126917,0.9690751650310205,0.823518979400512,579303.3629284911,607954.1073203232,0.0,0.0,0.2744832360845335,0.7498495222158685,0.016749865804763214,0.21177862192516902,0.0
phantom,blocks32,0,0.1600161306583325,damaged,0,,,0.0,230.9743191484642,0.8595296967336175,230.9743191484642,8.817892051249757,0.7883082296459241,0.0907224559648929,1375329.7126439929,607954.1073203232,0.0,0.0,0.4040613424372288,3.915776337579386,8.003769238807587,0.18758235868437326,0.0
phantom,blocks32,0,0.1600161306583325,harmonic,0,,exact sparse solve,0.19529625005088747,40.54256886798034,15.972578346678446,40.54256886798034,23.930940701194583,0.9460988595550949,0.7010923496563831,574799.1450228797,607954.1073203232,0.0,0.0,0.18910160655723976,0.6723689974081328,9.617165962360303e-31,0.17522226913618114,0.0
phantom,blocks32,0,0.1600161306583325,meanfill,0,,,0.0,60.91509657245836,12.436304867477448,60.91509657245836,20.394667221993586,0.8214278223920445,0.20989007365718895,636171.3016894907,607954.1073203232,0.0,0.0,0.08526557190475717,0.6334595479088216,0.47129605316091794,0.3892127080873785,0.0
phantom,blocks32,0,0.1600161306583325,tv_converged,1500,symmetric,u_test,66.88094808300957,47.139687974717226,14.663069538042832,47.13968799951722,22.621431892558974,0.9772093468864159,0.8751399499685921,547337.3018538968,607954.1073203232,0.0,0.4340977822580645,0.17069594966345675,0.3617328097980021,0.16300268981365473,0.5464768531445463,0.0
phantom,blocks32,0,0.1600161306583325,tv_corrected,200,symmetric,u_test,9.485399500001222,48.57056301685603,14.403340854146684,48.57064334987593,22.361703208662824,0.9228942812232015,0.6055605037445163,589770.3159453023,607954.1073203232,0.0,0.037896925403225805,0.12636150366570698,0.6240542751128461,0.13332700440880005,0.3144509221556687,0.0
phantom,blocks32,0,0.1600161306583325,tv_shipped,200,forward,u,6.79410145804286,50.99298704303109,13.980594556499728,50.99298864996658,21.938954635254532,0.8588082134754755,0.29980215996087756,613121.7571696745,607954.1073203232,2.812159266970532,0.010899697580645162,0.1162627119794114,0.745092834243681,0.16626778420791577,0.28191281803786133,0.0
phantom,blocks32,0,0.1600161306583325,tv_shipped_feasible,200,forward,u_test,6.79410145804286,50.7332152797882,14.024955865969789,50.733216803061495,21.983318220485927,0.8600474658282377,0.3030704810337563,611211.4778875996,607954.1073203232,0.0,0.011025705645161291,0.11727005539524786,0.7359052156964437,0.1631980587024363,0.2839357243611417,0.0
phantom,blocks32,1,0.1600161306583325,biharmonic,0,,skimage,0.24235529196448624,35.263273457785274,17.184351108706373,35.263273457785274,25.142713463222513,0.9645032339155708,0.7949851734472362,570255.3122626994,607954.1073203232,0.0,0.0,0.23280726549840708,0.6975743663257875,0.014526650276946407,0.2025408187302941,0.0
phantom,blocks32,1,0.1600161306583325,damaged,0,,,0.0,224.51099443123718,1.1060513385155848,224.51099443123718,9.064413693031723,0.7916924836278875,0.1162409947808202,1343477.5665500024,607954.1073203232,0.0,0.0,0.24031064092785426,3.515128328128295,6.947047002528412,0.19089853091427153,0.0
phantom,blocks32,1,0.1600161306583325,harmonic,0,,exact sparse solve,0.11540104204323143,36.417915808534374,16.904501857344645,36.417915808534374,24.86286421186078,0.95129975269176,0.7300401963433057,559445.6299564675,607954.1073203232,0.0,0.0,0.16452235879734983,0.5809716772411099,9.940885882456315e-31,0.1862528768385739,0.0
phantom,blocks32,1,0.1600161306583325,meanfill,0,,,0.0,53.168338342534675,13.617741856202056,53.168338342534675,21.576104210718192,0.8344607974723538,0.2847293674171379,619877.4167607975,607954.1073203232,0.0,0.0,0.09181822353843358,0.5598676113131483,0.35881188264854297,0.37833930966041657,0.0
phantom,blocks32,1,0.1600161306583325,tv_converged,1500,symmetric,u_test,56.864062707987614,40.87321919448243,15.90202672264308,40.87321923131365,23.86038907715922,0.9764755473795657,0.8730969406454786,534429.5941361572,607954.1073203232,0.0,0.3553742439516129,0.15886759068482917,0.29014534963931593,0.15166941143262092,0.5196701797823663,0.0
phantom,blocks32,1,0.1600161306583325,tv_corrected,200,symmetric,u_test,7.692437167046592,44.55911749012693,15.15207199093274,44.55917527261756,23.11043434544888,0.9350245977199684,0.671922855097519,565892.5979286393,607954.1073203232,0.0,0.02913936491935484,0.09920419944149399,0.5179184514130025,0.1108885698710988,0.3503702557864621,0.0
phantom,blocks32,1,0.1600161306583325,tv_shipped,200,forward,u,5.978837625007145,46.61405379098123,14.760466148826325,46.614054807732856,22.718822439191424,0.8803102487812551,0.4091178309010341,585892.7631697396,607954.1073203232,1.0794402930097675,0.008600050403225807,0.09611755965448736,0.6181873058849263,0.13117295384714048,0.31390799035124123,0.0
phantom,blocks32,1,0.1600161306583325,tv_shipped_feasible,200,forward,u_test,5.978837625007145,46.388079671695145,14.802675720816655,46.3880807461977,22.76103807533279,0.8814112483021532,0.4121572615730675,584168.1378229063,607954.1073203232,0.0,0.008915070564516129,0.0963527862662352,0.610508208496393,0.12910147850593626,0.316189043948571,0.0
phantom,blocks32,2,0.1600161306583325,biharmonic,0,,skimage,0.09978262498043478,38.71629169647934,16.372928543432156,38.71629169647934,24.331290897948293,0.9532662900029008,0.7308400044907165,614528.9717178266,607954.1073203232,0.0,0.0,0.286028240592261,1.0621908107719549,0.025688053450710846,0.1591085848162545,0.0
phantom,blocks32,2,0.1600161306583325,damaged,0,,,0.0,220.83221204286116,1.249555153974778,220.83221204286116,9.207917508490915,0.7980641548640508,0.14152922821803413,1330277.157708325,607954.1073203232,0.0,0.0,0.2931989941995701,3.728051622828343,8.054740779715596,0.1977791910954332,0.0
phantom,blocks32,2,0.1600161306583325,harmonic,0,,exact sparse solve,0.05506875005085021,35.45410974989284,17.137471913784385,35.45410974989284,25.095834268300518,0.9460360589091471,0.7023124349570022,588382.9606285155,607954.1073203232,0.0,0.0,0.19993431205626558,0.7965425766258132,1.446041246344979e-30,0.14798497064437782,0.0
phantom,blocks32,2,0.1600161306583325,meanfill,0,,,0.0,56.057691718089224,13.158099390830799,56.057691718089224,21.11646174534694,0.8433894725090155,0.3259749241041543,641654.7540353341,607954.1073203232,0.0,0.0,0.12138192365443289,0.6615011696268682,0.5880910835265372,0.4454131760122812,0.0
phantom,blocks32,2,0.1600161306583325,tv_converged,1500,symmetric,u_test,36.773163790930994,42.1981431527345,15.624936786726822,42.19835477312191,23.583299141242957,0.9749932190832049,0.8694520151382105,556867.1346271841,607954.1073203232,0.0,0.33883568548387094,0.22256278246003905,0.4230123803646724,0.20077390022550737,0.5583893150370153,0.0
phantom,blocks32,2,0.1600161306583325,tv_corrected,200,symmetric,u_test,5.263192374957725,44.64045460093547,15.136231435934329,44.6405098032375,23.094593790450467,0.9319027982542494,0.6596237894664734,597875.1008800317,607954.1073203232,0.0,0.024855090725806453,0.14802664836728666,0.7131534869340245,0.14715609012183917,0.2976993247030181,0.0
phantom,blocks32,2,0.1600161306583325,tv_shipped,200,forward,u,4.145157457911409,47.30350827966927,14.632936578278128,47.30350927429044,22.591291280843397,0.8910071780497643,0.46369960757475454,613089.748331245,607954.1073203232,2.681623080037795,0.008033014112903226,0.14349860801449532,0.7881103286548378,0.175205234526205,0.28151696950299454,0.0
phantom,blocks32,2,0.1600161306583325,tv_shipped_feasible,200,forward,u_test,4.145157457911409,47.04754599395899,14.680064098717228,47.047547012052924,22.638426453233365,0.8918826173428837,0.4662004492199722,611748.9868808385,607954.1073203232,0.0,0.008159022177419355,0.14428207937011384,0.7823079290194916,0.17273549683028677,0.28278138569635836,0.0
phantom,blocks64,0,0.16517794132473032,biharmonic,0,,skimage,0.46287041704636067,45.26474653056915,15.015601752871312,45.26474653056915,22.836081262531117,0.9477052735472287,0.696519416242507,570916.1431494405,607954.1073203232,0.0,0.0,0.18941084786784546,0.6480004268339649,0.010402428661402332,0.20191935812812656,0.0
phantom,blocks64,0,0.16517794132473032,damaged,0,,,0.0,233.136317326493,0.7786049691609043,233.136317326493,8.59908447882071,0.8146302015548424,0.09551158224207448,961434.2022194985,607954.1073203232,0.0,0.0,0.3554849586349509,2.1812246643050948,4.44839988404259,0.3644854923696541,0.0
phantom,blocks64,0,0.16517794132473032,harmonic,0,,exact sparse solve,0.21499524998944253,41.547373103669706,15.759932207598244,41.547373103669706,23.58041171725805,0.9244570826836822,0.5678572408767475,554295.6604166717,607954.1073203232,0.0,0.0,0.12303404507275473,0.4774367647714967,8.417455367758925e-31,0.20511731100518846,0.0
phantom,blocks64,0,0.16517794132473032,meanfill,0,,,0.0,52.517089411006815,13.724790634194013,52.517089411006815,21.545270143853816,0.8483033777050455,0.24886620554417438,571272.7687216506,607954.1073203232,0.0,0.0,0.081986919884144,0.3617036884791636,0.20121335139263327,0.5342623905182929,0.0
phantom,blocks64,0,0.16517794132473032,tv_converged,1500,symmetric,u_test,59.67778537492268,42.91162975420323,15.479303427642819,42.91370305545583,23.299782937302624,0.9784841572477823,0.8789507932214148,536200.6355189997,607954.1073203232,0.0,0.420928955078125,0.13384002970947917,0.28440954792312567,0.08040877906067218,0.5058461649613719,0.0
phantom,blocks64,0,0.16517794132473032,tv_corrected,200,symmetric,u_test,7.699443041929044,115.83839177930935,6.853753219708131,115.83839180670974,14.674232729367935,0.8311639418849326,0.1563556044071132,712457.1075765747,607954.1073203232,0.0,0.001861572265625,0.17933771121920242,1.302287507155838,0.6385958473377213,0.31708586676330336,0.0
phantom,blocks64,0,0.16517794132473032,tv_shipped,200,forward,u,6.2400106670102105,122.29345452403655,6.382739347784061,122.29345452418904,14.203218813711862,0.8294107467693627,0.14911761684779656,725579.7103851688,607954.1073203232,1.3577466768963404,0.0006103515625,0.19126748386303238,1.373392468746221,0.714767545445523,0.3152644087409466,0.0
phantom,blocks64,0,0.16517794132473032,tv_shipped_feasible,200,forward,u_test,6.2400106670102105,121.81027706733954,6.417124988004957,121.8102770674417,14.237604497664762,0.8295420328957608,0.14965971475738696,724571.0385001955,607954.1073203232,0.0,0.0006103515625,0.1902895996639275,1.3676856796937513,0.710107572723011,0.3156039017312526,0.0
phantom,blocks64,1,0.16517794132473032,biharmonic,0,,skimage,0.42990099999587983,42.70536844820777,15.521154145236038,42.70536844820777,23.34163365489584,0.9489939470517873,0.7047347461358991,573104.7769432971,607954.1073203232,0.0,0.0,0.2095205812857951,0.6982048348255955,0.012421145396557117,0.195609966711222,0.0
phantom,blocks64,1,0.16517794132473032,damaged,0,,,0.0,224.5521267417844,1.1044601559217542,224.5521267417844,8.92493966558156,0.823599290463517,0.14384421122083046,935535.3221180999,607954.1073203232,0.0,0.0,0.2104815722086326,1.9489796017075607,3.986204279221425,0.37493990976788727,0.0
phantom,blocks64,1,0.16517794132473032,harmonic,0,,exact sparse solve,0.16471670800819993,40.21309928867648,16.043452685243444,40.21309928867648,23.86393219490325,0.9193583273006486,0.5403326170246446,558225.3020730865,607954.1073203232,0.0,0.0,0.14748917959658028,0.5523162183878393,1.0371044317986141e-30,0.18185018482134183,0.0
phantom,blocks64,1,0.16517794132473032,meanfill,0,,,0.0,50.668354338024116,14.036067628064622,50.668354338024116,21.856547137724426,0.8634063999369014,0.3376790173885287,566756.9004340671,607954.1073203232,0.0,0.0,0.08229953098261625,0.3665555608608259,0.24256990190832362,0.5645177207701254,0.0
phantom,blocks64,1,0.16517794132473032,tv_converged,1500,symmetric,u_test,53.502609749906696,43.0834879796945,15.444586490062646,43.13385897345083,23.26506599972245,0.9574048845994789,0.7681727646824161,533481.9454543727,607954.1073203232,0.0,0.1241455078125,0.15501162837581592,0.29185402048674414,0.12226276066712101,0.5874147181004542,0.0
phantom,blocks64,1,0.16517794132473032,tv_corrected,200,symmetric,u_test,7.671323999995366,111.46241964685896,7.18823427732715,111.46241966807257,15.008713786986956,0.8463093355947576,0.23887759966559866,699895.5794521024,607954.1073203232,0.0,0.0013427734375,0.11980142653383286,1.2025530549559125,0.5806986292530394,0.3275349586456851,0.0
phantom,blocks64,1,0.16517794132473032,tv_shipped,200,forward,u,5.882526125060394,117.60624037102879,6.722196274761245,117.60624037110833,14.542675779849478,0.8440424467557138,0.22880293096659632,712182.7042945895,607954.1073203232,0.2047725724334839,0.00030517578125,0.12526214074654823,1.2653073119318228,0.6361701959903318,0.3222017580012035,0.0
phantom,blocks64,1,0.16517794132473032,tv_shipped_feasible,200,forward,u_test,5.882526125060394,117.14682625891771,6.75619306489951,117.14682625897107,14.576672574559314,0.8442090840737653,0.22954301239519986,711222.6309792838,607954.1073203232,0.0,0.00030517578125,0.12477886736264142,1.2601429490696374,0.6335303020506051,0.32294635627215507,0.0
phantom,blocks64,2,0.16517794132473032,biharmonic,0,,skimage,0.1770909170154482,45.069625644692586,15.053124593307693,45.069625644692586,22.873604102967498,0.9498069969184139,0.7101900101243963,591768.7506302494,607954.1073203232,0.0,0.0,0.24701013898025634,0.8511849855867942,0.018785680284349588,0.1856060860826838,0.0
phantom,blocks64,2,0.16517794132473032,damaged,0,,,0.0,213.32418502888828,1.5500017055817374,213.32418502888828,9.370481215241542,0.8369297446264798,0.21810944299785717,917679.8424158854,607954.1073203232,0.0,0.0,0.20263576330538252,1.9414920311066348,4.0440728499916245,0.4002930850081645,0.0
phantom,blocks64,2,0.16517794132473032,harmonic,0,,exact sparse solve,0.0730025420198217,42.84354633701582,15.49309536881948,42.84354633701582,23.313574878479283,0.9460826350225857,0.6951389981675058,568384.1687118699,607954.1073203232,0.0,0.0,0.16455727530921918,0.6155978009694135,2.156670851629163e-30,0.16518988746689658,0.0
phantom,blocks64,2,0.16517794132473032,meanfill,0,,,0.0,54.36097379830086,13.425059050913468,54.36097379830086,21.245538560573273,0.8878594225080275,0.47175495575051557,579260.2275756102,607954.1073203232,0.0,0.0,0.10144340582125556,0.3807539059831577,0.34325935439253075,0.6018114135455976,0.0
phantom,blocks64,2,0.16517794132473032,tv_converged,1500,symmetric,u_test,36.88182270899415,42.80575640693016,15.50076009399384,42.80762444755292,23.32123960365365,0.9763769640716696,0.8692456463582618,542234.3948406772,607954.1073203232,0.0,0.235443115234375,0.14105510638814509,0.2939418043923054,0.1614288181279241,0.5534415200114555,0.0
phantom,blocks64,2,0.16517794132473032,tv_corrected,200,symmetric,u_test,5.027809292078018,103.52439232161912,7.829949810390916,103.52439233728677,15.650429320050723,0.8628928578269022,0.32817322585093867,693932.0993677246,607954.1073203232,0.0,0.001708984375,0.13904934429780572,1.2041315053932118,0.5301397891173025,0.29781684494427035,0.0
phantom,blocks64,2,0.16517794132473032,tv_shipped,200,forward,u,4.065081333043054,109.42264915406585,7.348659109397659,109.42264915417962,15.16913861522816,0.8603262864169221,0.3165408791413989,705364.4379989889,607954.1073203232,0.14461060818030091,0.000579833984375,0.14338620858819603,1.2649233288711015,0.5972794000157988,0.2985654371820196,0.0
phantom,blocks64,2,0.16517794132473032,tv_shipped_feasible,200,forward,u_test,4.065081333043054,108.98302183413041,7.383626695384189,108.98302183444295,15.204106205043992,0.8605171697571026,0.31741188223871714,704489.7572667109,607954.1073203232,0.0,0.000640869140625,0.14292729739270146,1.2601080227895827,0.5930022884169629,0.2986560553547735,0.0
phantom,blocks8,0,0.16227442282488155,biharmonic,0,,skimage,0.05195554194506258,17.087995530370005,23.47698117363857,17.087995530370005,31.37448044249741,0.9874062631538186,0.9598855798871528,608894.1742088008,607954.1073203232,0.0,0.0,0.6026478404939379,0.9953743340959931,0.060010787743630035,0.22646637088758362,0.0
phantom,blocks8,0,0.16227442282488155,damaged,0,,,0.0,225.68181544405877,1.0608722738642677,225.68181544405877,8.958371542723105,0.5552023207530132,0.05769707493686531,3908158.876952803,607954.1073203232,0.0,0.0,1.180163850177104,13.26678826259829,35.037270898011045,0.06605647016641937,0.0
phantom,blocks8,0,0.16227442282488155,harmonic,0,,exact sparse solve,0.049733957974240184,21.158439641109858,21.621130870945898,21.158439641109858,29.518630139804735,0.9804969423715718,0.9422934009350373,613655.2125097027,607954.1073203232,0.0,0.0,0.47760180957282483,0.9669340060422235,9.871632874533805e-31,0.18648793683169515,0.0
phantom,blocks8,0,0.16227442282488155,meanfill,0,,,0.0,60.78381748860398,12.455044164951584,60.78381748860398,20.352543433810425,0.6482652690719451,0.17731749608282474,1069702.7276594262,607954.1073203232,0.0,0.0,0.42158630791420326,2.338219342626027,2.3790410547510996,0.24799434812468038,0.0
phantom,blocks8,0,0.16227442282488155,tv_converged,1500,symmetric,u_test,47.02743575000204,18.778799773550578,22.657446981473726,18.77879977356393,30.554946250332563,0.9942165917038724,0.9810066495257302,591230.5039625807,607954.1073203232,0.0,0.2929609840954274,0.7065707192102564,0.8561063965892233,0.2848111378525967,0.38696045524675277,0.0
phantom,blocks8,0,0.16227442282488155,tv_corrected,200,symmetric,u_test,5.995215959032066,17.701135910318115,23.170780876070992,17.701136512257875,31.06828014492983,0.993926460908834,0.9798122728977906,591648.2706887238,607954.1073203232,0.0,0.03457380715705766,0.6825941916025581,0.858766536899829,0.20958253573984767,0.346298187852786,0.0
phantom,blocks8,0,0.16227442282488155,tv_shipped,200,forward,u,5.012903958093375,17.677991338753788,23.182145273026894,17.67799151770646,31.07964434292212,0.9938483876201715,0.9795594559615279,591733.9206255474,607954.1073203232,0.41864763747778255,0.14895004970178927,0.6802756549225837,0.8591617504788401,0.20806278308899587,0.3444895548546644,0.0
phantom,blocks8,0,0.16227442282488155,tv_shipped_feasible,200,forward,u_test,5.012903958093375,17.679595160040034,23.18135728854715,17.679595565065842,31.07885655740599,0.9938570838828419,0.9795854814842886,591726.4587593816,607954.1073203232,0.0,0.0775347912524851,0.6805979064750612,0.8591554175690955,0.20859298885955388,0.3447976981506306,0.0
phantom,blocks8,1,0.16227442282488155,biharmonic,0,,skimage,0.06461162504274398,15.104065301002972,24.548926516892728,15.104065301002972,32.44642578575157,0.9886535979712752,0.9629217579335054,608899.0191577241,607954.1073203232,0.0,0.0,0.6107585559060232,0.9942315924772738,0.06232377803034934,0.2477269235512832,0.0
phantom,blocks8,1,0.16227442282488155,damaged,0,,,0.0,226.3496822508376,1.0352058252769845,226.3496822508376,8.932705094135825,0.5551006462712539,0.054000187578800506,3943448.1861858633,607954.1073203232,0.0,0.0,1.3823565793796397,14.715031169432844,37.82984620631014,0.06554186986676055,0.0
phantom,blocks8,1,0.16227442282488155,harmonic,0,,exact sparse solve,0.10037691693287343,19.580859010631908,22.294168801732965,19.580859010631908,30.191668070591803,0.9811890171300864,0.9419292277753142,614238.9709906372,607954.1073203232,0.0,0.0011182902584493041,0.4757040006222138,0.9694253820555415,9.429202843362774e-31,0.2029722826012959,0.0
phantom,blocks8,1,0.16227442282488155,meanfill,0,,,0.0,57.71859738875839,12.904488232226345,57.71859738875839,20.801987501085183,0.6530589747797106,0.1864508199087475,1060261.314028642,607954.1073203232,0.0,0.0,0.43058942274159445,2.4801243217934963,2.3218524560963214,0.25806651849046747,0.0
phantom,blocks8,1,0.16227442282488155,tv_converged,1500,symmetric,u_test,56.374860167037696,17.528217427956193,23.256048573244655,17.52821742803778,31.153547842103496,0.9945026840981859,0.981829041207236,593119.6769469928,607954.1073203232,0.0,0.2641339463220676,0.7039677183256364,0.86441981972252,0.32805932867065074,0.4268733110466211,0.0
phantom,blocks8,1,0.16227442282488155,tv_corrected,200,symmetric,u_test,7.66068758291658,16.728560932330748,23.66163195742746,16.728563487497393,31.559131226286297,0.9942006298879993,0.9810076906955785,593500.6549890193,607954.1073203232,0.0,0.04258822067594433,0.6876603597868267,0.8680641190282962,0.2148978811083482,0.3730733672433522,0.0
phantom,blocks8,1,0.16227442282488155,tv_shipped,200,forward,u,6.071686833049171,16.69679903140282,23.678139211170684,16.696801726364264,31.575638251443365,0.9941328075706951,0.9808782592060489,593584.2143872812,607954.1073203232,0.24774792614663,0.12854125248508946,0.6861298083670184,0.8683107492029882,0.21316386614303162,0.3708314198058408,0.0
phantom,blocks8,1,0.16227442282488155,tv_shipped_feasible,200,forward,u_test,6.071686833049171,16.698683003881666,23.677159199740846,16.6986878964373,31.574658468599687,0.9941409484669168,0.9808977731536591,593575.6224650713,607954.1073203232,0.0,0.08061008946322068,0.6864408387060597,0.8683019591295417,0.21374017465239162,0.37121984505070665,0.0
phantom,blocks8,2,0.16227442282488155,biharmonic,0,,skimage,0.11483125004451722,15.758626177351648,24.180436540534718,15.758626177351648,32.07793580939355,0.9870470750205675,0.9580952249930288,613560.4471831669,607954.1073203232,0.0,0.0,0.6195714552996974,1.0369104021469164,0.06501570354627668,0.23551685465970315,0.0
phantom,blocks8,2,0.16227442282488155,damaged,0,,,0.0,226.14103515151123,1.0432160926119618,226.14103515151123,8.9407153614708,0.5566268509803557,0.052374083195666804,3933390.624031098,607954.1073203232,0.0,0.0,1.403653976202363,14.478901748687196,38.52063467664336,0.06586415342504874,0.0
phantom,blocks8,2,0.16227442282488155,harmonic,0,,exact sparse solve,0.0856072079623118,19.571544212748584,22.298301743840263,19.571544212748584,30.1958010126991,0.981617262186347,0.9446699110748406,615552.3415834605,607954.1073203232,0.0,0.0011182902584493041,0.4849146856215261,0.9820351359949093,1.0197699232673431e-30,0.19987228917143987,0.0
phantom,blocks8,2,0.16227442282488155,meanfill,0,,,0.0,57.31180444748566,12.965921962208082,57.31180444748566,20.863421231066923,0.6561624423635256,0.18938447871956876,1060572.5204200957,607954.1073203232,0.0,0.0,0.43130411572894006,2.539717471695797,2.3521032847707843,0.24927431424891225,0.0
phantom,blocks8,2,0.16227442282488155,tv_converged,1500,symmetric,u_test,52.72973116696812,17.80804130695159,23.118480521336867,17.808041307000344,31.015979790195708,0.9946611892431884,0.9828568569053459,593987.4147769572,607954.1073203232,0.0,0.2814053180914513,0.690031643352851,0.8526307175553417,0.3352033470263289,0.42465911309118737,0.0
phantom,blocks8,2,0.16227442282488155,tv_corrected,200,symmetric,u_test,7.1428557090694085,16.979987530289552,23.532056269234708,16.979990107857667,31.42955553809355,0.9943061749668821,0.9819646308081578,594452.4372470819,607954.1073203232,0.0,0.04268141153081511,0.6677357679940811,0.8596609829547305,0.22700076439624398,0.37240429710449424,0.0
phantom,blocks8,2,0.16227442282488155,tv_shipped,200,forward,u,5.772508458932862,16.913884413847356,23.56593644102931,16.91388455592051,31.463434947774793,0.9942310227130753,0.981783591871932,594581.2784721508,607954.1073203232,0.8031468829098287,0.15786530815109345,0.6664797163670825,0.8604117604163136,0.22258125521731645,0.3688189941708428,0.0
phantom,blocks8,2,0.16227442282488155,tv_shipped_feasible,200,forward,u_test,5.772508458932862,16.921136881556908,23.56221283556481,16.921136961426797,31.459712104423648,0.9942387758016816,0.9818037838459637,594568.002800667,607954.1073203232,0.0,0.08337475149105368,0.6667707622663811,0.8603562424614647,0.22318176406193838,0.3692011456568188,0.0
phantom,canonical,0,0.16232483113217058,biharmonic,0,,skimage,0.12004433292895555,14.86657180940166,24.686586949616313,14.86657180940166,32.582737352166504,0.9846775019886628,0.9234892408429871,614006.1168550024,607954.1073203232,0.0,0.0,0.6641138819922879,1.041581238735512,0.06606044434564975,0.35086643932526873,0.0
phantom,canonical,0,0.16232483113217058,damaged,0,,,0.0,231.7856512817438,0.8290726605141076,231.7856512817438,8.725223063064298,0.5700494184477711,0.05804184672106196,4997876.4552373085,607954.1073203232,0.0,0.0,2.4773440174297687,26.95739464636884,98.24540192118505,0.0516489068877571,0.0
phantom,canonical,0,0.16232483113217058,harmonic,0,,exact sparse solve,0.09207837504800409,17.069212136401063,23.486534091727187,17.069212136401063,31.382684494277377,0.9757694157116487,0.8804818316249419,615484.6216651445,607954.1073203232,0.0,0.0,0.5496039351049978,0.9945627499353417,9.477819575508285e-31,0.3098419611311935,0.0
phantom,canonical,0,0.16232483113217058,meanfill,0,,,0.0,48.27338291457576,14.456648918962411,48.27338291457576,22.352799321512606,0.6787895499174488,0.1971729471823093,1223530.6001809116,607954.1073203232,0.0,0.0,0.7371022878176048,4.2763439112577,4.911678881143955,0.217713869228306,0.0
phantom,canonical,0,0.16232483113217058,tv_converged,1500,symmetric,u_test,44.078423374914564,13.401613856957589,25.587661601132016,13.40161385727039,33.48381200368221,0.9927584751757006,0.9634005886700981,598189.9643443438,607954.1073203232,0.0,0.19697534314638843,0.7184064947055184,0.8681523750128977,0.271844279463939,0.5403277302581699,0.0
phantom,canonical,0,0.16232483113217058,tv_corrected,200,symmetric,u_test,6.10849195800256,27.801316330849144,19.249496422914593,27.803020179442136,27.145646825464787,0.9638917283239677,0.8106653662645019,616152.727354711,607954.1073203232,0.0,0.29007515061176325,0.6801659166156263,1.0628099098305281,0.25254722069459234,0.4226640581680615,0.0
phantom,canonical,0,0.16232483113217058,tv_shipped,200,forward,u,4.475543833919801,31.449215371240214,18.178607315241905,31.449425931037098,26.07473712271801,0.9558526392155724,0.7698196114629443,623627.1365835102,607954.1073203232,2.7992513233903793,0.1169803117818769,0.6836909677982859,1.1378664031997423,0.2679834100435783,0.3977583571300623,0.0
phantom,canonical,0,0.16232483113217058,tv_shipped_feasible,200,forward,u_test,4.475543833919801,31.17116286146885,18.255743524066986,31.171348590878562,26.151893926617184,0.956036745264952,0.7700687805760226,623354.6839873939,607954.1073203232,0.0,0.12210421712937085,0.6840101105901394,1.136270611206884,0.2669268610195301,0.3981537936575922,0.0
phantom,dropout,0,0.16229962697852607,biharmonic,0,,skimage,0.04228783294092864,6.078835909407758,32.45439520258124,6.078835909407758,40.35121998591805,0.9980721160727152,0.9981771632632097,615329.656707006,607954.1073203232,0.0,0.0,0.9229989522773058,1.0189044460036203,0.1372154982532132,0.44712223272662255,0.0
phantom,dropout,0,0.16229962697852607,damaged,0,,,0.0,229.9761910244441,0.8971460745820741,229.9761910244441,8.79397085791889,0.07093607754665525,0.06643974285299936,20969701.15728134,607954.1073203232,0.0,0.0,7.76981148170522,92.42854404390128,853.859514348881,0.01271075447476499,0.0
phantom,dropout,0,0.16229962697852607,harmonic,0,,exact sparse solve,0.05451599997468293,7.460214738612451,30.675777036565655,7.460214738612451,38.572601819902474,0.9967884627486925,0.9969665118349251,618464.4831223852,607954.1073203232,0.0,0.0,0.8721409494050079,1.0083322889811255,1.1598416419935231e-31,0.43285361628008284,0.0
phantom,dropout,0,0.16229962697852607,meanfill,0,,,0.0,53.25951960008036,13.602858712837381,53.25951960008036,21.4996834961742,0.30921931934564423,0.28099713663280684,3741343.7296894314,607954.1073203232,0.0,0.0,2.3733393313927826,15.078139013686636,44.07194762963942,0.06831121547040345,0.0
phantom,dropout,0,0.16229962697852607,tv_converged,1500,symmetric,u_test,49.32263537496328,5.214658258440023,33.786286562773654,5.214658258442359,41.683111346110465,0.9989615321880276,0.9990314395839396,602609.3345462108,607954.1073203232,0.0,0.28605149548094544,0.9319560809033223,0.9598806639734744,0.529679784563031,0.5324770067604555,0.0
phantom,dropout,0,0.16229962697852607,tv_corrected,200,symmetric,u_test,6.908578416914679,5.203245709293005,33.805316913281864,5.203245710305616,41.702141696618675,0.9989594928622035,0.9990360471952906,602616.6381894804,607954.1073203232,0.0,0.29704630866229775,0.9314882850150557,0.9598294255965468,0.5124385350763976,0.5300902139751887,0.0
phantom,dropout,0,0.16229962697852607,tv_shipped,200,forward,u,5.6623133750399575,5.204245726920162,33.80364772280968,5.204245727869135,41.700471906321035,0.9989591066002936,0.9990356693999696,602617.1888585943,607954.1073203232,0.14268019353883687,0.30061807000652235,0.9314103504145773,0.9597713295474147,0.5126201235107839,0.530076168192864,0.0
phantom,dropout,0,0.16229962697852607,tv_shipped_feasible,200,forward,u_test,5.6623133750399575,5.204172389312559,33.8037701241888,5.2041723902266055,41.70059490752561,0.9989591825721005,0.9990356912057721,602616.6992744246,607954.1073203232,0.0,0.30251265645867625,0.9314201208143135,0.9597758972767197,0.512811249296036,0.5301001780927209,0.0
phantom,dropout,1,0.16229962697852607,biharmonic,0,,skimage,0.04877991694957018,5.4873065146444295,33.34361920737924,5.4873065146444295,41.24044399071606,0.9982040043115673,0.9981145956978864,614662.7078083562,607954.1073203232,0.0,0.0,0.9208757313771395,1.0025816588472467,0.15095820326575288,0.46559185836821204,0.0
phantom,dropout,1,0.16229962697852607,damaged,0,,,0.0,230.1799260963702,0.8894546829002317,230.1799260963702,8.786279466237048,0.07057737751839847,0.06641054827596288,20995394.6637914,607954.1073203232,0.0,0.0,7.690646753684178,94.36067031963252,940.5714540960128,0.012702351657337305,0.0
phantom,dropout,1,0.16229962697852607,harmonic,0,,exact sparse solve,0.053478125017136335,6.945317448464061,31.296961593626946,6.945317448464061,39.193786376963764,0.996908506960288,0.996704652655316,617522.045268296,607954.1073203232,0.0,6.211758859521074e-05,0.8623031657547688,0.9877572335353083,1.3363935292943182e-31,0.45344440994479346,0.0
phantom,dropout,1,0.16229962697852607,meanfill,0,,,0.0,53.01135723675682,13.64342513860505,53.01135723675682,21.540249921941864,0.30974827847758407,0.2830751951447211,3724683.6523036584,607954.1073203232,0.0,0.0,2.3124681837876406,15.247940806925172,47.277017588672194,0.06890093292803795,0.0
phantom,dropout,1,0.16229962697852607,tv_converged,1500,symmetric,u_test,61.269139540963806,5.120921614410125,33.94384104528032,5.120921614410935,41.84066582861714,0.9989330891398791,0.9989407734344623,602310.5298754647,607954.1073203232,0.0,0.30679877007174583,0.9344976836309277,0.9613769775414732,0.5308323558630907,0.5435435032093336,0.0
phantom,dropout,1,0.16229962697852607,tv_corrected,200,symmetric,u_test,8.235122625017539,5.116678173753059,33.95104157276849,5.116678178407682,41.847866356105314,0.9989316908767766,0.9989373785210751,602315.1939618312,607954.1073203232,0.0,0.29139360810013354,0.9347128471058961,0.9621007452641409,0.5171800359399984,0.5417766410510702,0.0
phantom,dropout,1,0.16229962697852607,tv_shipped,200,forward,u,6.27739850000944,5.1162660034818,33.95174128644389,5.116266008170065,41.84856529162996,0.9989319885358515,0.9989380931581585,602315.3905008427,607954.1073203232,0.12454764648921923,0.2924496071062521,0.9346800625533835,0.9620499671166003,0.5173039575478473,0.5417629974494623,0.0
phantom,dropout,1,0.16229962697852607,tv_shipped_feasible,200,forward,u_test,6.27739850000944,5.11631434130288,33.95165922366693,5.116314345893854,41.84848400700375,0.99893201567864,0.9989381452064997,602314.8775356949,607954.1073203232,0.0,0.29185949001459766,0.9346894713160355,0.9620533598831765,0.5174696637610585,0.5417832475356616,0.0
phantom,dropout,2,0.16229962697852607,biharmonic,0,,skimage,0.07171516702510417,5.930387998580895,32.669141444158555,5.930387998580895,40.56596622749537,0.9981979432897715,0.9979891505882604,614167.5108749622,607954.1073203232,0.0,0.0,0.9163085463364677,0.996542495873381,0.1331129584311376,0.4522732829347019,0.0
phantom,dropout,2,0.16229962697852607,damaged,0,,,0.0,229.92388125432066,0.8991219685626634,229.92388125432066,8.795946751899477,0.07173531325415257,0.06631894205602513,20972118.760196004,607954.1073203232,0.0,0.0,7.8637865143700845,92.30842726043413,848.6265443513659,0.012708516413094307,0.0
phantom,dropout,2,0.16229962697852607,harmonic,0,,exact sparse solve,0.049003542051650584,7.3544336674955,30.79981890371361,7.3544336674955,38.696643687050425,0.9969071508403421,0.9966135674050549,617873.8284588379,607954.1073203232,0.0,0.0,0.8671599300070674,0.9920693995699857,1.1937873592085317e-31,0.436762042763799,0.0
phantom,dropout,2,0.16229962697852607,meanfill,0,,,0.0,53.456509874353586,13.57079159538621,53.456509874353586,21.467616378723026,0.3084417383075998,0.27838870409932454,3728748.4632774,607954.1073203232,0.0,0.0,2.3951508593224897,14.98465541460643,42.63863697392363,0.06864196451121878,0.0
phantom,dropout,2,0.16229962697852607,tv_converged,1500,symmetric,u_test,54.14064374996815,5.304391449703946,33.63809228199183,5.304391449705216,41.53491706532865,0.9989416715693394,0.998801401444904,602316.5611423807,607954.1073203232,0.0,0.2951827810044414,0.9246261671840984,0.9443655296257268,0.5152229308964623,0.536108019369623,0.0
phantom,dropout,2,0.16229962697852607,tv_corrected,200,symmetric,u_test,7.277589624980465,5.275259276203667,33.68592741191075,5.275259280535012,41.582752195247565,0.9989448422912625,0.9987986208248826,602323.045447043,607954.1073203232,0.0,0.2977917197254403,0.9248427220926632,0.9455137492679553,0.4985077355328512,0.5334385791905997,0.0
phantom,dropout,2,0.16229962697852607,tv_shipped,200,forward,u,5.876802833052352,5.276119924895363,33.68451044083478,5.276119931440976,41.581334697463234,0.9989445046003913,0.99879812996696,602323.5394916116,607954.1073203232,0.12520472993548992,0.2979780724912259,0.9248273372019098,0.9455250150040386,0.4981934080096669,0.533423746957916,0.0
phantom,dropout,2,0.16229962697852607,tv_shipped_feasible,200,forward,u_test,5.876802833052352,5.276332029572134,33.684161267425154,5.276332036117471,41.58098605076197,0.9989444997110967,0.9987981879980872,602322.9719660662,607954.1073203232,0.0,0.2961456036276672,0.9248319320183159,0.9455215922829977,0.4983848229686733,0.5334530174793958,0.0
phantom,scratch,0,0.1632220990019155,biharmonic,0,,skimage,0.08363491692580283,8.99908759173446,29.04683402869744,8.99908759173446,36.91904444378088,0.9952226326520859,0.9898785870138954,614475.806803043,607954.1073203232,0.0,0.0,0.8114007981192215,1.0458958405168604,0.10869763035438361,0.32917563647738457,0.0
phantom,scratch,0,0.1632220990019155,damaged,0,,,0.0,229.44807475061887,0.91711524918913,229.44807475061887,8.789325664272564,0.4722539937190015,0.049873880973974445,7212080.765441681,607954.1073203232,0.0,0.0,5.040622958406957,34.52019035109859,129.45003016239133,0.03443444462765281,0.0
phantom,scratch,0,0.1632220990019155,harmonic,0,,exact sparse solve,0.060871958965435624,11.408728371236482,26.986058804682376,11.408728371236482,34.85826921976581,0.9915555790635598,0.9817320182809239,622983.1355097054,607954.1073203232,0.0,0.0,0.6905745205747885,1.0544081735308106,1.0880392837499885e-30,0.2792016712360392,0.0
phantom,scratch,0,0.1632220990019155,meanfill,0,,,0.0,54.37958600964466,13.422085668846705,54.37958600964466,21.29429608393014,0.597514181711129,0.19318211166472468,1579528.9179687316,607954.1073203232,0.0,0.0,1.0832898876487551,5.688022805116082,7.713050313790771,0.14872472547870652,0.0
phantom,scratch,0,0.1632220990019155,tv_converged,1500,symmetric,u_test,51.49311583396047,6.737084600638495,31.56136358827012,6.737084600862835,39.433574003353556,0.9978841864096195,0.9956466483211244,602679.3793117949,607954.1073203232,0.0,0.2637121680049413,0.8559504624114733,0.931704382967494,0.5257282374207388,0.49795159190497473,0.0
phantom,scratch,0,0.1632220990019155,tv_corrected,200,symmetric,u_test,7.213529250002466,7.348190159156599,30.8071958764615,7.34819041748384,38.679406291544936,0.9975345060426889,0.9949740411121082,602773.751203716,607954.1073203232,0.0,0.3054972205064855,0.8313833420753274,0.9178187214633425,0.4451106141371127,0.48136099452348174,0.0
phantom,scratch,0,0.1632220990019155,tv_shipped,200,forward,u,5.41447183303535,7.399249350182631,30.74705034813899,7.399249472515431,38.619260554524196,0.9975120520061821,0.9949336653098029,602782.3342019813,607954.1073203232,0.09168789298126967,0.2733168622606547,0.830476872723132,0.9174799195474734,0.4464992694894471,0.48119492928352164,0.0
phantom,scratch,0,0.1632220990019155,tv_shipped_feasible,200,forward,u_test,5.41447183303535,7.395409943122334,30.751558551550623,7.3954101191467165,38.62376896663406,0.9975148696251362,0.994939128343963,602780.9710085521,607954.1073203232,0.0,0.27816553428042,0.8306129574894832,0.9175073146747851,0.4469471491519563,0.48131370362012355,0.0
phantom,scratch,1,0.16330779312430688,biharmonic,0,,skimage,0.15499137493316084,9.443797540359078,28.62787024987899,9.443797540359078,36.49780115020816,0.9947393637748251,0.9902316085668266,615251.2144709731,607954.1073203232,0.0,0.0,0.8107400262645191,1.0390268190976297,0.10615482106599976,0.31727941060890075,0.0
phantom,scratch,1,0.16330779312430688,damaged,0,,,0.0,225.59637459361932,1.0641612863747323,225.59637459361932,8.934092186703902,0.4705029350700756,0.052539236625166595,7321110.374493033,607954.1073203232,0.0,0.0,3.2417830717439395,32.54360020145027,114.42120676174422,0.033980027059706715,0.0
phantom,scratch,1,0.16330779312430688,harmonic,0,,exact sparse solve,0.07235204090829939,11.76618449295076,26.71809053244013,11.76618449295076,34.588021432769295,0.9911753920299334,0.9835355394461752,622203.9712362776,607954.1073203232,0.0,0.0,0.6911304909700555,1.033469659204786,9.262583035161498e-31,0.2728191834657426,0.0
phantom,scratch,1,0.16330779312430688,meanfill,0,,,0.0,54.75502343998866,13.362324224394877,54.75502343998866,21.23225512472405,0.6023140434439077,0.2071414492128206,1590622.9407711523,607954.1073203232,0.0,0.0,0.9588636688938948,5.262634542052891,6.991208060866776,0.15385239735353498,0.0
phantom,scratch,1,0.16330779312430688,tv_converged,1500,symmetric,u_test,57.206496999948286,6.53074711207209,31.83154626774055,6.530747112077868,39.701477168069715,0.9976977358789617,0.9955306856191581,601560.7205245992,607954.1073203232,0.0,0.25922153285798066,0.8735726308583224,0.9428770299773751,0.4283947931854408,0.46237502852965096,0.0
phantom,scratch,1,0.16330779312430688,tv_corrected,200,symmetric,u_test,8.221717374981381,6.919642540876348,31.329130408950437,6.919642790552935,39.19906130927961,0.9974648531429976,0.9952606363820787,601631.92364745,607954.1073203232,0.0,0.26693829675587244,0.8607029074220492,0.9451406484714752,0.3767649258654633,0.4485111997716847,0.0
phantom,scratch,1,0.16330779312430688,tv_shipped,200,forward,u,5.902509749983437,6.947540293988905,31.294182123566294,6.947540385726832,39.16411258711968,0.9974496447155087,0.9952227085884964,601647.734744872,607954.1073203232,0.08909871434341596,0.22705806093156775,0.8605256958354149,0.9455134487636021,0.37621609752227647,0.4486830906664358,0.0
phantom,scratch,1,0.16330779312430688,tv_shipped_feasible,200,forward,u_test,5.902509749983437,6.944294797333568,31.29824062643457,6.944294867920585,39.168171526763736,0.9974517674895783,0.9952224118918744,601647.2281821562,607954.1073203232,0.0,0.2398678890020681,0.8606243103288065,0.9455037170383626,0.37659294586039715,0.4487747227679315,0.0
phantom,scratch,2,0.162828914205061,biharmonic,0,,skimage,0.10843833303079009,9.51389910612171,28.56363277943983,9.51389910612171,36.44631751071903,0.9957583635538572,0.9918518652962136,610589.4529559325,607954.1073203232,0.0,0.0,0.7912934307945546,1.0360001689832972,0.09648413575249346,0.36478234875676796,0.0
phantom,scratch,2,0.162828914205061,damaged,0,,,0.0,228.63131478540294,0.9480893318420363,228.63131478540294,8.830774063121236,0.47751484661089844,0.042346826367923376,7314926.96019213,607954.1073203232,0.0,0.0,3.262140009570164,39.465933467889535,126.17345380975033,0.03400386537066067,0.0
phantom,scratch,2,0.162828914205061,harmonic,0,,exact sparse solve,0.0631715829949826,11.997454387525133,26.549021458942576,11.997454387525133,34.431706190221774,0.9928384329573137,0.9850571930688102,616593.7693882319,607954.1073203232,0.0,0.0,0.6631255968064931,1.0282219546292148,9.036956698729217e-31,0.31100813579317216,0.0
phantom,scratch,2,0.162828914205061,meanfill,0,,,0.0,49.92139541367222,14.165069281927355,49.92139541367222,22.047754013206557,0.604116897259464,0.1967627972083956,1524234.6759303664,607954.1073203232,0.0,0.0,0.8498378625023991,5.93490253790691,5.475190594772106,0.14705754878652016,0.0
phantom,scratch,2,0.162828914205061,tv_converged,1500,symmetric,u_test,52.219045959063806,9.19670717842577,28.858156431811196,9.196707178429232,36.740841163090394,0.9976301665643502,0.994904379834776,600351.4706013547,607954.1073203232,0.0,0.2408519596309826,0.8153354365278567,0.9233419184254317,0.3985285831293301,0.5229622720978476,0.0
phantom,scratch,2,0.162828914205061,tv_corrected,200,symmetric,u_test,7.084233500063419,8.19594050103484,29.858827669649983,8.196260463283878,37.74151240092919,0.9977658923744032,0.9954840604891548,600447.3852581008,607954.1073203232,0.0,0.33378738158627946,0.8165543994170273,0.9255902575352247,0.34180231935512234,0.5067452285788806,0.0
phantom,scratch,2,0.162828914205061,tv_shipped,200,forward,u,5.622708291048184,8.161639991396893,29.895254924653486,8.163646555335415,37.77793946011168,0.9977656016625212,0.9955017859968279,600460.1369313987,607954.1073203232,1.1183986217770583,0.27871339235960624,0.8167343031885974,0.9258004667318803,0.34174559906494845,0.5066076152477913,0.0
phantom,scratch,2,0.162828914205061,tv_shipped_feasible,200,forward,u_test,5.622708291048184,8.165171127108694,29.89149778489786,8.167645394891995,37.77418251617706,0.9977656983731884,0.9955003299227696,600458.1177067058,607954.1073203232,0.0,0.2794873382453099,0.8167658940991096,0.9257936707443789,0.3421427403471563,0.5067144023421379,0.0
smooth,blocks16,0,0.1625970359915314,biharmonic,0,,skimage,0.13016304199118167,0.0025110914002816442,100.13355319420131,0.0025110914002816442,108.02242694916417,0.9999999965609792,0.9999999810364631,163185.21612273683,163185.78820455234,0.0,0.0,0.999851259461167,0.999982456142588,0.9946975089854014,0.025676153748199412,0.00018601190476190475
smooth,blocks16,0,0.1625970359915314,damaged,0,,,0.0,141.20205728803433,5.133983121625143,141.20205728803433,13.022856876588003,0.7454839619904166,0.28760988630212164,1192548.4924067946,163185.78820455234,0.0,0.0,7.914888234735651,19.221521351466595,7676769.417564402,0.13313039503668667,0.87890625
smooth,blocks16,0,0.1625970359915314,harmonic,0,,exact sparse solve,0.1182728330604732,0.33967977089718054,57.50940993058518,0.33967977089718054,65.39828368554805,0.9999455524932032,0.9997402126008159,163118.20026749047,163185.78820455234,0.0,0.0,0.984452314733409,0.9971856503224215,6.840211608561764e-24,0.025899453466829182,0.00040302579365079363
smooth,blocks16,0,0.1625970359915314,meanfill,0,,,0.0,48.778404197558594,14.366251846374167,48.778404197558594,22.255125601337028,0.8273888447464091,0.5184464473061031,456490.6126527055,163185.78820455234,0.0,0.0,2.230607926572449,5.771778464341591,915974.837866875,0.2051612677951788,0.8790922619047619
smooth,blocks16,0,0.1625970359915314,tv_converged,1500,symmetric,u_test,67.10658779204823,0.5122079797793039,53.94187680595579,0.5122079797793039,61.83075056091866,0.9998639415476763,0.9993710644831568,163056.69126971424,163185.78820455234,0.0,0.0,0.9872909965558303,0.9937501800659249,9.188628626870146,0.02840952509475544,0.003937251984126984
smooth,blocks16,0,0.1625970359915314,tv_corrected,200,symmetric,u_test,9.209938874933869,0.5191793102867179,53.824456065627395,0.5191793102867179,61.71332982059026,0.9998543295881733,0.9993212170907464,163092.49057812532,163185.78820455234,0.0,0.0,0.987285028531495,0.9949883313789104,18.962060852674124,0.02837510930770735,0.020802331349206348
smooth,blocks16,0,0.1625970359915314,tv_shipped,200,forward,u,7.178162207943387,0.5208412843492686,53.796695585400116,0.5208412843492686,61.68392007644239,0.9998498420598554,0.999295348986025,163084.24575127068,163185.78820455234,0.12820251762793333,0.0,0.987281617315939,0.9946748946320332,19.129762080949043,0.02838403293056285,0.024212549603174604
smooth,blocks16,0,0.1625970359915314,tv_shipped_feasible,200,forward,u_test,7.178162207943387,0.5201107738015148,53.808886608010944,0.5201107738015148,61.69776036297381,0.9998506014105216,0.999299159054691,163093.85223906397,163185.78820455234,0.0,0.0,0.987283779443966,0.9949589355493337,19.831816439833638,0.02837588577484674,0.02374751984126984
smooth,blocks16,1,0.1625970359915314,biharmonic,0,,skimage,0.18088966701179743,0.00224369977836533,101.11150870781702,0.00224369977836533,109.0003824627799,0.9999999970129699,0.9999999835296182,163185.1497313656,163185.78820455234,0.0,0.0,0.9999396203356775,0.9999795006118689,0.9951616427482183,0.025122230422565964,0.0008990575396825396
smooth,blocks16,1,0.1625970359915314,damaged,0,,,0.0,140.21685740519655,5.194799022520732,140.21685740519655,13.08367277748359,0.7438516331137365,0.2873850686136475,1188960.7706586553,163185.78820455234,0.0,0.0,8.198625817563043,18.49908931771859,8973826.844902243,0.13255203988575595,0.87890625
smooth,blocks16,1,0.1625970359915314,harmonic,0,,exact sparse solve,0.06989749998319894,0.3107197574985665,58.28342622302636,0.3107197574985665,66.17229997798923,0.9999518925773332,0.9997709825638337,163110.21852344493,163185.78820455234,0.0,0.0,0.9961211136326725,0.9967854817351631,8.08433815707741e-24,0.025707392844344562,0.0010230654761904762
smooth,blocks16,1,0.1625970359915314,meanfill,0,,,0.0,46.72808898100377,14.739243204103643,46.72808898100377,22.628116959066507,0.8369300031587362,0.5455592220367292,435052.334317949,163185.78820455234,0.0,0.0,1.9296817799167962,5.234415428631291,998691.8704194662,0.21473780817624066,0.8790612599206349
smooth,blocks16,1,0.1625970359915314,tv_converged,1500,symmetric,u_test,56.99054024997167,0.4989494529307893,54.16967259301124,0.4989494529307893,62.05854634797411,0.9998703584055771,0.9994081911219618,163046.99750160577,163185.78820455234,0.0,0.0,1.0110156187228565,0.9935347443737147,10.867820537874707,0.02802956661532398,0.005921378968253968
smooth,blocks16,1,0.1625970359915314,tv_corrected,200,symmetric,u_test,7.75019012496341,0.5034487707696675,54.0916979124346,0.5034487707696675,61.98057166739745,0.9998625026849522,0.999367463778439,163079.22285329917,163185.78820455234,0.0,0.0,1.0110155883589527,0.9948540983661781,22.15348845069681,0.027992956412996296,0.023778521825396824
smooth,blocks16,1,0.1625970359915314,tv_shipped,200,forward,u,6.009651000029407,0.513393327442167,53.92179921148673,0.513393327442167,61.80906404564703,0.9998523812893206,0.9993141737947339,163079.5386384672,163185.78820455234,0.14628670019718015,0.0,1.0110332964517914,0.994891539631514,22.834373962790565,0.0279920417502942,0.026568700396825396
smooth,blocks16,1,0.1625970359915314,tv_shipped_feasible,200,forward,u_test,6.009651000029407,0.5117805746540323,53.94912765646261,0.5117805746540323,61.838001411425466,0.9998538114455173,0.9993213711747908,163089.43311951487,163185.78820455234,0.0,0.0,1.0110334034420856,0.9950892062431043,23.430829413260547,0.0279864947921575,0.026258680555555556
smooth,blocks16,2,0.1625970359915314,biharmonic,0,,skimage,0.08913445891812444,0.002559408175394367,99.96801255146481,0.002559408175394367,107.85688630642767,0.9999999961568807,0.9999999788069751,163184.79344095735,163185.78820455234,0.0,0.0,0.9999443678826082,0.999965410215825,0.9947455561042982,0.024360489075197174,0.0025421626984126985
smooth,blocks16,2,0.1625970359915314,damaged,0,,,0.0,139.50571180354524,5.238963821507731,139.50571180354524,13.127837576470592,0.7451719756191649,0.289366720987646,1178919.7022053916,163185.78820455234,0.0,0.0,7.182055462106304,17.818565509191444,7258908.287616763,0.13101731862845845,0.87890625
smooth,blocks16,2,0.1625970359915314,harmonic,0,,exact sparse solve,0.053190667065791786,0.3449991224037426,57.374443802036616,0.3449991224037426,65.26331755699948,0.9999417534084871,0.9997228297173204,163093.7238549908,163185.78820455234,0.0,0.0,0.996237375680066,0.995688934193,6.802640666026344e-24,0.02484233989255999,0.0014260912698412698
smooth,blocks16,2,0.1625970359915314,meanfill,0,,,0.0,48.089528964479,14.489793144819686,48.089528964479,22.378666899782544,0.8241157820151667,0.5123845572410941,452952.3960972154,163185.78820455234,0.0,0.0,2.0581861380996966,5.397658178274169,862912.4256771021,0.20818316799931205,0.878968253968254
smooth,blocks16,2,0.1625970359915314,tv_converged,1500,symmetric,u_test,37.21961204195395,0.5408508219961394,53.46925372680313,0.5408508219961394,61.35812748176598,0.9998470186942315,0.9992816860268344,163025.8484927695,163185.78820455234,0.0,0.0,1.0062889691867265,0.9933539688386397,9.745463933469832,0.027429993044271763,0.007781498015873016
smooth,blocks16,2,0.1625970359915314,tv_corrected,200,symmetric,u_test,5.487437166040763,0.5477478524752255,53.359189938245606,0.5477478524752255,61.24806369320847,0.9998379129304236,0.9992344852390626,163058.8162429942,163185.78820455234,0.0,0.0,1.0062899178226548,0.9944863656810004,18.20619355779672,0.02739969852492367,0.023468501984126984
smooth,blocks16,2,0.1625970359915314,tv_shipped,200,forward,u,4.108378458069637,0.5472150157453932,53.36764348773131,0.5472150157453932,61.255195799647026,0.99983567538631,0.999220894345725,163048.86302114773,163185.78820455234,0.13874103250852698,0.0,1.006293120461676,0.9940684432866642,17.973336535127146,0.027411292737513512,0.02659970238095238
smooth,blocks16,2,0.1625970359915314,tv_shipped_feasible,200,forward,u_test,4.108378458069637,0.5472111670640891,53.36770457768253,0.5472111670640891,61.25657833264539,0.9998359651270028,0.9992221605381747,163058.63958704463,163185.78820455234,0.0,0.0,1.0062945598056798,0.9943582386826537,18.56397599493883,0.02740327845963751,0.025886656746031748
smooth,blocks32,0,0.1600161306583325,biharmonic,0,,skimage,0.2325703330570832,0.032628460416413776,77.85887196953239,0.032628460416413776,85.81723432404851,0.9999998067668431,0.9999988428981819,163176.81026837995,163185.78820455234,0.0,0.0,0.9980277073896584,0.9996571871184017,0.9869078377045077,0.02552545536581743,0.0009765625
smooth,blocks32,0,0.1600161306583325,damaged,0,,,0.0,143.1764131620392,5.013374042160259,143.1764131620392,12.971736396676398,0.8478629656521558,0.45990923327791855,663915.9820517682,163185.78820455234,0.0,0.0,4.444729592376747,10.098827955034231,4486234.873301206,0.25288967224240694,0.9384765625
smooth,blocks32,0,0.1600161306583325,harmonic,0,,exact sparse solve,0.1519793749321252,1.1337060678681503,47.040794186846114,1.1337060678681503,54.99915654136225,0.9997956154213109,0.9988858884625315,162956.15577874694,163185.78820455234,0.0,0.0,0.9384220475479745,0.9900244509049937,1.0160536540342292e-23,0.025743102151514263,0.0012600806451612903
smooth,blocks32,0,0.1600161306583325,meanfill,0,,,0.0,51.8779418594119,13.831148846726105,51.8779418594119,21.789511201242245,0.8975795967180327,0.6550085880572546,309731.3882088062,163185.78820455234,0.0,0.0,1.2046000086741457,3.2750748589654686,588356.679378325,0.3208421050343706,0.938508064516129
smooth,blocks32,0,0.1600161306583325,tv_converged,1500,symmetric,u_test,59.76991233299486,1.6262530310483188,43.907041228307534,1.6262530310483188,51.86540358282366,0.9994521582086356,0.9973623175240486,162774.103197109,163185.78820455234,0.0,0.0,0.9440376177457667,0.9786935483795397,52.71097560429521,0.03514339590994765,0.01956275201612903
smooth,blocks32,0,0.1600161306583325,tv_corrected,200,symmetric,u_test,7.6968310420634225,2.412766727342412,40.480496904653606,2.412766727342412,48.438859259169746,0.9985844083936143,0.9925757060697145,164748.59619606967,163185.78820455234,0.0,0.0,0.9459374401109062,1.0464608018872905,109.33959369562469,0.03369089700553122,0.011403729838709678
smooth,blocks32,0,0.1600161306583325,tv_shipped,200,forward,u,6.308257124968804,2.816441037775807,39.13679033454372,2.816441037775807,47.092332346971595,0.9982707386321243,0.9908029697975075,165073.1594213709,163185.78820455234,0.9561647991309528,0.0,0.9525885831303748,1.059529556922758,103.78271389136731,0.03343800620725404,0.012663810483870967
smooth,blocks32,0,0.1600161306583325,tv_shipped_feasible,200,forward,u_test,6.308257124968804,2.761779417515395,39.307023835495464,2.761779417515395,47.265386190011604,0.9982836438126679,0.9908945398117698,165121.077609253,163185.78820455234,0.0,0.0,0.9519626521462211,1.0609145769546975,122.56713103955181,0.03358800187987276,0.013986895161290322
smooth,blocks32,1,0.1600161306583325,biharmonic,0,,skimage,0.24771008302923292,0.039604442475669535,76.17592552933202,0.039604442475669535,84.13428788384817,0.9999996378922907,0.9999979139046983,163167.7371942255,163185.78820455234,0.0,0.0,0.9997886959084784,0.9994459802513058,1.0010644219589162,0.02162691169384857,0.002803679435483871
smooth,blocks32,1,0.1600161306583325,damaged,0,,,0.0,131.33717846826363,5.763049967611046,131.33717846826363,13.721412322127183,0.8511932833935365,0.4819992110351446,618756.7891670176,163185.78820455234,0.0,0.0,2.991695449982158,7.4906639039958804,2277723.8153115986,0.2487700648512603,0.9384765625
smooth,blocks32,1,0.1600161306583325,harmonic,0,,exact sparse solve,0.07679583306889981,1.430463611715458,45.02126731562185,1.430463611715458,52.97962967013799,0.9996712128558218,0.9982073206470179,162795.31436886,163185.78820455234,0.0,0.0,0.9850751851722837,0.9867874249363342,6.68145175221503e-24,0.023666985798974256,0.0011970766129032258
smooth,blocks32,1,0.1600161306583325,meanfill,0,,,0.0,47.0964681931498,14.671036804418351,47.0964681931498,22.62939915893449,0.9062632305566531,0.6827810769389918,281236.5701422425,163185.78820455234,0.0,0.0,1.0010443959313542,2.2403450818950406,293750.32469392003,0.36056490440650585,0.9385395665322581
smooth,blocks32,1,0.1600161306583325,tv_converged,1500,symmetric,u_test,55.85049670794979,2.3453653548922873,40.726593497044774,2.3453653548922873,48.684955851560915,0.998999556061383,0.9947461005575188,162504.32915472708,163185.78820455234,0.0,0.0,0.995212498815278,0.9735229260814516,35.415888043788016,0.030843335263207698,0.023532006048387098
smooth,blocks32,1,0.1600161306583325,tv_corrected,200,symmetric,u_test,7.55196433304809,2.625108812611329,39.74785741012732,2.625108812611329,47.70621976464345,0.9985613106615941,0.9922671073610484,163322.17061207353,163185.78820455234,0.0,0.0,0.995416461918456,0.996579334183466,57.26611667189759,0.03029596603191791,0.034368699596774195
smooth,blocks32,1,0.1600161306583325,tv_shipped,200,forward,u,5.870238041039556,2.925646759225318,38.80636583851322,2.925646759225318,46.76342707951022,0.9982724534418598,0.9906858912620982,163769.80250312318,163185.78820455234,0.7490357039460065,0.0,0.9967649967720161,1.0100290115970887,57.19055935953005,0.030071171461779622,0.025831653225806453
smooth,blocks32,1,0.1600161306583325,tv_shipped_feasible,200,forward,u_test,5.870238041039556,2.8986297146151236,38.88694880948163,2.8986297146151236,46.84531116399776,0.9982806124585306,0.9907286676657425,163871.8512010797,163185.78820455234,0.0,0.0,0.9965616658079086,1.0126917130021869,61.72904252804785,0.030040116396719406,0.025768649193548387
smooth,blocks32,2,0.1600161306583325,biharmonic,0,,skimage,0.10901104100048542,0.038262619829520624,76.47530955436648,0.038262619829520624,84.4336719088826,0.9999997075284343,0.9999982475652963,163168.34396549524,163185.78820455234,0.0,0.0,0.99983959369606,0.9994322311309415,0.9871429511519818,0.023229422583040164,0.0020161290322580645
smooth,blocks32,2,0.1600161306583325,damaged,0,,,0.0,131.48529704714528,5.7532597716759675,131.48529704714528,13.711622126192104,0.852005706241525,0.48546555497333127,620231.8975146877,163185.78820455234,0.0,0.0,2.931340945803251,7.945750234881034,3021307.4691018816,0.23929131146711272,0.9384765625
smooth,blocks32,2,0.1600161306583325,harmonic,0,,exact sparse solve,0.06724749994464219,1.2545358001400113,46.161142426692166,1.2545358001400113,54.119504781208306,0.9997418029119377,0.9985911427297638,162747.82699984778,163185.78820455234,0.0,0.0,0.9906134254164226,0.9850407311945154,9.035786201939337e-24,0.025457884995255982,0.0016066028225806453
smooth,blocks32,2,0.1600161306583325,meanfill,0,,,0.0,47.502273604805616,14.5965156728595,47.502273604805616,22.554878027375636,0.9047717009081887,0.6819239147580493,285722.81683061534,163185.78820455234,0.0,0.0,1.3255989512060062,2.5500120499202974,396732.62428324216,0.37010513424665964,0.9384765625
smooth,blocks32,2,0.1600161306583325,tv_converged,1500,symmetric,u_test,36.9519191669533,2.0499884131620005,41.8957754813594,2.0499884131620005,49.85413783587554,0.9992092864159825,0.9960353542449321,162483.95616630625,163185.78820455234,0.0,0.0,1.0040377612216775,0.9696594035862889,64.09938609678676,0.03495092613625509,0.026587701612903226
smooth,blocks32,2,0.1600161306583325,tv_corrected,200,symmetric,u_test,5.18619320797734,2.2108837877695917,41.23948530759624,2.2108837877695917,49.19784766211238,0.9989590707165096,0.9945904488503464,162968.31976078867,163185.78820455234,0.0,0.0,1.0042479331929886,0.9851110477310859,85.61328008499984,0.03445185428761642,0.03795992943548387
smooth,blocks32,2,0.1600161306583325,tv_shipped,200,forward,u,4.076294707949273,2.626291510885633,39.7439450110617,2.626291510885633,47.70140400304551,0.99855754805268,0.9924498597268737,163455.5772085946,163185.78820455234,0.6766706507737439,0.0,1.0047433324008654,0.9983884462316273,113.85717441587556,0.03408940535346938,0.03852696572580645
smooth,blocks32,2,0.1600161306583325,tv_shipped_feasible,200,forward,u_test,4.076294707949273,2.5599444340385014,39.96619283566369,2.5599444340385014,47.92455519017984,0.9986064261394841,0.9927076586150415,163444.53491691197,163185.78820455234,0.0,0.0,1.0047031423897985,0.9972199744448776,117.48071329020851,0.034113457583680826,0.039818548387096774
smooth,blocks64,0,0.16517794132473032,biharmonic,0,,skimage,0.24053466599434614,0.1721573816476784,63.41229063218418,0.1721573816476784,71.23277014184399,0.9999981345373412,0.9999890319957379,163191.62175026027,163185.78820455234,0.0,0.0,0.9944256615831867,1.0001793239929677,0.9838201951590412,0.02308608560653422,0.0
smooth,blocks64,0,0.16517794132473032,damaged,0,,,0.0,147.6206558673486,4.747860998022242,147.6206558673486,12.568340507682045,0.8895111513456887,0.5376189017082742,410679.6280863448,163185.78820455234,0.0,0.0,2.6971135573444567,4.242169619253689,4908255.615802083,0.4612111542158127,0.968994140625
smooth,blocks64,0,0.16517794132473032,harmonic,0,,exact sparse solve,0.21826370898634195,2.60271400360265,39.822274633594816,2.60271400360265,47.64275414325461,0.9995810488280366,0.9976471897360157,163060.2553355854,163185.78820455234,0.0,0.0,0.9628113833084067,0.9931711961555231,2.2118232831091323e-23,0.025084074187007435,0.0
smooth,blocks64,0,0.16517794132473032,meanfill,0,,,0.0,55.229656415870195,13.287356779025687,55.229656415870195,21.107836288685494,0.9259933946493455,0.7131282273327736,232478.02786127705,163185.78820455234,0.0,0.0,0.49844714381125826,1.4709139796678417,711810.0208949536,0.5302882552053472,0.968994140625
smooth,blocks64,0,0.16517794132473032,tv_converged,1500,symmetric,u_test,59.34199595893733,4.89384687365795,34.33779608182419,4.89384687365795,42.158275591484,0.998319075176797,0.9913828194160306,162407.62100080494,163185.78820455234,0.0,0.0,1.03392133132469,0.9587074238356642,430.51385820446984,0.046163907350740906,0.00482177734375
smooth,blocks64,0,0.16517794132473032,tv_corrected,200,symmetric,u_test,7.965842250036076,43.12536464880544,15.436148002741998,43.12536464880544,23.256627512401806,0.9537924841678389,0.7964318194500766,204143.37694639133,163185.78820455234,0.0,0.0,0.5790396352437526,1.5143534030739627,266289.54536335194,0.33330125293060453,0.279541015625
smooth,blocks64,0,0.16517794132473032,tv_shipped,200,forward,u,6.30678916699253,48.11833843063089,14.484591161701633,48.11833843063089,22.305068823529574,0.9495590590301538,0.7773423546619709,211042.85674012534,163185.78820455234,0.9320468118852716,0.0,0.6059822830716517,1.6263253450686284,339691.6796656527,0.3587374615231124,0.403045654296875
smooth,blocks64,0,0.16517794132473032,tv_shipped_feasible,200,forward,u_test,6.30678916699253,47.73401256870303,14.554244746118501,47.73401256870303,22.374724255778307,0.9498847596866286,0.7788225274405949,210480.77489994818,163185.78820455234,0.0,0.0,0.6064422950442699,1.617371963223941,334087.7755580067,0.3569223784392509,0.40032958984375
smooth,blocks64,1,0.16517794132473032,biharmonic,0,,skimage,0.31069987500086427,0.5340742896643961,53.57877017794786,0.5340742896643961,61.39924968760767,0.999982207701641,0.9998953770717782,162839.9257611742,163185.78820455234,0.0,0.0,0.979933052305251,0.9891525110822309,1.0572156887181627,0.02273557217649838,0.00604248046875
smooth,blocks64,1,0.16517794132473032,damaged,0,,,0.0,120.48041165659741,6.512474753611127,120.48041165659741,14.332954263270931,0.9068406495664849,0.6336296981829868,361908.6960833522,163185.78820455234,0.0,0.0,2.846024792489504,3.584977369779729,648936.0443339744,0.4418380127311183,0.968994140625
smooth,blocks64,1,0.16517794132473032,harmonic,0,,exact sparse solve,0.08519749995321035,6.676562017210489,31.639745860099087,6.676562017210489,39.460225369758895,0.9978305226759832,0.9878178624103521,160229.85518843992,163185.78820455234,0.0,0.0,0.7483365492603953,0.9054733422117142,5.580165845173656e-24,0.025039424791700998,0.002655029296875
smooth,blocks64,1,0.16517794132473032,meanfill,0,,,0.0,56.14340867795159,13.144828073603241,56.14340867795159,20.965307583263048,0.9379779697872798,0.7667001258061261,221685.01276100185,163185.78820455234,0.0,0.0,0.9929024154449692,1.2434634140557306,127483.27168926908,0.5666095043810646,0.969024658203125
smooth,blocks64,1,0.16517794132473032,tv_converged,1500,symmetric,u_test,52.5962068750523,9.11812396307919,28.932693763807503,9.11812396307919,36.753173273467304,0.9947588071884715,0.9732273045533051,159196.31514412296,163185.78820455234,0.0,0.0,0.8394748506172306,0.8362614251156094,257.06004394590724,0.04484460375973829,0.1539306640625
smooth,blocks64,1,0.16517794132473032,tv_corrected,200,symmetric,u_test,7.077191875083372,24.074168254764636,20.499777778817013,24.074168254764636,28.32025728847682,0.9771147189994849,0.8981591472350188,171682.73427340997,163185.78820455234,0.0,0.0,0.498562074726124,0.8932659141432118,17056.3624642048,0.283802583456277,0.207366943359375
smooth,blocks64,1,0.16517794132473032,tv_shipped,200,forward,u,5.6771077499724925,27.791155787775065,19.252671433969997,27.791155787775065,27.07313985868677,0.9725346750949683,0.8788557503926013,176041.70137859925,163185.78820455234,1.4314378702870272,0.0,0.5144516787931301,0.9485252291236519,23212.306852025653,0.32225413688521864,0.3336181640625
smooth,blocks64,1,0.16517794132473032,tv_shipped_feasible,200,forward,u_test,5.6771077499724925,27.486628507418082,19.348374152239437,27.486628507418082,27.16885366189924,0.9729629168716444,0.8806215021735648,175588.39818854682,163185.78820455234,0.0,0.0,0.5144029506835902,0.9426959902746272,22706.02264516803,0.3198248172612138,0.332122802734375
smooth,blocks64,2,0.16517794132473032,biharmonic,0,,skimage,0.17071133304852992,0.5172447943015342,53.85688103874318,0.5172447943015342,61.67736054840298,0.9999832193336551,0.9999013586266915,162902.43157437,163185.78820455234,0.0,0.0,0.9961355984093553,0.9922890802793345,0.9635267385605218,0.01974529237474904,0.000274658203125
smooth,blocks64,2,0.16517794132473032,damaged,0,,,0.0,131.00385163992996,5.785122318254285,131.00385163992996,13.60560182791409,0.8986582976050914,0.5883659552561983,382139.7579296805,163185.78820455234,0.0,0.0,1.026905933447419,3.2865780816103696,937460.6253216317,0.45058587072662365,0.968994140625
smooth,blocks64,2,0.16517794132473032,harmonic,0,,exact sparse solve,0.07611062505748123,5.429639935683904,33.435382998966375,5.429639935683904,41.25586250862618,0.9983986054940325,0.9910176698730918,160630.4011352733,163185.78820455234,0.0,0.0,0.9268589601745872,0.930367405334259,5.6576670149437095e-24,0.024177328896271586,0.000885009765625
smooth,blocks64,2,0.16517794132473032,meanfill,0,,,0.0,45.26607232084182,15.015347349605362,45.26607232084182,22.83582685926517,0.9434259891252813,0.7795531968290945,199976.8723588335,163185.78820455234,0.0,0.0,0.4078087612596279,1.0509665116094409,115320.9374585047,0.6268401782226555,0.968994140625
smooth,blocks64,2,0.16517794132473032,tv_converged,1500,symmetric,u_test,36.776973958010785,8.680180057596418,29.360228927247213,8.680180057596418,37.18070843690701,0.9952326798196324,0.9762304967080566,159783.88330956906,163185.78820455234,0.0,0.0,0.9159227418325628,0.8930877940611358,404.8769851840604,0.0713382012424651,0.045562744140625
smooth,blocks64,2,0.16517794132473032,tv_corrected,200,symmetric,u_test,5.321180667029694,27.453782145023567,19.358759946934967,27.453782145023567,27.17923945659477,0.9693426439376783,0.8648863423122486,176996.715460318,163185.78820455234,0.0,0.0,0.4807434084914192,0.9690446065783298,27842.584522032594,0.29814348751960795,0.263397216796875
smooth,blocks64,2,0.16517794132473032,tv_shipped,200,forward,u,4.155542792053893,31.766711419309033,18.091358453698096,31.766711419309033,25.911828077060683,0.9637260443892601,0.840480348996851,182536.54064266814,163185.78820455234,1.3284152428842049,0.0,0.44799132030375843,1.0344317195405035,37954.67281044757,0.33046652746123595,0.391937255859375
smooth,blocks64,2,0.16517794132473032,tv_shipped_feasible,200,forward,u_test,4.155542792053893,31.424695339727542,18.185382090217086,31.424695339727542,26.00586159987689,0.9641954286487386,0.8424945368742245,182034.7926117719,163185.78820455234,0.0,0.0,0.450582568132419,1.02810720251138,37182.74030771661,0.3287644692918958,0.382354736328125
smooth,blocks8,0,0.16227442282488155,biharmonic,0,,skimage,0.09749320801347494,0.00024291950832974488,120.42155573993327,0.00024291950832974488,128.3190550087921,0.9999999999232337,0.9999999996779291,163185.71533553713,163185.78820455234,0.0,0.0,0.9999908331979409,0.9999977762334432,0.9972971306882298,0.02551128129456646,0.0009940357852882703
smooth,blocks8,0,0.16227442282488155,damaged,0,,,0.0,142.31015527737645,5.066085758285016,142.31015527737645,12.963585027143854,0.5497938214279792,0.06939461860858633,2244927.553474892,163185.78820455234,0.0,0.0,14.574753922882742,37.16275592936609,18845233.823602628,0.07501457082015192,0.765625
smooth,blocks8,0,0.16227442282488155,harmonic,0,,exact sparse solve,0.056573166977614164,0.09624202603169765,68.463508469773,0.09624202603169765,76.36100773863184,0.9999892111910007,0.999960615557808,163163.91863859067,163185.78820455234,0.0,0.0,0.9991723489113322,0.9987578090193503,6.049229758559545e-24,0.025789949425543947,0.0008697813121272366
smooth,blocks8,0,0.16227442282488155,meanfill,0,,,0.0,48.27039773521354,14.457186062594529,48.27039773521354,22.354685331453368,0.6996504681287891,0.3415786955645774,755048.0824802826,163185.78820455234,0.0,0.0,4.150528052616415,10.9402120384594,2168679.46801621,0.11616293130517906,0.765749254473161
smooth,blocks8,0,0.16227442282488155,tv_converged,1500,symmetric,u_test,46.60071200004313,0.14874411526788767,64.68200775189273,0.14874411526788767,72.57950702075156,0.9999745935455184,0.9999083653204094,163145.6315105493,163185.78820455234,0.0,0.0,1.005750584481784,0.9993302868635854,4.070641962489612,0.026822050728620813,0.002050198807157058
smooth,blocks8,0,0.16227442282488155,tv_corrected,200,symmetric,u_test,6.466643042047508,0.1491659750174364,64.657408184466,0.1491659750174364,72.55490745332483,0.999974303731889,0.9999072559959442,163149.21071314046,163185.78820455234,0.0,0.0,1.0057596768342998,1.0004462504991716,6.1201896100132425,0.02679238175889576,0.004659542743538767
smooth,blocks8,0,0.16227442282488155,tv_shipped,200,forward,u,5.383180208038539,0.149309605944509,64.64904862303423,0.149309605944509,72.52481209052195,0.999973917640728,0.999906447573508,163149.2364359496,163185.78820455234,0.08541262937099958,0.0,1.0057587353833057,1.0002580463395618,6.400828198716828,0.02679745769442125,0.005871023856858847
smooth,blocks8,0,0.16227442282488155,tv_shipped_feasible,200,forward,u_test,5.383180208038539,0.14928374098587147,64.65055341327214,0.14928374098587147,72.54805268213097,0.9999742251401524,0.9999069591452258,163149.71658685672,163185.78820455234,0.0,0.0,1.0057601075993188,1.000470289358628,6.536589968357671,0.02679176272616735,0.005715705765407555
smooth,blocks8,1,0.16227442282488155,biharmonic,0,,skimage,0.0774036250077188,0.0003431683701702785,117.42065856672768,0.0003431683701702785,125.31815783558653,0.9999999997924907,0.9999999993478956,163185.5721379414,163185.78820455234,0.0,0.0,0.9999952122665815,0.9999939330472983,0.9968612025949614,0.02502174745853617,0.00021744532803180916
smooth,blocks8,1,0.16227442282488155,damaged,0,,,0.0,139.64694643915286,5.230174734057481,139.64694643915286,13.127674002916319,0.5526517484860961,0.07284588029452363,2199905.728282031,163185.78820455234,0.0,0.0,13.85926364384318,35.96717355707521,14915134.514556346,0.07581371629986715,0.765625
smooth,blocks8,1,0.16227442282488155,harmonic,0,,exact sparse solve,0.07479004201013595,0.10619594213285004,67.60864516510362,0.10619594213285004,75.50614443396246,0.9999866808937165,0.9999513073652609,163154.6077930527,163185.78820455234,0.0,0.0,1.0001823477646927,0.9982111114386759,5.159551986639954e-24,0.025281255394621466,9.319085487077535e-05
smooth,blocks8,1,0.16227442282488155,meanfill,0,,,0.0,48.58151954162922,14.401381716207613,48.58151954162922,22.29888098506645,0.7007984045751607,0.3429652654294118,754323.9927690208,163185.78820455234,0.0,0.0,3.7868552602909418,10.792361101966032,1804961.163418827,0.1193303745115828,0.7658424453280318
smooth,blocks8,1,0.16227442282488155,tv_converged,1500,symmetric,u_test,56.30625812499784,0.1595502306257643,64.07285488284886,0.1595502306257643,71.9703541517077,0.9999706219696245,0.9998954912734612,163135.64536072852,163185.78820455234,0.0,0.0,1.0055178924045725,0.9980262879198027,3.7459791869596013,0.02634207943329512,0.0006523359840954274
smooth,blocks8,1,0.16227442282488155,tv_corrected,200,symmetric,u_test,7.624449584051035,0.16014866452843093,64.04033717957226,0.16014866452843093,71.9378364484311,0.9999702090867546,0.9998939045370557,163139.81249586307,163185.78820455234,0.0,0.0,1.0055232551396234,0.9991187324088838,6.02835262285872,0.02631348098822183,0.004970178926441352
smooth,blocks8,1,0.16227442282488155,tv_shipped,200,forward,u,5.887221209006384,0.1603255131791837,64.0307508345507,0.1603255131791837,71.90937293781647,0.9999698020428401,0.9998930355635876,163139.57970039983,163185.78820455234,0.08843979112168654,0.0,1.0055227718780986,0.9989323458431912,6.317224438743858,0.02631839482926596,0.0064922962226640155
smooth,blocks8,1,0.16227442282488155,tv_shipped_feasible,200,forward,u_test,5.887221209006384,0.160284700130239,64.03296222786337,0.160284700130239,71.9304614967222,0.9999701133124036,0.9998935447616824,163140.66041542718,163185.78820455234,0.0,0.0,1.005524492951809,0.9991657458260947,6.401221697395856,0.026312245752402985,0.005777833001988072
smooth,blocks8,2,0.16227442282488155,biharmonic,0,,skimage,0.07901233294978738,0.0002626335056103219,119.7438009958916,0.0002626335056103219,127.64130026475044,0.999999999911765,0.9999999996291127,163185.70434305738,163185.78820455234,0.0,0.0,0.9999930205639402,0.9999974118519352,0.9972408434329489,0.02430916375687034,0.0014910536779324055
smooth,blocks8,2,0.16227442282488155,damaged,0,,,0.0,139.88049613718215,5.215660328205715,139.88049613718215,13.113159597064554,0.5541260308893167,0.071207803807598,2200916.566308242,163185.78820455234,0.0,0.0,12.309505145287345,34.94321203405333,15762005.933222568,0.07563168656775095,0.765625
smooth,blocks8,2,0.16227442282488155,harmonic,0,,exact sparse solve,0.057254457962699234,0.10345970639825938,67.83537877631831,0.10345970639825938,75.73287804517715,0.999987690607177,0.9999550499782894,163159.652265808,163185.78820455234,0.0,0.0,0.9984986431587664,0.9985367079490474,5.406792701118987e-24,0.024606614814974025,0.0013357355864811132
smooth,blocks8,2,0.16227442282488155,meanfill,0,,,0.0,48.89546846798182,14.345431379394121,48.89546846798182,22.242930648252962,0.690380329816157,0.31509370812111154,774410.1836058839,163185.78820455234,0.0,0.0,4.399025605191899,10.855246719769267,1925996.0304460952,0.11324036290222657,0.7658735089463221
smooth,blocks8,2,0.16227442282488155,tv_converged,1500,symmetric,u_test,44.821705750073306,0.1598192733034289,64.05822057662877,0.1598192733034289,71.95571984548762,0.9999711017682552,0.9998960931491506,163141.01705438746,163185.78820455234,0.0,0.0,1.0015862462340557,0.9989884303084232,4.036924171029808,0.02568603987435912,0.0022676441351888667
smooth,blocks8,2,0.16227442282488155,tv_corrected,200,symmetric,u_test,6.402491209097207,0.16017121984114208,64.03911394638041,0.16017121984114208,71.93661321523925,0.9999708126064785,0.9998950028251439,163145.10470768227,163185.78820455234,0.0,0.0,1.0015881613256452,0.9999684843914939,6.412813298719335,0.02566113311655276,0.006740805168986084
smooth,blocks8,2,0.16227442282488155,tv_shipped,200,forward,u,5.627883667009883,0.1603184462615388,64.03113370449068,0.1603184462615388,71.91049783802308,0.9999704314272492,0.9998941748556097,163145.07059275964,163185.78820455234,0.0872906082810303,0.0,1.001587392427657,0.9998043657203265,6.666661376051427,0.02566537460398753,0.007859095427435387
smooth,blocks8,2,0.16227442282488155,tv_shipped_feasible,200,forward,u_test,5.627883667009883,0.16030024082273397,64.03212011257489,0.16030024082273397,71.92961938143372,0.9999707267092802,0.9998946702452748,163145.63752237073,163185.78820455234,0.0,0.0,1.0015882494836414,1.0000036870635596,6.708600369494324,0.025660250560884616,0.007393141153081511
smooth,canonical,0,0.16232483113217058,biharmonic,0,,skimage,0.12468800006899983,0.004792040085662809,94.52039476283468,0.004792040085662809,102.41654516538489,0.9999999867096884,0.9999998728420323,163183.72358482826,163185.78820455234,0.0,0.0,0.9999620942057464,0.9999416399802796,0.9216141703733037,0.023335319509828093,0.0004968635488478976
smooth,canonical,0,0.16232483113217058,damaged,0,,,0.0,137.23804190923056,5.381313349017782,137.23804190923056,13.277463751567975,0.5942881888526982,0.19919768115413808,2699962.509563033,163185.78820455234,0.0,0.0,22.822198222240043,42.11220362568567,24807378.968112502,0.06936729627371173,0.7123160052170673
smooth,canonical,0,0.16232483113217058,harmonic,0,,exact sparse solve,0.06754083395935595,0.26252633911599865,59.74734595982919,0.26252633911599865,67.64349636237938,0.9999820485245977,0.9999104559506417,163148.08649452447,163185.78820455234,0.0,0.0,1.0000445162129898,0.9975621363474717,4.958100313048016e-24,0.023558100436543328,0.0003415936898329296
smooth,canonical,0,0.16232483113217058,meanfill,0,,,0.0,46.33898608274668,14.811873068579507,46.33898608274668,22.7080234711297,0.7301574525878141,0.45939282437628687,970897.211204876,163185.78820455234,0.0,0.0,8.221970408868179,13.86983189111871,3384005.694126948,0.09838713944203642,0.7124402211042793
smooth,canonical,0,0.16232483113217058,tv_converged,1500,symmetric,u_test,47.97447454195935,1.0899388752248689,47.38276074889231,1.0899388752248689,55.2789111514425,0.9994800713879537,0.9973506414694295,163027.10299470962,163185.78820455234,0.0,0.0,1.024553339008187,0.992276918998148,163.02948008683427,0.03972540275550686,0.02325942488044221
smooth,canonical,0,0.16232483113217058,tv_corrected,200,symmetric,u_test,6.645504666026682,1.5920504657624857,44.0916670057868,1.5920504657624857,51.987817408336994,0.9993069893446356,0.9964044958766706,163647.3473509987,163185.78820455234,0.0,0.0,1.0236168881465122,1.0102465611661504,163.4001302526546,0.037387423907416215,0.038227439289485125
smooth,canonical,0,0.16232483113217058,tv_shipped,200,forward,u,5.299830917036161,1.264749245392708,46.0907150294648,1.264749245392708,53.98510867413397,0.9994125177110963,0.996982406122011,163420.77305396888,163185.78820455234,1.3391929301195518,0.0,1.0235460521627495,1.0043372688795655,168.42252887688628,0.036973497161246024,0.03546363579901869
smooth,canonical,0,0.16232483113217058,tv_shipped_feasible,200,forward,u_test,5.299830917036161,1.2953217903076928,45.88325018018529,1.2953217903076928,53.779400582735484,0.9994009678278207,0.9969168512607393,163472.24484893816,163185.78820455234,0.0,0.0,1.0235541733392044,1.005624357074659,171.33661252556763,0.036950190318942325,0.03530836594000373
smooth,dropout,0,0.16229962697852607,biharmonic,0,,skimage,0.07150062511209399,0.003771932516757473,96.5995253243087,0.003771932516757473,104.49635010764551,0.9999999928746571,0.9999999515603202,163180.05915170597,163185.78820455234,0.0,0.0,0.9999999889199126,0.9998485847151546,0.781684756753336,0.02653529011552959,0.001521880920582663
smooth,dropout,0,0.16229962697852607,damaged,0,,,0.0,145.16758431133525,4.8934106101014025,145.16758431133525,12.790235393438216,0.051491202083071314,0.045634277245846885,12664966.457201844,163185.78820455234,0.0,0.0,75.00381721816353,209.45178805294833,167115766.9536379,0.01853425764815392,0.026120446004286115
smooth,dropout,0,0.16229962697852607,harmonic,0,,exact sparse solve,0.052904458018019795,0.014194875628125773,85.08817177465443,0.014194875628125773,92.98499655799122,0.9999998068499317,0.9999994295140766,163168.0843244627,163185.78820455234,0.0,0.0,1.001338873309106,0.998562110407463,1.1840795826196088e-24,0.026703906274122287,0.0015839985091778738
smooth,dropout,0,0.16229962697852607,meanfill,0,,,0.0,48.94765993390722,14.33616492678825,48.94765993390722,22.232989710125068,0.38316586118174023,0.36615833369483414,3813875.3844797597,163185.78820455234,0.0,0.0,22.31699906477337,61.921103381120204,18861196.666482437,0.030606105605332536,0.02646209274155977
smooth,dropout,0,0.16229962697852607,tv_converged,1500,symmetric,u_test,52.093902541091666,0.02450635473304119,80.34522929474502,0.02450635473304119,88.24205407808185,0.999999285878716,0.9999983580788728,163156.32544213434,163185.78820455234,0.0,0.0,1.0066776830463806,0.9994287222266988,1.733296940494479,0.02708730343714111,0.004938348293319253
smooth,dropout,0,0.16229962697852607,tv_corrected,200,symmetric,u_test,7.242397665977478,0.025807562767723422,79.89586376306157,0.025807562767723422,87.79268854639838,0.9999992227703429,0.9999981462978246,163162.18279856737,163185.78820455234,0.0,0.0,1.006681301739922,1.0001119216921548,2.0988664014785203,0.027068825925570212,0.0055595241792713605
smooth,dropout,0,0.16229962697852607,tv_shipped,200,forward,u,5.3520230000140145,0.02596256305164982,79.84385232358366,0.02596256305164982,86.77717981174811,0.9999987969898707,0.9999976070393625,163160.21037132727,163185.78820455234,0.08713831023165852,0.0,1.006677755778582,0.9980601600700025,2.235205921891131,0.02712441371563425,0.007329875454234866
smooth,dropout,0,0.16229962697852607,tv_shipped_feasible,200,forward,u_test,5.3520230000140145,0.025949765743819127,79.84813477472052,0.025949765743819127,87.74495955805733,0.999999198703225,0.9999981209190334,163163.15323683518,163185.78820455234,0.0,0.0,1.0066832321120656,1.0001221585449158,2.212153894794312,0.027068546010926505,0.005714818150759388
smooth,dropout,1,0.16229962697852607,biharmonic,0,,skimage,0.08614887506701052,0.0040174416622898845,96.05181202780986,0.0040174416622898845,103.94863681114668,0.9999999920959952,0.999999943999131,163179.70601495646,163185.78820455234,0.0,0.0,0.9999999974022418,0.99984005360783,0.7696436165232704,0.026748790487145624,0.001521880920582663
smooth,dropout,1,0.16229962697852607,damaged,0,,,0.0,145.27084674977007,4.887234249910236,145.27084674977007,12.78405903324705,0.05138893377454994,0.045951658907223275,12655422.8697197,163185.78820455234,0.0,0.0,75.73221351750318,210.6749088035254,159647047.31694958,0.018564912617677818,0.026306798770071745
smooth,dropout,1,0.16229962697852607,harmonic,0,,exact sparse solve,0.07841249997727573,0.01472156355237181,84.77172484600547,0.01472156355237181,92.6685496293423,0.999999803298196,0.9999993682977572,163168.34157283374,163185.78820455234,0.0,0.0,1.0012119449709052,0.9985626334413752,1.144649918255223e-24,0.026921103063105807,0.0014908221262850577
smooth,dropout,1,0.16229962697852607,meanfill,0,,,0.0,48.99005731052473,14.328644658446109,48.99005731052473,22.225469441782923,0.38276938674987865,0.3649248317977042,3826635.7083563474,163185.78820455234,0.0,0.0,22.751730785196273,62.489805978786734,18206380.880839482,0.03062261631182468,0.02646209274155977
smooth,dropout,1,0.16229962697852607,tv_converged,1500,symmetric,u_test,59.74858829204459,0.024536109968634652,80.33468941972835,0.024536109968634652,88.23151420306517,0.9999993089593311,0.9999983497653979,163156.1065307461,163185.78820455234,0.0,0.0,1.0059733339496089,0.9991515491136164,1.7037186606619334,0.027284762524468608,0.004689877938938411
smooth,dropout,1,0.16229962697852607,tv_corrected,200,symmetric,u_test,7.919061750057153,0.025697574819653044,79.93296082465247,0.025697574819653044,87.82978560798927,0.9999992474972379,0.9999981602275959,163161.8550199546,163185.78820455234,0.0,0.0,1.005975708605614,0.9998274149257476,2.023479259692335,0.0272663371763408,0.0053110538248905175
smooth,dropout,1,0.16229962697852607,tv_shipped,200,forward,u,6.04064054088667,0.025887525832809146,79.86899270311372,0.025887525832809146,86.78231723935133,0.9999988156052467,0.9999976008092911,163159.3550332778,163185.78820455234,0.10580806434095535,0.0,1.0059700787775485,0.9976405390524202,2.1886718060194683,0.02732606236460222,0.006957169922663602
smooth,dropout,1,0.16229962697852607,tv_shipped_feasible,200,forward,u_test,6.04064054088667,0.02587033888429488,79.87476125420497,0.02587033888429488,87.7715860375418,0.999999224056884,0.9999981318756427,163162.70374726667,163185.78820455234,0.0,0.0,1.0059776765732518,0.9998157027355263,2.141368303895782,0.02726666817465803,0.005373171413485729
smooth,dropout,2,0.16229962697852607,biharmonic,0,,skimage,0.07035608298610896,0.00394765760525959,96.2040140549422,0.00394765760525959,104.10083883827903,0.9999999918497929,0.9999999406548813,163180.1041201319,163185.78820455234,0.0,0.0,0.9999999892353741,0.9997740654286483,0.7987949014860279,0.026672675218591194,0.0014908221262850577
smooth,dropout,2,0.16229962697852607,damaged,0,,,0.0,144.99964052723954,4.903465097390609,144.99964052723954,12.800289880727423,0.05139111212600639,0.04583903178482925,12638197.294219457,163185.78820455234,0.0,0.0,75.0167779898928,209.80943689255747,175094779.40435126,0.018546752862301123,0.026120446004286115
smooth,dropout,2,0.16229962697852607,harmonic,0,,exact sparse solve,0.04342695802915841,0.014185409638866662,85.09396597582578,0.014185409638866662,92.99079075916259,0.9999998092957059,0.999999375979651,163168.6408321072,163185.78820455234,0.0,0.0,1.001324684285482,0.9984953367743189,1.2778692576011834e-24,0.02684183848327607,0.0012112929776066093
smooth,dropout,2,0.16229962697852607,meanfill,0,,,0.0,48.85150471207312,14.35324470281937,48.85150471207312,22.250069486156185,0.3833202161345472,0.3688646439704886,3808126.850942124,163185.78820455234,0.0,0.0,22.500880190959386,62.01895785781812,19923345.451513384,0.030734663243174875,0.026337857564369353
smooth,dropout,2,0.16229962697852607,tv_converged,1500,symmetric,u_test,52.553160417010076,0.02532167192956371,80.06095605427554,0.02532167192956371,87.95778083761235,0.9999992883594253,0.9999980689364419,163156.9525244299,163185.78820455234,0.0,0.0,1.0064847859572763,0.9992041738840536,1.9253708930854323,0.027196327096509997,0.004876230704724043
smooth,dropout,2,0.16229962697852607,tv_corrected,200,symmetric,u_test,7.502742666052654,0.026518272386103447,79.6598990644178,0.026518272386103447,87.55672384775463,0.999999228625251,0.9999978550201472,163162.20355951693,163185.78820455234,0.0,0.0,1.0064883380397731,0.99983507483815,2.2874747806453373,0.027179169948478688,0.0055595241792713605
smooth,dropout,2,0.16229962697852607,tv_shipped,200,forward,u,5.507260374957696,0.0265539945423469,79.64820637550217,0.0265539945423469,86.61882588260434,0.9999988048161622,0.9999973399562451,163160.3915347481,163185.78820455234,0.08738987405610388,0.0,1.0064855593542432,0.9977733285536545,2.434558671848892,0.02723525513378331,0.007050346305556419
smooth,dropout,2,0.16229962697852607,tv_shipped_feasible,200,forward,u_test,5.507260374957696,0.026545003065920798,79.65114801192412,0.026545003065920798,87.54797279526095,0.9999992074090074,0.9999978558179259,163163.15092994383,163185.78820455234,0.0,0.0,1.0064902912479663,0.9998497271646631,2.3907621499000684,0.02717878107321837,0.005279995030592913
smooth,scratch,0,0.1632220990019155,biharmonic,0,,skimage,0.08967849996406585,0.030524458608269266,78.4378442107396,0.030524458608269266,86.31005462582303,0.9999995773399448,0.9999931934708064,163154.8290669306,163185.78820455234,0.0,0.0,0.9999998001720096,0.9987151058381488,0.7210927812010345,0.02661746640589804,0.0017294626312538604
smooth,scratch,0,0.1632220990019155,damaged,0,,,0.0,139.31028447186887,5.251140027578103,139.31028447186887,13.123350442661536,0.4648590311471519,0.02993164701006358,4091365.0322327907,163185.78820455234,0.0,0.0,32.63502210826689,75.04331695125971,24818605.528465927,0.0476679098875462,0.5611179740580605
smooth,scratch,0,0.1632220990019155,harmonic,0,,exact sparse solve,0.058202499989420176,0.07230064664693672,70.94795997705114,0.07230064664693672,78.82017039213459,0.9999971700230115,0.9999713854334472,163117.21050234465,163185.78820455234,0.0,0.0,1.0004235169528908,0.996680606161742,3.1154914255786325e-24,0.02675797903854715,0.002933909820877085
smooth,scratch,0,0.1632220990019155,meanfill,0,,,0.0,49.64237799275797,14.21375206657041,49.64237799275797,22.085962481653844,0.634659554672886,0.2874181008464133,1369382.4131893893,163185.78820455234,0.0,0.0,7.933748787598372,23.48842184646417,3074495.311943075,0.0669405952087291,0.5615812229771464
smooth,scratch,0,0.1632220990019155,tv_converged,1500,symmetric,u_test,46.72290420799982,0.20173440018536593,62.03520438147643,0.20173440018536593,69.90741479655988,0.9999427346705393,0.9998133210042691,163078.23318739637,163185.78820455234,0.0,0.0,1.000446195524834,0.991356333205948,60.57689009965218,0.032383707614697214,0.01182828906732551
smooth,scratch,0,0.1632220990019155,tv_corrected,200,symmetric,u_test,6.037845666985959,0.20237184568664882,62.00780175692758,0.20237184568664882,69.880012172011,0.9999420683799505,0.9998115642736043,163085.264840648,163185.78820455234,0.0,0.0,1.0004043096441095,0.9922911372630043,61.84602972719279,0.03238255998882591,0.013403335392217419
smooth,scratch,0,0.1632220990019155,tv_shipped,200,forward,u,4.961121166939847,0.20231245133844195,62.01035136293476,0.20231245133844195,69.8677868753368,0.9999416872404718,0.9998108331613951,163080.31718485817,163185.78820455234,0.10150573651223738,0.0,1.0004167524893712,0.991696773850024,61.80137626869722,0.032398408069656874,0.01439159975293391
smooth,scratch,0,0.1632220990019155,tv_shipped_feasible,200,forward,u_test,4.961121166939847,0.2022401728679217,62.01345505223134,0.2022401728679217,69.88566546731478,0.9999420498088143,0.9998117155704778,163085.28714942173,163185.78820455234,0.0,0.0,1.0004188179757034,0.9922930601951457,61.87417232959496,0.03237844270392925,0.013403335392217419
smooth,scratch,1,0.16330779312430688,biharmonic,0,,skimage,0.09098245797213167,0.04505668479954855,75.05561893159721,0.04505668479954855,82.92554983192638,0.9999992199007439,0.9999872695599283,163098.65025529067,163185.78820455234,0.0,0.0,0.9999997703922484,0.9975074069985789,0.5487095558903727,0.02538363433859096,0.002808902058832608
smooth,scratch,1,0.16330779312430688,damaged,0,,,0.0,138.3229020051816,5.31292177206971,138.3229020051816,13.182852672398877,0.46073300254526023,0.03251498415763078,4187717.8652135925,163185.78820455234,0.0,0.0,26.64373463956875,72.01127439344447,13687511.52006466,0.04554739712856251,0.5456678087477236
smooth,scratch,1,0.16330779312430688,harmonic,0,,exact sparse solve,0.08506170904729515,0.10597178435494412,67.62699866756194,0.10597178435494412,75.4969295678911,0.9999945372138302,0.9999446349888168,163014.81267998333,163185.78820455234,0.0,0.0,1.0015425185419464,0.9954184318379402,1.6800110988383032e-24,0.02559356112274484,0.006512948729820662
smooth,scratch,1,0.16330779312430688,meanfill,0,,,0.0,48.550705050223655,14.406892786950728,48.550705050223655,22.276823687279897,0.6413723602320075,0.32109895422346535,1349563.498884607,163185.78820455234,0.0,0.0,9.665157499384762,21.79599618160181,1703971.8837040518,0.06959144756642718,0.5459456122480476
smooth,scratch,1,0.16330779312430688,tv_converged,1500,symmetric,u_test,57.166461499989964,0.19323564543268906,62.409058766798765,0.19323564543268906,70.27898966712795,0.9999566292961896,0.9998357680022586,162974.4872650039,163185.78820455234,0.0,0.0,1.012427336257151,0.9939604448991881,19.774594386851323,0.03104597086975497,0.015310059573417292
smooth,scratch,1,0.16330779312430688,tv_corrected,200,symmetric,u_test,7.895569375017658,0.19495044569132702,62.33231896069066,0.19495044569132702,70.20224986101982,0.9999559533682574,0.9998325562663041,162981.42345940316,163185.78820455234,0.0,0.0,1.0124396470577448,0.9948541524000369,20.437505855724677,0.031019051253006445,0.01842763218816557
smooth,scratch,1,0.16330779312430688,tv_shipped,200,forward,u,6.171087707974948,0.1952077024132781,62.32086461157506,0.1952077024132781,70.17575447949193,0.9999555871407722,0.9998314871573157,162978.81949418632,163185.78820455234,0.088295017387793,0.0,1.0124404160862854,0.9944964430690033,20.449313388494815,0.031030457146000594,0.019538846189461986
smooth,scratch,1,0.16330779312430688,tv_shipped_feasible,200,forward,u_test,6.171087707974948,0.19520526024419355,62.32097327810601,0.19520526024419355,70.19090417843518,0.9999559243259961,0.9998321068681394,162982.01371064258,163185.78820455234,0.0,0.0,1.0124412009999342,0.994911243112946,20.4629541169832,0.031017310251054236,0.018921505077630643
smooth,scratch,2,0.162828914205061,biharmonic,0,,skimage,0.08891970803961158,0.04346588752085016,75.36783257228385,0.04346588752085016,83.25051730356304,0.9999992614120151,0.9999879060953277,163136.2200702667,163185.78820455234,0.0,0.0,0.9999992982184763,0.99812711201182,0.7005936756233782,0.025213050367962155,0.0020122593028295463
smooth,scratch,2,0.162828914205061,damaged,0,,,0.0,140.55340816843227,5.173975989988085,140.55340816843227,13.056660721267283,0.47382125657179264,0.02910147373228211,4155555.920240424,163185.78820455234,0.0,0.0,24.66947354165846,71.88089622015745,18201735.86743916,0.04525453872261405,0.5503993560770231
smooth,scratch,2,0.162828914205061,harmonic,0,,exact sparse solve,0.050076166982762516,0.14059643703572325,65.17131730813686,0.14059643703572325,73.05400203941606,0.9999923011053561,0.9999310198335108,163072.8669022406,163185.78820455234,0.0,0.0,1.0010514742007754,0.9960460279544724,2.2333812724593754e-24,0.025383062355808523,0.00424122345365612
smooth,scratch,2,0.162828914205061,meanfill,0,,,0.0,46.18523785745723,14.840739916399793,46.18523785745723,22.723424647678993,0.6513045980368477,0.3179268996735411,1283620.6094026898,163185.78820455234,0.0,0.0,8.54743571598304,20.71331132513078,1973229.4979301137,0.06654612057508937,0.5506779765958764
smooth,scratch,2,0.162828914205061,tv_converged,1500,symmetric,u_test,51.91809758299496,0.27890132246308386,59.22179213748086,0.27890132246308386,67.10447686876006,0.999936707635453,0.9997206265945302,163010.05313614177,163185.78820455234,0.0,0.0,0.9985196578616948,0.9897524834112432,39.21737859850524,0.030816015444233378,0.01786267104204074
smooth,scratch,2,0.162828914205061,tv_corrected,200,symmetric,u_test,7.246477375039831,0.31039554523542945,58.29249401504592,0.31039554523542945,66.17517874632513,0.9999307727198244,0.9996793739430581,163027.03144637938,163185.78820455234,0.0,0.0,0.9984133492844437,0.9910962186075717,41.81065085359352,0.03095037610296144,0.01993684601572658
smooth,scratch,2,0.162828914205061,tv_shipped,200,forward,u,5.871434791944921,0.2721275927029396,59.43535201225533,0.2721275927029396,67.30946764831842,0.9999365192558378,0.9997247005284805,163015.13468021076,163185.78820455234,0.23468895479607,0.0,0.9984187538427636,0.9901637073291892,40.54136985227023,0.030845055477660675,0.021051328091139868
smooth,scratch,2,0.162828914205061,tv_shipped_feasible,200,forward,u_test,5.871434791944921,0.2760853231844533,59.30993720928208,0.2760853231844533,67.1926219405613,0.999936387719635,0.9997213488733447,163020.00038679,163185.78820455234,0.0,0.0,0.9984215713306743,0.9907285832737479,40.62145071361197,0.030829639758878563,0.020370255711720638
