image,mask,seed,hole_frac,k,tv_energy,rel_change,rel_dist_to_ref,rmse_hole,psnr_hole
astronaut,blocks16,0,0.1625970359915314,10,2688855.0722608543,0.007692226147659007,0.3615205170567231,124.39411883041963,6.234806647865
astronaut,blocks16,0,0.1625970359915314,25,2436557.3556303754,0.005751069003698722,0.278713277857525,96.93846706348397,8.400880654180085
astronaut,blocks16,0,0.1625970359915314,50,2194233.586541033,0.0043551221358945616,0.1702503170158914,61.758455687772816,12.316875055993389
astronaut,blocks16,0,0.1625970359915314,100,2029715.578879512,0.002038004146894875,0.05629586450141844,30.04666117296732,18.57487921649179
astronaut,blocks16,0,0.1625970359915314,200,2012686.2676283133,0.00020320374741937124,0.019524057350673855,24.570624488592067,20.322479715135323
astronaut,blocks16,0,0.1625970359915314,300,2011813.9414545656,6.498830128556271e-05,0.010724387281837987,24.159366548456447,20.469092748204226
astronaut,blocks16,0,0.1625970359915314,500,2011632.3579351066,1.9218531947493783e-05,0.0042599710866381025,24.2402157707317,20.4400739822751
astronaut,blocks16,0,0.1625970359915314,750,2011611.0253523104,6.746543107059416e-06,0.001398110936560808,24.431961909671582,20.371636756043465
astronaut,blocks16,0,0.1625970359915314,1000,2011607.4518891645,2.0906416553981995e-06,0.0004433645983034261,24.507548234487626,20.344806287344227
astronaut,blocks16,0,0.1625970359915314,1500,2011605.822527862,3.127696675070807e-07,0.0,24.534354604343022,20.335310848551206
astronaut,blocks16,1,0.1625970359915314,10,2625359.853661397,0.007610568915296154,0.35081481255493857,120.94129985184135,6.479310968650529
astronaut,blocks16,1,0.1625970359915314,25,2393214.445789938,0.0054462159177126645,0.27235219471280586,95.05372951312674,8.571420379769185
astronaut,blocks16,1,0.1625970359915314,50,2173959.620946324,0.004174476083465651,0.16970050686320926,62.22309090127519,12.25177199523544
astronaut,blocks16,1,0.1625970359915314,100,2010530.9613267828,0.0021361858527943747,0.05779515407158003,32.41196231837703,17.916697102046474
astronaut,blocks16,1,0.1625970359915314,200,1993895.7986419008,0.0002461819424400248,0.01926787592291197,27.53620825306669,19.332720858411136
astronaut,blocks16,1,0.1625970359915314,300,1992843.1472147082,6.708947190691501e-05,0.00957505430839978,27.21101736751513,19.435908018333443
astronaut,blocks16,1,0.1625970359915314,500,1992639.0393640234,1.692281917588732e-05,0.0030774364229592386,27.268549670701503,19.417562813001176
astronaut,blocks16,1,0.1625970359915314,750,1992620.356256063,4.403640033923477e-06,0.000933022053515907,27.317067909036446,19.40212196270845
astronaut,blocks16,1,0.1625970359915314,1000,1992617.4298779592,1.4081787224264729e-06,0.0003296114016414958,27.325686432032015,19.399382000526593
astronaut,blocks16,1,0.1625970359915314,1500,1992615.7815435473,3.09704551161546e-07,0.0,27.325448490846235,19.399457634120772
astronaut,blocks16,2,0.1625970359915314,10,2675573.6442571944,0.007733392138530154,0.3567983098027293,120.91233137720765,6.48139170627333
astronaut,blocks16,2,0.1625970359915314,25,2421806.7853576075,0.005738941198491842,0.2737140584852144,93.58533063279974,8.706648028043256
astronaut,blocks16,2,0.1625970359915314,50,2177914.052171348,0.004346849614958792,0.16658069324717997,59.60195354115702,12.625593716478221
astronaut,blocks16,2,0.1625970359915314,100,2019699.4899311333,0.0020792760210897247,0.05447276109402323,30.688675219002114,18.39124078790534
astronaut,blocks16,2,0.1625970359915314,200,2003547.9524850044,0.00022378028296352398,0.019920657646253885,28.507006954807164,19.031771174974935
astronaut,blocks16,2,0.1625970359915314,300,2002649.9598929768,6.9733680783641e-05,0.010069799232219089,28.262623632182535,19.106554105922342
astronaut,blocks16,2,0.1625970359915314,500,2002464.730912184,1.8171023397027004e-05,0.003289224807782262,28.134801358425914,19.14592654409234
astronaut,blocks16,2,0.1625970359915314,750,2002446.386963526,4.782683612525588e-06,0.0009339067521410367,28.15695966918788,19.13908843321176
astronaut,blocks16,2,0.1625970359915314,1000,2002443.5722825923,1.3968225268897485e-06,0.0002811507247716594,28.17027627755275,19.1349814824331
astronaut,blocks16,2,0.1625970359915314,1500,2002441.8298034584,1.978618505010036e-07,0.0,28.17614636520406,19.133171715945785
astronaut,blocks32,0,0.1600161306583325,10,2359894.1821802175,0.005412647315653204,0.4111242830477755,142.36320209486368,5.0628486530502235
astronaut,blocks32,0,0.1600161306583325,25,2294427.6771683474,0.0032668027705342164,0.36545501497257715,127.21416128788485,6.040094428522622
astronaut,blocks32,0,0.1600161306583325,50,2194653.0847144406,0.0028018905497198794,0.2990080004090622,104.8712953026499,7.717670965418977
astronaut,blocks32,0,0.1600161306583325,100,2082775.5875625855,0.0020154321722532635,0.19586673475275637,70.87632433269955,11.120779872244263
astronaut,blocks32,0,0.1600161306583325,200,2016037.6994183953,0.000995603397869818,0.09184240662222769,41.592108276118516,15.750584908291557
astronaut,blocks32,0,0.1600161306583325,300,2005570.340828429,0.0003917184232806694,0.052321936013252475,35.61493087433819,17.098161493650867
astronaut,blocks32,0,0.1600161306583325,500,2001525.2992149107,0.00011596387281085568,0.02104542232628233,37.2482179502816,16.708693612159248
astronaut,blocks32,0,0.1600161306583325,750,2001039.9174203125,3.269654358193324e-05,0.009617639493105054,39.059614772863625,16.296244494181366
astronaut,blocks32,0,0.1600161306583325,1000,2000957.8248569805,1.5514329784144607e-05,0.004743995013886022,39.596900545313915,16.177579753172836
astronaut,blocks32,0,0.1600161306583325,1500,2000925.5731390736,5.93573604820429e-06,0.0,39.95129675810518,16.100186000385058
astronaut,blocks32,1,0.1600161306583325,10,2238432.997691651,0.005229749087541688,0.37918509017787505,128.8518017517854,5.9289936941478825
astronaut,blocks32,1,0.1600161306583325,25,2174453.5824920535,0.003263708587259899,0.3354578251432763,114.54478611684439,6.951297096043828
astronaut,blocks32,1,0.1600161306583325,50,2079319.0663492917,0.0027207375306662093,0.273538554842677,94.51217451040488,8.621048500476286
astronaut,blocks32,1,0.1600161306583325,100,1990743.4676394807,0.00186198662411344,0.1846725754641036,68.95342697381065,11.359686500448852
astronaut,blocks32,1,0.1600161306583325,200,1931342.4690756917,0.0009439905760454233,0.09193576794139537,56.126696046201026,13.14741405277153
astronaut,blocks32,1,0.1600161306583325,300,1923136.376234905,0.00036284815191854137,0.05515844972294117,59.49129066542331,12.641735787486596
astronaut,blocks32,1,0.1600161306583325,500,1919631.5143903992,0.00011355249603044111,0.023442544355396555,61.57284884356534,12.343018650080706
astronaut,blocks32,1,0.1600161306583325,750,1918936.1375883769,3.511446237678772e-05,0.007088190845062412,62.85024113565265,12.164664643280961
astronaut,blocks32,1,0.1600161306583325,1000,1918876.5092574935,1.0763304266250348e-05,0.0028178445740261937,62.84542821864739,12.165329812831827
astronaut,blocks32,1,0.1600161306583325,1500,1918863.2944057866,2.870832727332877e-06,0.0,62.88194594399319,12.16028415044973
astronaut,blocks32,2,0.1600161306583325,10,2305315.3891734886,0.005208282148226632,0.3992712799348372,144.24349413237343,4.948878926179624
astronaut,blocks32,2,0.1600161306583325,25,2236535.7194209923,0.0033209413239988534,0.3527290280073609,128.4437769024764,5.956542257555993
astronaut,blocks32,2,0.1600161306583325,50,2130001.4156556064,0.002884418685101931,0.2840507719419365,105.42900534871274,7.67160142342086
astronaut,blocks32,2,0.1600161306583325,100,2013298.7844838111,0.0021125997277106055,0.17686834568903545,71.04468076306395,11.10017226649962
astronaut,blocks32,2,0.1600161306583325,200,1936713.7350352874,0.001005397420792309,0.061376979723454926,41.644081264099846,15.739737902946214
astronaut,blocks32,2,0.1600161306583325,300,1928259.5435121732,0.00036660502000681905,0.026392996484302177,37.11895375965991,16.73888907606694
astronaut,blocks32,2,0.1600161306583325,500,1926044.7943558225,4.561345148184676e-05,0.010813418536326332,35.79021296827235,17.05551795567627
astronaut,blocks32,2,0.1600161306583325,750,1925768.6561178805,1.963121641880649e-05,0.004776494721588942,35.491982674130085,17.12819839186925
astronaut,blocks32,2,0.1600161306583325,1000,1925734.7813362342,8.032955021265483e-06,0.002141928428235355,35.37367174132223,17.157200781491923
astronaut,blocks32,2,0.1600161306583325,1500,1925724.34082358,2.296333260893465e-06,0.0,35.31311861200917,17.17208214544914
astronaut,blocks64,0,0.16517794132473032,10,2148898.5844046334,0.00440810484080305,0.4520029449292207,158.60420415442655,4.1245097073236545
astronaut,blocks64,0,0.16517794132473032,25,2131838.159630915,0.0020098347613578906,0.4260164115159646,150.2135145810057,4.596623458123064
astronaut,blocks64,0,0.16517794132473032,50,2103686.424311283,0.0017493243510482415,0.3842871390531683,136.72232013820852,5.414015216141173
astronaut,blocks64,0,0.16517794132473032,100,2041267.1998475736,0.0015793613491940821,0.3088253948104801,112.7469440489703,7.08870802129871
astronaut,blocks64,0,0.16517794132473032,200,1979690.2545616443,0.0010590722825186002,0.194765963210476,76.81070517171905,10.422368564036066
astronaut,blocks64,0,0.16517794132473032,300,1955867.9838803255,0.0006676703066627293,0.11799572862771293,55.49183870045353,13.24622130405876
astronaut,blocks64,0,0.16517794132473032,500,1938712.784770624,0.0002903684691715694,0.03962944401238096,42.730200490665055,15.516104997930665
astronaut,blocks64,0,0.16517794132473032,750,1937109.7637747198,6.526411708560742e-05,0.017088989787651464,40.52130561962843,15.977135006076594
astronaut,blocks64,0,0.16517794132473032,1000,1936885.2878532873,2.80228520336116e-05,0.007761271620912583,39.70739278466369,16.153376170300795
astronaut,blocks64,0,0.16517794132473032,1500,1936824.9523506067,6.7983296188731794e-06,0.0,39.203998283827296,16.264196378446588
astronaut,blocks64,1,0.16517794132473032,10,2159585.004444799,0.004434208028393781,0.48306201350783534,158.93299744931903,4.106522124896214
astronaut,blocks64,1,0.16517794132473032,25,2144131.720119634,0.001967336593420173,0.45921097137980793,151.31024063205584,4.533437169895659
astronaut,blocks64,1,0.16517794132473032,50,2119132.0017475192,0.001673614551872512,0.42150525907336306,138.84358603853795,5.280287167487842
astronaut,blocks64,1,0.16517794132473032,100,2066657.5092981707,0.0014287660296925125,0.3558552353261671,118.18746021335545,6.679375608915519
astronaut,blocks64,1,0.16517794132473032,200,2013053.5563098781,0.001056256646079072,0.25141650584788616,87.81795001997949,9.259137710178532
astronaut,blocks64,1,0.16517794132473032,300,1985070.513499035,0.0007805462804704315,0.16995191521186004,69.24776373679136,11.322688548520695
astronaut,blocks64,1,0.16517794132473032,500,1960343.1310687996,0.0004364508995364774,0.06232894871307026,59.82493922203517,12.59315828722306
astronaut,blocks64,1,0.16517794132473032,750,1953343.5122532796,6.333348009677405e-05,0.012938464484577989,63.609318969965095,12.060388691699462
astronaut,blocks64,1,0.16517794132473032,1000,1953020.7461532315,2.4401735346663148e-05,0.006762165926490799,62.91665260369291,12.155491438496073
astronaut,blocks64,1,0.16517794132473032,1500,1952954.9981120501,1.058142031698371e-05,0.0,62.640375616979874,12.193716543424475
astronaut,blocks64,2,0.16517794132473032,10,1946379.8091865345,0.004088593783977597,0.35904730979276567,138.27898814268642,5.315679750087973
astronaut,blocks64,2,0.16517794132473032,25,1930003.2009783273,0.002003931873960702,0.33384338664780466,130.20582648599216,5.838195236770098
astronaut,blocks64,2,0.16517794132473032,50,1903248.7543022088,0.001737774757094835,0.2942961826921456,117.65336962393076,6.718716208676669
astronaut,blocks64,2,0.16517794132473032,100,1848276.5988940643,0.0014703516009048152,0.2238901243730884,95.64528561392201,8.517532241081954
astronaut,blocks64,2,0.16517794132473032,200,1792815.9309721787,0.0010208105628891123,0.12219912873415716,68.14471681169779,11.462159787060626
astronaut,blocks64,2,0.16517794132473032,300,1781626.331993085,0.00040484242742800275,0.07621341587486344,58.246292279341716,12.825437905317791
astronaut,blocks64,2,0.16517794132473032,500,1776966.3206629108,0.00015213499819458477,0.03899698699897696,52.6710601471925,13.699362412806448
astronaut,blocks64,2,0.16517794132473032,750,1775972.2459155065,6.929790796381226e-05,0.018238736546474493,50.4537659022721,14.072931852508187
astronaut,blocks64,2,0.16517794132473032,1000,1775700.7739772953,2.9924642120932876e-05,0.007684017735026667,49.5275777811265,14.233861834822042
astronaut,blocks64,2,0.16517794132473032,1500,1775639.3729567265,7.346118872898138e-06,0.0,48.843372571038344,14.354690733188143
astronaut,blocks8,0,0.16227442282488155,10,2895215.759899976,0.012114171195965438,0.2532850766309977,87.7487741446167,9.265982447448312
astronaut,blocks8,0,0.16227442282488155,25,2354874.454372429,0.007931170628272845,0.13416027124883734,48.61238973111895,14.395864187999587
astronaut,blocks8,0,0.16227442282488155,50,2069387.6609874715,0.0029849663597577548,0.03373065105341099,20.771566026047864,21.78141879994869
astronaut,blocks8,0,0.16227442282488155,100,2043150.363697263,0.00024439230538819494,0.009105726454786975,17.969817307148556,23.03993037245465
astronaut,blocks8,0,0.16227442282488155,200,2042348.9856725007,2.7258638028130277e-05,0.0023139780678561126,17.68672752774564,23.177853901433046
astronaut,blocks8,0,0.16227442282488155,300,2042311.2632530709,7.604428203806493e-06,0.0010189083059546824,17.665219995067442,23.188422602246916
astronaut,blocks8,0,0.16227442282488155,500,2042298.2701530277,1.7183060254792265e-06,0.0003420358390874347,17.659858234267464,23.191059350147633
astronaut,blocks8,0,0.16227442282488155,750,2042294.7754620963,5.452954910071553e-07,0.0001124595928459659,17.659323904336933,23.19132216092219
astronaut,blocks8,0,0.16227442282488155,1000,2042293.3040026184,1.8323926126194373e-07,3.74637019843441e-05,17.65935513835904,23.191306798214622
astronaut,blocks8,0,0.16227442282488155,1500,2042292.3383398661,3.3711560114051024e-08,0.0,17.659383310511874,23.19129294153564
astronaut,blocks8,1,0.16227442282488155,10,2880533.859406191,0.012081825230417231,0.2539617174444457,88.23344473336002,9.218138910580787
astronaut,blocks8,1,0.16227442282488155,25,2339989.193624898,0.007943640491800965,0.13455671700621477,49.09478973696531,14.310095521230735
astronaut,blocks8,1,0.16227442282488155,50,2054392.80559401,0.0029591753160926326,0.03483825216534585,22.189449058169927,21.207873223315236
astronaut,blocks8,1,0.16227442282488155,100,2027293.2495506627,0.0002527928342715183,0.010119189051058932,19.710945878854393,22.236654299030914
astronaut,blocks8,1,0.16227442282488155,200,2026353.523753027,3.160486010297297e-05,0.002713062316477104,19.663587896772736,22.25754833203922
astronaut,blocks8,1,0.16227442282488155,300,2026308.4568567085,9.586171324184538e-06,0.0012298591308887129,19.702545645751734,22.240356762118864
astronaut,blocks8,1,0.16227442282488155,500,2026294.8473568715,2.112157450138004e-06,0.000496739175203179,19.728502071618042,22.22892137320126
astronaut,blocks8,1,0.16227442282488155,750,2026290.916954191,7.424575488847282e-07,0.00019453727944595775,19.73493081827339,22.226091442789013
astronaut,blocks8,1,0.16227442282488155,1000,2026289.4880911047,3.1457293468329337e-07,7.53111382735818e-05,19.735735206810393,22.22573741633022
astronaut,blocks8,1,0.16227442282488155,1500,2026288.4910222718,6.399774247642168e-08,0.0,19.735989806999402,22.225625365025504
astronaut,blocks8,2,0.16227442282488155,10,2883917.2845066977,0.012138401110689858,0.25147542812639073,86.89436521671094,9.350971309770676
astronaut,blocks8,2,0.16227442282488155,25,2345207.919909788,0.0078288109568173,0.13295676003219192,47.84009007180838,14.534963835538349
astronaut,blocks8,2,0.16227442282488155,50,2070958.877311381,0.0029414844174934776,0.03603991588793872,20.78086512530356,21.7775311356663
astronaut,blocks8,2,0.16227442282488155,100,2043172.8934026735,0.0002377961804060623,0.010120175873532937,17.961460733846614,23.04397054462325
astronaut,blocks8,2,0.16227442282488155,200,2042342.630159817,3.382066828172403e-05,0.0029548283403423975,17.88629427807859,23.080396172722715
astronaut,blocks8,2,0.16227442282488155,300,2042294.7833691423,1.0515780083386156e-05,0.0011647168765955046,17.91382189672117,23.067038567765042
astronaut,blocks8,2,0.16227442282488155,500,2042281.5973359863,1.877199123797503e-06,0.00036536112939273825,17.92411893291809,23.062047269693984
astronaut,blocks8,2,0.16227442282488155,750,2042278.0803040587,5.691212382319744e-07,0.0001117203246047959,17.92385136389158,23.06217693254606
astronaut,blocks8,2,0.16227442282488155,1000,2042276.760072587,1.9216703206815538e-07,3.3956776525186e-05,17.923546344094046,23.062324746249047
astronaut,blocks8,2,0.16227442282488155,1500,2042275.6810275305,2.3872106012979692e-08,0.0,17.923430277844577,23.062380993036285
astronaut,canonical,0,0.16232483113217058,10,2594018.55803702,0.010841548849291387,0.26317338152058634,101.29702297472998,8.018869967938592
astronaut,canonical,0,0.16232483113217058,25,2222279.9103882397,0.00523417150797235,0.2051594591644468,82.96050102025069,9.753376284532616
astronaut,canonical,0,0.16232483113217058,50,2119406.186532627,0.0023208010468195933,0.1503122639389101,65.55438942540708,11.798768074301979
astronaut,canonical,0,0.16232483113217058,100,2065290.2988534423,0.0013767794147253641,0.08101350804976248,45.231053220916465,15.022069597423453
astronaut,canonical,0,0.16232483113217058,200,2044094.6472691353,0.00036163648587903295,0.03243440488491537,32.568349073087276,17.874888723915504
astronaut,canonical,0,0.16232483113217058,300,2042497.7333927792,0.00013099870113693246,0.017754625097193926,30.077040451871458,18.566101610350774
astronaut,canonical,0,0.16232483113217058,500,2042059.5272085243,3.165910616729571e-05,0.0073211847113744954,28.680441837203585,18.97908685706138
astronaut,canonical,0,0.16232483113217058,750,2042017.1739921228,1.1958968066146085e-05,0.003052091454259315,27.997538682313888,19.188406541601903
astronaut,canonical,0,0.16232483113217058,1000,2042011.7036184485,4.277769182482958e-06,0.0014252599775863022,27.737517881977162,19.269451704208404
astronaut,canonical,0,0.16232483113217058,1500,2042008.9629712922,2.0090623193919325e-06,0.0,27.468719958601174,19.354035172993548
astronaut,dropout,0,0.16229962697852607,10,2191838.2873752434,0.007840182468047517,0.016630109437682346,9.31457632976067,28.747541489694765
astronaut,dropout,0,0.16229962697852607,25,2126296.489755955,0.0007231518343252775,0.006247184912326379,7.943176275708816,30.13091959747937
astronaut,dropout,0,0.16229962697852607,50,2123598.278947769,0.0001313507732804151,0.002490470650671082,7.753361815604203,30.341002587217698
astronaut,dropout,0,0.16229962697852607,100,2123031.7591577554,2.415070729535731e-05,0.0007733604779649302,7.734959828226726,30.361642358313368
astronaut,dropout,0,0.16229962697852607,200,2122914.105297774,4.204259086621225e-06,0.00013926593696885983,7.7364277294096855,30.35999415091561
astronaut,dropout,0,0.16229962697852607,300,2122892.841258649,1.5193322398589272e-06,3.891429583654739e-05,7.736654291297945,30.359739787685957
astronaut,dropout,0,0.16229962697852607,500,2122882.382279057,3.703100810282627e-07,1.2278685516675888e-05,7.736520235006877,30.359890293084515
astronaut,dropout,0,0.16229962697852607,750,2122879.2155827624,2.3894124974730517e-07,6.422340065370216e-06,7.736516891331447,30.35989404707225
astronaut,dropout,0,0.16229962697852607,1000,2122878.0452554715,9.253971438241341e-08,2.5396042160477517e-06,7.7365184742133986,30.359892269949967
astronaut,dropout,0,0.16229962697852607,1500,2122877.513378608,3.1399289520114725e-09,0.0,7.736519469206219,30.359891152858694
astronaut,dropout,1,0.16229962697852607,10,2189933.8227066896,0.007826442987176743,0.015589857064854648,8.984235034795146,29.061181510798516
astronaut,dropout,1,0.16229962697852607,25,2124284.123793262,0.00070518646908379,0.00539548769131604,7.683215527197165,30.419943287597032
astronaut,dropout,1,0.16229962697852607,50,2121876.524120338,0.00011921490253207416,0.002254797044926087,7.55195779981134,30.569612519320263
astronaut,dropout,1,0.16229962697852607,100,2121356.6291135494,2.2260113950676356e-05,0.0008195323807628083,7.54719653407812,30.57509041949301
astronaut,dropout,1,0.16229962697852607,200,2121241.676945801,3.952740787732395e-06,0.00023151731973112264,7.558995098638131,30.561522333904506
astronaut,dropout,1,0.16229962697852607,300,2121220.688495619,1.5061109767207305e-06,8.045849935126338e-05,7.562777044534884,30.5571776625194
astronaut,dropout,1,0.16229962697852607,500,2121211.0290058577,5.321615156105652e-07,1.6514478623648962e-05,7.5641079990933555,30.555649188626113
astronaut,dropout,1,0.16229962697852607,750,2121207.875992753,1.6809692014855182e-07,6.624740773748008e-06,7.564203217873286,30.55553984928187
astronaut,dropout,1,0.16229962697852607,1000,2121206.7662569233,1.0500983826852519e-07,2.8232614516878117e-06,7.564206241300106,30.55553637751549
astronaut,dropout,1,0.16229962697852607,1500,2121206.2970815725,2.2705131169095342e-09,0.0,7.564208492315511,30.555533792701187
astronaut,dropout,2,0.16229962697852607,10,2192269.6564953686,0.008030988380095219,0.01660130396033666,9.473711939600916,28.600400102473692
astronaut,dropout,2,0.16229962697852607,25,2123198.076769387,0.0007145433466442654,0.005989569238656547,8.042915528811484,30.02253345821075
astronaut,dropout,2,0.16229962697852607,50,2120584.3980987645,0.00012788306812461993,0.0024174564362890384,7.851468311473808,30.231785964371497
astronaut,dropout,2,0.16229962697852607,100,2120023.793589268,2.2900157166863638e-05,0.0008057603162406404,7.849532373264242,30.233927910105688
astronaut,dropout,2,0.16229962697852607,200,2119912.616196948,4.135193814674568e-06,0.000261612161975975,7.8585025129440105,30.22400768108529
astronaut,dropout,2,0.16229962697852607,300,2119892.936563546,1.68056003855696e-06,0.00011629878335313929,7.859164544202054,30.22327597829164
astronaut,dropout,2,0.16229962697852607,500,2119882.2246669806,5.886529715939835e-07,2.8079871048204177e-05,7.859421715033231,30.222991759670307
astronaut,dropout,2,0.16229962697852607,750,2119878.950507578,1.803341011052979e-07,7.40726412817019e-06,7.85945550327907,30.22295441845689
astronaut,dropout,2,0.16229962697852607,1000,2119877.8131176373,1.1553033618880267e-07,2.9820001173147823e-06,7.859455912730034,30.222953965951525
astronaut,dropout,2,0.16229962697852607,1500,2119877.3142605866,8.169393227487787e-09,0.0,7.859456761355726,30.222953028091606
astronaut,scratch,0,0.1632220990019155,10,2854988.714833007,0.01502656901236094,0.15165055980249817,52.806291306975794,13.677090265148289
astronaut,scratch,0,0.1632220990019155,25,2183859.49159341,0.005976470530167815,0.05015512203282568,20.738771051604786,21.795143265130864
astronaut,scratch,0,0.1632220990019155,50,2091954.0631571754,0.0009515126062124345,0.013575347268760257,13.530727743916962,25.50438049761684
astronaut,scratch,0,0.1632220990019155,100,2086808.0122219454,9.71062845000021e-05,0.005089784944985624,13.242861476377378,25.69116688375168
astronaut,scratch,0,0.1632220990019155,200,2086492.1712424927,1.6524468109877073e-05,0.0018912947165952837,13.222874897143985,25.70428582758273
astronaut,scratch,0,0.1632220990019155,300,2086465.3631319136,6.0974794723586055e-06,0.0010428690707008385,13.225760954351456,25.702390230801594
astronaut,scratch,0,0.1632220990019155,500,2086453.2562303871,1.9486006290899624e-06,0.00036367322199577095,13.230369438775794,25.699364180739202
astronaut,scratch,0,0.1632220990019155,750,2086449.755569324,5.432167660509779e-07,0.00010085797148563047,13.232929546197388,25.697683603377506
astronaut,scratch,0,0.1632220990019155,1000,2086448.5705361636,1.629003633595439e-07,2.7598497187546175e-05,13.233704734086452,25.697174796977436
astronaut,scratch,0,0.1632220990019155,1500,2086447.8187192322,2.6094183243097586e-08,0.0,13.233963034477128,25.697005264194527
astronaut,scratch,1,0.16330779312430688,10,2734689.5925831296,0.015002241273339864,0.1381849323700852,48.43521959985579,14.427578146283091
astronaut,scratch,1,0.16330779312430688,25,2143847.1443833536,0.005171260864515868,0.05041954394058587,20.99016165933076,21.69048794090443
astronaut,scratch,1,0.16330779312430688,50,2078363.4367717514,0.0010045249288701467,0.019111330963032018,14.710941339593194,24.77799433426354
astronaut,scratch,1,0.16330779312430688,100,2072417.3681729506,0.0001211596355488101,0.008483921897010499,14.3116084825334,25.017034670965476
astronaut,scratch,1,0.16330779312430688,200,2072007.3163725135,3.186809958875299e-05,0.0033914011597360517,14.1782687549782,25.098339522149537
astronaut,scratch,1,0.16330779312430688,300,2071960.4915496556,1.2566449718106418e-05,0.001445272968284326,14.161543885002313,25.10859155828909
astronaut,scratch,1,0.16330779312430688,500,2071944.9908036543,2.322550366805023e-06,0.0003000215199832841,14.167099956729608,25.105184446622687
astronaut,scratch,1,0.16330779312430688,750,2071941.7964089417,4.056464280987743e-07,4.886526926401345e-05,14.170145755036511,25.103317259647312
astronaut,scratch,1,0.16330779312430688,1000,2071940.718460208,6.697040425290178e-08,9.068010563927139e-06,14.17068381268122,25.102987452129845
astronaut,scratch,1,0.16330779312430688,1500,2071939.9266194252,1.0248379262737133e-08,0.0,14.170787343233961,25.102923993535875
astronaut,scratch,2,0.162828914205061,10,2723003.0564858117,0.014975225060345928,0.13470286241790325,47.803070454853334,14.541687752263853
astronaut,scratch,2,0.162828914205061,25,2129629.851688069,0.005067549064090473,0.04358479612538078,19.988430779473017,22.115229597818793
astronaut,scratch,2,0.162828914205061,50,2068228.861005977,0.0008322752073709065,0.01636441450855192,14.897073077256499,24.668784644814018
astronaut,scratch,2,0.162828914205061,100,2064527.3751504284,0.00011461840486085231,0.008191224615184714,14.329516976592851,25.00617258221984
astronaut,scratch,2,0.162828914205061,200,2064203.9284582355,2.8957121052910823e-05,0.003840803413755054,14.21506886920163,25.075824246627846
astronaut,scratch,2,0.162828914205061,300,2064161.5712467001,1.2403318522905496e-05,0.0021360834878440707,14.226486712325205,25.0688503572905
astronaut,scratch,2,0.162828914205061,500,2064144.9055627866,3.768585976674876e-06,0.0008118010803068125,14.252873057680926,25.052755265887996
astronaut,scratch,2,0.162828914205061,750,2064141.031023128,1.1944828288309085e-06,0.00028234490534820354,14.269426767943145,25.04267306932873
astronaut,scratch,2,0.162828914205061,1000,2064139.888010032,4.402060241157181e-07,9.883082744101473e-05,14.275867959863646,25.038753160030748
astronaut,scratch,2,0.162828914205061,1500,2064139.2163638086,7.206934668840743e-08,0.0,14.279367877585079,25.036623960370413
camera,blocks16,0,0.1625970359915314,10,2538839.216037121,0.007459218505256878,0.318376488312175,114.6007613941605,6.947053547817127
camera,blocks16,0,0.1625970359915314,25,2293484.7183780507,0.005350424218270725,0.24296920119451929,88.32551854241815,9.20907969317608
camera,blocks16,0,0.1625970359915314,50,2076253.833752113,0.0037262294900064275,0.14560053716058594,55.08413589575535,13.310272787703806
camera,blocks16,0,0.1625970359915314,100,1895649.5460997052,0.0014635366762959254,0.03487886188216917,22.871866029779767,20.944771638471103
camera,blocks16,0,0.1625970359915314,200,1881659.1341697443,0.0001068935713331743,0.009358330332474617,20.22016818493135,22.015108336810066
camera,blocks16,0,0.1625970359915314,300,1881318.9909061072,3.124059479966415e-05,0.0047013939564402385,20.07623487564699,22.0771582500281
camera,blocks16,0,0.1625970359915314,500,1881250.8564559266,7.780935288149002e-06,0.0017185005422382178,20.047971444664526,22.089394907418885
camera,blocks16,0,0.1625970359915314,750,1881240.7472087238,2.4678077291017124e-06,0.0006399646657412,20.046934500137006,22.08984418073761
camera,blocks16,0,0.1625970359915314,1000,1881237.971693525,9.889033964160406e-07,0.00025293633478354745,20.048152397939894,22.089316508809304
camera,blocks16,0,0.1625970359915314,1500,1881236.0824231815,2.3389673851331146e-07,0.0,20.049200347144577,22.08886249523897
camera,blocks16,1,0.1625970359915314,10,2515175.666787747,0.007349220088349337,0.3256035400910891,117.80334423916383,6.707651218333264
camera,blocks16,1,0.1625970359915314,25,2273334.728786174,0.0052947488373144445,0.2498112926865468,91.43024378530713,8.909006053642191
camera,blocks16,1,0.1625970359915314,50,2049270.0069499812,0.003848349163846794,0.1489804001281131,57.3806611652978,12.955492647249754
camera,blocks16,1,0.1625970359915314,100,1853445.2483789648,0.001488975171205035,0.029085358449021766,25.00050325903204,20.17182858690176
camera,blocks16,1,0.1625970359915314,200,1840843.8840396157,8.683592107078734e-05,0.00851867298864077,22.903330752232982,20.93283071111406
camera,blocks16,1,0.1625970359915314,300,1840589.6203424975,2.67534843923453e-05,0.004901358410921555,22.671991726369367,21.021010120329805
camera,blocks16,1,0.1625970359915314,500,1840533.7718486018,8.942003307003256e-06,0.0020797535444079043,22.57404325095696,21.05861655267594
camera,blocks16,1,0.1625970359915314,750,1840523.0158699786,3.1788561092500794e-06,0.0007146077942351721,22.525087978197977,21.077473690355166
camera,blocks16,1,0.1625970359915314,1000,1840520.2739255559,1.0995295614276483e-06,0.000240947577784103,22.506766334017847,21.084541566663976
camera,blocks16,1,0.1625970359915314,1500,1840518.3914065377,1.6922715242416605e-07,0.0,22.496551032245605,21.088484786432204
camera,blocks16,2,0.1625970359915314,10,2567613.9227692657,0.007467126021314881,0.33256305598949004,120.23833680408745,6.529944403775861
camera,blocks16,2,0.1625970359915314,25,2319311.3233957384,0.005386085298770096,0.25565943348492925,93.24608342071107,8.738191621476346
camera,blocks16,2,0.1625970359915314,50,2089504.652537441,0.0038871400444689635,0.15417996315165755,58.477224451266615,12.791068584848976
camera,blocks16,2,0.1625970359915314,100,1884594.342652623,0.0016439151986935296,0.037250956497199776,24.986224139035883,20.176790978730338
camera,blocks16,2,0.1625970359915314,200,1870050.240909914,0.00013248357698638272,0.011525712030287403,22.12520484768895,21.23305760201938
camera,blocks16,2,0.1625970359915314,300,1869518.0349188698,3.936481609756119e-05,0.006207575479113157,21.7851603624082,21.367588385439973
camera,blocks16,2,0.1625970359915314,500,1869424.8449276371,1.0867461373152544e-05,0.0025571300613681834,21.624429530843702,21.43191042339833
camera,blocks16,2,0.1625970359915314,750,1869410.583704388,3.7812091621449217e-06,0.0009775198654628531,21.57154020526973,21.453180513054452
camera,blocks16,2,0.1625970359915314,1000,1869407.0913414164,1.5341408202871686e-06,0.00036892427658752444,21.554603114628453,21.4600029968816
camera,blocks16,2,0.1625970359915314,1500,1869404.8207895728,2.947251069209865e-07,0.0,21.545384718528286,21.463718541892746
camera,blocks32,0,0.1600161306583325,10,2248735.0571043766,0.00511869323877554,0.35833273745806243,128.98583921286513,5.919962935917036
camera,blocks32,0,0.1600161306583325,25,2181047.3566433676,0.00322912376936403,0.31585484035775907,114.10093298942738,6.985019696563123
camera,blocks32,0,0.1600161306583325,50,2080626.5904477576,0.002693345429876939,0.25403102046648735,92.64680293981472,8.794194863492946
camera,blocks32,0,0.1600161306583325,100,1970803.2441585227,0.0019291041373346444,0.15689016646081344,60.23656763509399,12.533599265014676
camera,blocks32,0,0.1600161306583325,200,1880991.104202306,0.0009006797196659381,0.03909343440681399,30.71724793609308,18.38315754536223
camera,blocks32,0,0.1600161306583325,300,1874034.4253977523,0.00017439202146053712,0.01889103795722692,28.453246208860183,19.04816717109075
camera,blocks32,0,0.1600161306583325,500,1872985.4031023209,3.314343376491054e-05,0.0098337798606562,27.80060914705052,19.249717369235288
camera,blocks32,0,0.1600161306583325,750,1872902.1356942733,1.459359013306908e-05,0.005203153089016229,27.622680750771014,19.305487126888764
camera,blocks32,0,0.1600161306583325,1000,1872882.5268905945,8.35087143454617e-06,0.0026352963296097697,27.539608068666347,19.331648503061796
camera,blocks32,0,0.1600161306583325,1500,1872872.2461354574,3.4863078557007357e-06,0.0,27.505705116077692,19.342347955014677
camera,blocks32,1,0.1600161306583325,10,2215001.099588864,0.005044989997155678,0.38101735696630895,137.78468823476976,5.346784450951611
camera,blocks32,1,0.1600161306583325,25,2145789.0091102207,0.003222609757752003,0.3368858779401786,122.20978152398189,6.388684254561404
camera,blocks32,1,0.1600161306583325,50,2039046.5746602563,0.002799004190972606,0.2706574322693601,99.2150782007949,8.199250028139398
camera,blocks32,1,0.1600161306583325,100,1915871.279771617,0.002013220974828897,0.16387628838501128,63.40588035374607,12.088212871625494
camera,blocks32,1,0.1600161306583325,200,1822654.9052519328,0.000865509994376015,0.03661201317869398,30.398404577392775,18.473787792699333
camera,blocks32,1,0.1600161306583325,300,1813989.5701854136,0.0001802345911478001,0.008869845701421096,29.06929385030438,18.862113967863646
camera,blocks32,1,0.1600161306583325,500,1813231.611761753,1.8178692388566198e-05,0.0030392917062735053,29.09323778325994,18.854962478234125
camera,blocks32,1,0.1600161306583325,750,1813199.170160853,4.884183425782113e-06,0.0010787002631175602,29.112919278525453,18.84908848445295
camera,blocks32,1,0.1600161306583325,1000,1813193.350079457,1.8527253013497344e-06,0.0004018894011074341,29.116567117365776,18.848000213627046
camera,blocks32,1,0.1600161306583325,1500,1813190.5044644384,4.4287712480642995e-07,0.0,29.12490321211914,18.845513792898828
camera,blocks32,2,0.1600161306583325,10,2241135.0293852394,0.005019808060257094,0.3932910982025321,141.98927291666465,5.085692902577767
camera,blocks32,2,0.1600161306583325,25,2170550.9043515585,0.0032361788942711456,0.3488130274255588,126.18523616935109,6.110632711034258
camera,blocks32,2,0.1600161306583325,50,2061456.8038308257,0.0028272876284905725,0.28173133623366287,102.5073243961818,7.91570565085355
camera,blocks32,2,0.1600161306583325,100,1932415.3682349427,0.002056624037459313,0.1725461321570334,65.31466252888045,11.830589863554916
camera,blocks32,2,0.1600161306583325,200,1821272.2154736202,0.0009513765718108722,0.03480019663596986,29.16623183274198,18.833197137973585
camera,blocks32,2,0.1600161306583325,300,1812448.7012199452,0.00015265293473038676,0.010790196989311504,27.94941070644704,19.203350498138146
camera,blocks32,2,0.1600161306583325,500,1811596.7424264296,1.9007736602493183e-05,0.004811594566973121,28.052196968860272,19.171466015844757
camera,blocks32,2,0.1600161306583325,750,1811557.1819504884,6.904471194615599e-06,0.0023627957607315437,28.13808215073299,19.144913743675517
camera,blocks32,2,0.1600161306583325,1000,1811547.7196132804,3.82864554734557e-06,0.0011512209258596156,28.17483193335611,19.133576926656048
camera,blocks32,2,0.1600161306583325,1500,1811543.6954950702,1.4382394814574463e-06,0.0,28.216475333729903,19.12074835207312
camera,blocks64,0,0.16517794132473032,10,2136201.175796808,0.004335726588691455,0.44494122049914925,155.84620034184053,4.276879242952296
camera,blocks64,0,0.16517794132473032,25,2119961.6974824956,0.0019311292058884464,0.4222240311472451,147.96326569284662,4.727725447683907
camera,blocks64,0,0.16517794132473032,50,2093182.0926795811,0.0016581564831706702,0.38615973713748314,135.54978784972806,5.488826764707487
camera,blocks64,0,0.16517794132473032,100,2039835.714087574,0.0013723037793293676,0.32176659498725735,113.37178788797866,7.040703697245583
camera,blocks64,0,0.16517794132473032,200,1975692.8766644218,0.0010837276886310715,0.20999626403955435,75.6138543671138,10.558776078567039
camera,blocks64,0,0.16517794132473032,300,1935826.968506468,0.0009597839743783404,0.1193651733768493,45.88829315571479,14.896765525973725
camera,blocks64,0,0.16517794132473032,500,1904934.5794659217,0.00021799608130616054,0.03868260509563748,24.70330284380485,20.27570315810578
camera,blocks64,0,0.16517794132473032,750,1902629.5930106605,6.492302753410027e-05,0.01568874583179724,24.209856887138184,20.450959164999244
camera,blocks64,0,0.16517794132473032,1000,1902395.236432592,2.652556358235238e-05,0.007085302691650836,24.857121985728256,20.221786736462587
camera,blocks64,0,0.16517794132473032,1500,1902315.8352803837,8.252392138139528e-06,0.0,25.427729700468443,20.024651884971266
camera,blocks64,1,0.16517794132473032,10,1979490.2144801177,0.0042735211512798755,0.40692036379207935,138.37827363645218,5.309445445063865
camera,blocks64,1,0.16517794132473032,25,1962838.590269274,0.001963264408285942,0.38318332723543885,130.33175851365868,5.8297985075274035
camera,blocks64,1,0.16517794132473032,50,1935215.5292004936,0.0017023845831832354,0.34559169644482157,117.72598941375932,6.713356626574122
camera,blocks64,1,0.16517794132473032,100,1875545.98403493,0.0014909389840710079,0.2773453345515043,95.04799393666434,8.57194450530865
camera,blocks64,1,0.16517794132473032,200,1816934.188532703,0.0008656471814383679,0.172841069360846,62.02539606485294,12.279412685632646
camera,blocks64,1,0.16517794132473032,300,1802409.991791312,0.0004987255332252075,0.11676331389365546,47.05206397238551,14.679230032305174
camera,blocks64,1,0.16517794132473032,500,1790856.77552889,0.00030202564676294917,0.04819750962114836,34.76707052572201,17.307441637471456
camera,blocks64,1,0.16517794132473032,750,1787496.9291204424,6.711722132091431e-05,0.014867930037363397,34.30431878921415,17.42382761700621
camera,blocks64,1,0.16517794132473032,1000,1787205.220200329,2.517683038433267e-05,0.005993941541991603,34.584851370978875,17.353085336071924
camera,blocks64,1,0.16517794132473032,1500,1787148.751344312,6.884559780805404e-06,0.0,34.689376993996206,17.326873605207332
camera,blocks64,2,0.16517794132473032,10,2070254.4140390875,0.004120861376824956,0.48116966496429103,178.22317346761656,3.111520158456462
camera,blocks64,2,0.16517794132473032,25,2053111.682636142,0.0019117404582720278,0.45587276286547573,169.36685889963198,3.554234946295052
camera,blocks64,2,0.16517794132473032,50,2024476.5101933843,0.0016605360729313495,0.4148479997844481,154.86239458018517,4.331884202377252
camera,blocks64,2,0.16517794132473032,100,1959586.0065761749,0.0015343286497910792,0.33827498079536966,128.39965959259297,5.959526161632141
camera,blocks64,2,0.16517794132473032,200,1880801.049260951,0.001158933543814249,0.21124407895688052,85.35226580469225,9.506502516556015
camera,blocks64,2,0.16517794132473032,300,1832835.6286547978,0.0010557518305085764,0.11114896904304576,54.21229707695277,13.448847417795298
camera,blocks64,2,0.16517794132473032,500,1801046.1612458774,0.00025464378936824816,0.0361130401014962,37.21058258994486,16.71747421597883
camera,blocks64,2,0.16517794132473032,750,1798755.7848498202,5.812927524905984e-05,0.01486841315270351,34.9340417744987,17.265826903761813
camera,blocks64,2,0.16517794132473032,1000,1798556.2638523935,2.5806520016761565e-05,0.0078092957380797015,35.368454512112336,17.158481949577073
camera,blocks64,2,0.16517794132473032,1500,1798464.14018588,1.1029920446897735e-05,0.0,36.05084981287395,16.99249347600742
camera,blocks8,0,0.16227442282488155,10,2731779.894412516,0.011509490801505508,0.23115238305291536,83.88551948473904,9.65706364136281
camera,blocks8,0,0.16227442282488155,25,2237188.705090229,0.006887698670858906,0.12130374467733607,46.377786348665616,14.804603297673228
camera,blocks8,0,0.16227442282488155,50,1917071.7184259715,0.002266849155704879,0.029902081479498247,20.2688576709092,21.99421814759683
camera,blocks8,0,0.16227442282488155,100,1898346.2395705148,0.00021698205168356897,0.01033790312794058,18.50479992180237,22.78511573340632
camera,blocks8,0,0.16227442282488155,200,1897508.4372593213,3.152358376001051e-05,0.0032270668722841588,18.625740288851087,22.72853274862277
camera,blocks8,0,0.16227442282488155,300,1897441.3658010655,1.112288679406588e-05,0.0014977055827665748,18.59302223798203,22.743803834114654
camera,blocks8,0,0.16227442282488155,500,1897419.1873808163,2.5263377093659874e-06,0.000454624069161047,18.57307657814071,22.75312662140149
camera,blocks8,0,0.16227442282488155,750,1897413.349297279,6.423175401369862e-07,0.00012661380960647518,18.566912164541616,22.75600995112287
camera,blocks8,0,0.16227442282488155,1000,1897411.2031177836,1.892850373782407e-07,3.654222067530587e-05,18.565358987452683,22.75673658186062
camera,blocks8,0,0.16227442282488155,1500,1897409.429598167,2.4447136281161044e-08,0.0,18.564794389392848,22.757000735708207
camera,blocks8,1,0.16227442282488155,10,2754171.379794079,0.011605452482507892,0.2333832224237139,84.49013487222804,9.594683541085958
camera,blocks8,1,0.16227442282488155,25,2246330.8862209497,0.006959335470852291,0.1220025340024505,46.3320038988682,14.813181924322343
camera,blocks8,1,0.16227442282488155,50,1914537.1260519372,0.0022825262396844407,0.02762032909126184,19.8264838800238,22.185889583676193
camera,blocks8,1,0.16227442282488155,100,1895780.6983367256,0.00020078402576573603,0.009504610184259034,18.6063120667477,22.737597594511925
camera,blocks8,1,0.16227442282488155,200,1895002.37024088,2.924470932835e-05,0.0030829781130749636,18.579490470641826,22.75012761662772
camera,blocks8,1,0.16227442282488155,300,1894938.8913653293,1.0962016447507494e-05,0.0013950946813982722,18.5762343205015,22.75164999634149
camera,blocks8,1,0.16227442282488155,500,1894917.0913977115,2.256151600547995e-06,0.00038003528829913633,18.567340410746482,22.75580961321296
camera,blocks8,1,0.16227442282488155,750,1894911.5933647347,5.233353860142204e-07,0.0001076191963434335,18.563027363815856,22.757827511340935
camera,blocks8,1,0.16227442282488155,1000,1894909.5241663135,1.633047013677222e-07,3.370729675900314e-05,18.561868951427982,22.758369564957693
camera,blocks8,1,0.16227442282488155,1500,1894907.7143097105,2.6266596774742957e-08,0.0,18.561408843074915,22.75858487193563
camera,blocks8,2,0.16227442282488155,10,2741199.3272224483,0.011608401532846434,0.2313012920341034,83.47851911374404,9.69930888476713
camera,blocks8,2,0.16227442282488155,25,2239528.616276184,0.006958295840553594,0.12035113977487415,45.31442554661858,15.006074032886584
camera,blocks8,2,0.16227442282488155,50,1916041.6860460516,0.0022468898637848164,0.027792738984812406,18.389854411268676,22.83923778806429
camera,blocks8,2,0.16227442282488155,100,1897607.297876132,0.00020792054119890183,0.01012500240204307,17.534693273500775,23.252840141358785
camera,blocks8,2,0.16227442282488155,200,1896779.3291816164,3.5446614575899305e-05,0.003275896613519184,17.885777944013387,23.08064691697254
camera,blocks8,2,0.16227442282488155,300,1896708.2604245362,1.2514024636280392e-05,0.0014882309045673623,17.938047118248292,23.05530039966127
camera,blocks8,2,0.16227442282488155,500,1896685.3740860757,2.5695329139007293e-06,0.00046492532322719255,17.952561892940786,23.048274955320977
camera,blocks8,2,0.16227442282488155,750,1896679.4806835297,6.513957264414999e-07,0.0001359447003337387,17.958994196048224,23.045163406750437
camera,blocks8,2,0.16227442282488155,1000,1896677.3815509018,2.0798103541599308e-07,4.271632716202914e-05,17.960555177586947,23.044408468917563
camera,blocks8,2,0.16227442282488155,1500,1896675.6318123098,3.0501652034971084e-08,0.0,17.961056378873256,23.04416608674867
camera,canonical,0,0.16232483113217058,10,2556882.2136903713,0.01029367851831985,0.26615529304295565,95.56659893018713,8.524681000596736
camera,canonical,0,0.16232483113217058,25,2115290.79650021,0.005715865892383862,0.20953413324297587,75.56843236472311,10.563995347574078
camera,canonical,0,0.16232483113217058,50,1991763.7416033295,0.002280318319455618,0.1613709115462164,59.10033582944507,12.69900463455299
camera,canonical,0,0.16232483113217058,100,1928251.6654185068,0.0015581589365747004,0.09614762963399327,38.16895258816724,16.496598759930585
camera,canonical,0,0.16232483113217058,200,1908035.551582953,0.00034884665345348895,0.04510704245003106,25.757283937908618,19.91280229902958
camera,canonical,0,0.16232483113217058,300,1905210.1500044675,0.00019242016990428718,0.022109076292179994,23.377853902751657,20.754710804046365
camera,canonical,0,0.16232483113217058,500,1904438.8967470936,3.7478720399629046e-05,0.006241488125194405,23.611292445768957,20.66840840187548
camera,canonical,0,0.16232483113217058,750,1904355.223084209,9.719683704137142e-06,0.0023007440806063714,24.00254322220669,20.525658400402182
camera,canonical,0,0.16232483113217058,1000,1904345.5389109112,3.622245768704155e-06,0.0009541473519066181,24.050770672904406,20.50822366298338
camera,canonical,0,0.16232483113217058,1500,1904339.716091036,1.1180492611841536e-06,0.0,24.112585312523326,20.485928064117154
camera,dropout,0,0.16229962697852607,10,2060583.2773809077,0.007008241514889767,0.013859300535706005,9.576770937811261,28.506421611420958
camera,dropout,0,0.16229962697852607,25,1995418.3842113824,0.0006681674837409068,0.005487800797851457,8.458774790734006,29.584654362455616
camera,dropout,0,0.16229962697852607,50,1992691.3891579753,0.00012993687385151,0.002491849062742269,8.256155282114776,29.795246556903514
camera,dropout,0,0.16229962697852607,100,1991355.218778448,2.3549402568135505e-05,0.0009179182425343818,8.200634025373079,29.853854992526074
camera,dropout,0,0.16229962697852607,200,1991102.6561608135,3.0078099843647756e-06,0.00022700003669933,8.189264005246153,29.865906166445896
camera,dropout,0,0.16229962697852607,300,1991070.5887392182,8.357438007799782e-07,7.266136855438277e-05,8.188049647357735,29.86719426275314
camera,dropout,0,0.16229962697852607,500,1991061.1696187034,9.503347839319225e-08,1.1660800607035698e-05,8.187809593523944,29.86744891578563
camera,dropout,0,0.16229962697852607,750,1991059.474406213,1.3260056799716218e-08,4.3415694088253845e-06,8.1878091563915,29.867449379509683
camera,dropout,0,0.16229962697852607,1000,1991058.9759782872,6.653934133327043e-09,2.1782252702589356e-06,8.187814680783331,29.867443519060245
camera,dropout,0,0.16229962697852607,1500,1991058.6098665143,3.00493415537355e-09,0.0,8.187820410289122,29.86743744102361
camera,dropout,1,0.16229962697852607,10,2055616.4776764282,0.006928527228128797,0.013323244092375718,9.62887270594567,28.459294701587478
camera,dropout,1,0.16229962697852607,25,1992636.640318557,0.0006510640548862848,0.005401519551460601,8.503494079954418,29.53885533477148
camera,dropout,1,0.16229962697852607,50,1990107.3746529995,0.0001305405079591366,0.0024676215244392114,8.303888487285905,29.74517344040641
camera,dropout,1,0.16229962697852607,100,1988747.8461762737,2.4562667798714418e-05,0.0008532717940300407,8.261846234335373,29.789261452127953
camera,dropout,1,0.16229962697852607,200,1988485.8519249016,2.620370964375427e-06,0.00018070827358600085,8.259710420499282,29.791507177970693
camera,dropout,1,0.16229962697852607,300,1988453.3862443562,6.415873445692743e-07,5.711390378310877e-05,8.259755920319238,29.791459330612128
camera,dropout,1,0.16229962697852607,500,1988444.1457647956,7.609715049342869e-08,1.0957179946897442e-05,8.259644412115899,29.79157659248949
camera,dropout,1,0.16229962697852607,750,1988442.567404917,1.3292457588696591e-08,4.435672267415862e-06,8.25962717234061,29.791594721955402
camera,dropout,1,0.16229962697852607,1000,1988442.0875296635,6.805114633359339e-09,2.2392392117201204e-06,8.259629657888187,29.791592108134193
camera,dropout,1,0.16229962697852607,1500,1988441.720535198,3.0999011720099302e-09,0.0,8.259634750079446,29.791586753148618
camera,dropout,2,0.16229962697852607,10,2054911.5409796517,0.006999824141772832,0.013825809378186478,9.545281037806033,28.535029215224064
camera,dropout,2,0.16229962697852607,25,1992072.9059035329,0.0006513321452268112,0.006023620942442021,8.406572740448343,29.63842410480105
camera,dropout,2,0.16229962697852607,50,1989541.9461298743,0.00013391564898560277,0.0031008556628537224,8.197012179430702,29.857692001113797
camera,dropout,2,0.16229962697852607,100,1988164.907764043,2.7636185197296237e-05,0.00120909704385836,8.125389586845653,29.933919744618326
camera,dropout,2,0.16229962697852607,200,1987907.5649313794,3.977995166585408e-06,0.0002610434227410258,8.10955649781965,29.95086153263444
camera,dropout,2,0.16229962697852607,300,1987876.1957466763,9.143469460065084e-07,6.573391745833683e-05,8.108216895780899,29.952296456555448
camera,dropout,2,0.16229962697852607,500,1987867.3115069561,6.734476691326814e-08,9.721694376046568e-06,8.107951647010372,29.95258060771502
camera,dropout,2,0.16229962697852607,750,1987865.7100466252,1.2381342278170355e-08,4.350046310307933e-06,8.107942390445562,29.952590524097083
camera,dropout,2,0.16229962697852607,1000,1987865.2267604028,7.055618269126673e-09,2.215250484637108e-06,8.107945847631761,29.95258682047785
camera,dropout,2,0.16229962697852607,1500,1987864.863791775,3.993164990572123e-09,0.0,8.107949838603737,29.95258254502581
camera,scratch,0,0.1632220990019155,10,2540453.5707099643,0.013232454714095305,0.11613253372264541,43.30831903816026,15.399377060204992
camera,scratch,0,0.1632220990019155,25,1949651.2152522642,0.004602407607931519,0.02774789537455545,16.31107123642108,23.881153919708048
camera,scratch,0,0.1632220990019155,50,1903857.8572138504,0.00041359709244242175,0.010363453900928011,13.541390446654463,25.497538398054584
camera,scratch,0,0.1632220990019155,100,1901774.0863064218,7.101452763905815e-05,0.005467880879190277,13.294533496398678,25.657341556815773
camera,scratch,0,0.1632220990019155,200,1901437.7475749063,1.884927153237884e-05,0.002351929798698929,13.253986511489371,25.683873123156097
camera,scratch,0,0.1632220990019155,300,1901395.6734433768,8.180140281076961e-06,0.0011579547230247216,13.260803890884029,25.679406558989527
camera,scratch,0,0.1632220990019155,500,1901380.3372829233,1.99653404195633e-06,0.0003330378919461008,13.276276069092143,25.669278116236462
camera,scratch,0,0.1632220990019155,750,1901376.5633579388,4.4927776183833094e-07,8.919731545419644e-05,13.28298639885053,25.664889049708208
camera,scratch,0,0.1632220990019155,1000,1901375.2089160755,1.3333471842799906e-07,2.748144578541253e-05,13.284790957305484,25.663709109406906
camera,scratch,0,0.1632220990019155,1500,1901374.2179984776,1.8905459300430566e-08,0.0,13.285543167026288,25.663217312006786
camera,scratch,1,0.16330779312430688,10,2617981.2768856036,0.0136783691935732,0.12129686508630755,45.083899048492036,15.050374235812093
camera,scratch,1,0.16330779312430688,25,1960289.1606599907,0.005024815606572946,0.027903976356976886,16.181275624334493,23.9505484982935
camera,scratch,1,0.16330779312430688,50,1913921.5672965893,0.0004640069037674455,0.008556054754272631,13.405483906873656,25.585153696173826
camera,scratch,1,0.16330779312430688,100,1911867.6169209485,6.403054229052627e-05,0.0038594338354158157,13.149955962678845,25.75231763991657
camera,scratch,1,0.16330779312430688,200,1911565.8997716554,1.3017841525683057e-05,0.0015061598613776606,13.076682716107571,25.800851879998312
camera,scratch,1,0.16330779312430688,300,1911531.7465909638,5.159692694762457e-06,0.0007341117241842103,13.05681053766645,25.81406156309731
camera,scratch,1,0.16330779312430688,500,1911518.5612757073,1.2858828002140856e-06,0.00021638424363234514,13.04500406217082,25.821919235196784
camera,scratch,1,0.16330779312430688,750,1911514.9526146175,2.998008696158051e-07,5.224023095545674e-05,13.042048832891197,25.82388716891402
camera,scratch,1,0.16330779312430688,1000,1911513.6297641983,7.447647870321776e-08,1.2695082544527535e-05,13.041461140511007,25.8242785756811
camera,scratch,1,0.16330779312430688,1500,1911512.5837353854,6.506812402768955e-09,0.0,13.041303622636727,25.824383486558794
camera,scratch,2,0.162828914205061,10,2644713.735890993,0.013800645752860425,0.13841085135053766,50.75876243002026,14.020583111843274
camera,scratch,2,0.162828914205061,25,1976729.0706546765,0.005042727703495276,0.053495054178581865,22.68763024024433,21.015020898854225
camera,scratch,2,0.162828914205061,50,1914483.4468443159,0.0007452244499074663,0.029026936756384816,16.510024922340012,23.77584903182229
camera,scratch,2,0.162828914205061,100,1908513.9392784343,0.0003371720805161047,0.010913142236848652,14.060098023082015,25.171036639191872
camera,scratch,2,0.162828914205061,200,1907239.0413077883,3.899073359777741e-05,0.0026685566081252853,13.845054344866318,25.304910312963827
camera,scratch,2,0.162828914205061,300,1907191.1499929104,8.542392209043436e-06,0.0015340958727452104,13.829934023214072,25.31440144311243
camera,scratch,2,0.162828914205061,500,1907173.8416751954,2.5033585550630274e-06,0.0007285185624224418,13.818131543246611,25.321817155031475
camera,scratch,2,0.162828914205061,750,1907170.0475305303,9.475868560388528e-07,0.00039106644635856743,13.813543650734283,25.324701520754495
camera,scratch,2,0.162828914205061,1000,1907168.7193494835,5.910234161428803e-07,0.0002100452836261419,13.811884492678402,25.325744853998636
camera,scratch,2,0.162828914205061,1500,1907167.7747782103,2.9326226719930493e-07,0.0,13.810730842464546,25.32647038113086
grass,blocks16,0,0.1625970359915314,10,5919858.996728292,0.011632022808395563,0.3087812633907406,104.05163365925156,7.785825544131074
grass,blocks16,0,0.1625970359915314,25,5640045.709363308,0.006646676333711498,0.20034181020156036,73.49592258794509,10.805538690036077
grass,blocks16,0,0.1625970359915314,50,5411340.971674469,0.0038465955503571526,0.06981721662819974,42.89837107640362,15.481987576621162
grass,blocks16,0,0.1625970359915314,100,5371213.079353033,0.00043263371527213284,0.008710771687248696,36.99069339713134,16.768954162297987
grass,blocks16,0,0.1625970359915314,200,5369168.087785056,3.250090022414947e-05,0.0013537182541470407,36.955936995309116,16.777119248146338
grass,blocks16,0,0.1625970359915314,300,5369096.657174576,1.0098183149097158e-05,0.000515556102016201,36.93138219764316,16.78289237059259
grass,blocks16,0,0.1625970359915314,500,5369075.265004143,1.8126019044960468e-06,0.00013642821989608378,36.93309221809689,16.782490200291914
grass,blocks16,0,0.1625970359915314,750,5369070.422050183,2.9235057106765146e-07,3.575187594284659e-05,36.934126705262905,16.782246913987446
grass,blocks16,0,0.1625970359915314,1000,5369068.680574146,6.713572174238681e-08,1.4509631101636012e-05,36.934504444680535,16.782158080531556
grass,blocks16,0,0.1625970359915314,1500,5369067.178242465,2.5655198928317207e-08,0.0,36.93482845279142,16.78208188385879
grass,blocks16,1,0.1625970359915314,10,5932659.030445859,0.011627129467904295,0.3157145226381299,104.43980393454234,7.75348265171732
grass,blocks16,1,0.1625970359915314,25,5652101.505128819,0.006658010634192619,0.20701252656993602,73.89121797465589,10.758947103782688
grass,blocks16,1,0.1625970359915314,50,5418048.514447339,0.003917596788769677,0.07521201299415409,42.90936100902506,15.479762664248309
grass,blocks16,1,0.1625970359915314,100,5375427.587546958,0.0004781980315945887,0.012274547495927313,36.63994842413489,16.851706535361856
grass,blocks16,1,0.1625970359915314,200,5373038.986918297,4.135328974561971e-05,0.00174621585793534,36.656256412310384,16.847841413336376
grass,blocks16,1,0.1625970359915314,300,5372952.453100932,9.348778859540603e-06,0.0005073584133590087,36.632379434061775,16.853501030353407
grass,blocks16,1,0.1625970359915314,500,5372930.843257617,1.1133699677821322e-06,8.573545597716303e-05,36.63356534885501,16.853219843096614
grass,blocks16,1,0.1625970359915314,750,5372926.065934228,1.627762426583635e-07,2.846345942105837e-05,36.634817851393315,16.852922877383847
grass,blocks16,1,0.1625970359915314,1000,5372924.323384113,6.003166259724997e-08,1.4106493342844977e-05,36.63525341969074,16.852819607437585
grass,blocks16,1,0.1625970359915314,1500,5372922.804860656,2.6376082429970835e-08,0.0,36.63558221228699,16.85274165401505
grass,blocks16,2,0.1625970359915314,10,5940396.784885767,0.011599853394556875,0.3167085051741716,106.92026833287426,7.549602808384478
grass,blocks16,2,0.1625970359915314,25,5659720.192189036,0.00665355512540362,0.20775227814310673,76.24209081683308,10.48690765624093
grass,blocks16,2,0.1625970359915314,50,5422767.282247433,0.003946764910224094,0.07553013956145933,44.85108904098834,15.095343754165105
grass,blocks16,2,0.1625970359915314,100,5381058.0462867925,0.0005073049279203651,0.014197575637424428,37.605183552705384,16.625849352053567
grass,blocks16,2,0.1625970359915314,200,5378613.182958259,3.966983498884033e-05,0.0023473933586976603,37.347406752046645,16.685594576615095
grass,blocks16,2,0.1625970359915314,300,5378509.511107115,8.398734340284054e-06,0.0007447306566680528,37.326493692511335,16.690459690953187
grass,blocks16,2,0.1625970359915314,500,5378489.349561475,1.4022009609024719e-06,0.00015447691017384877,37.32487252086183,16.690836946420795
grass,blocks16,2,0.1625970359915314,750,5378484.908521016,2.726484060811764e-07,3.4263379042827196e-05,37.32543406835312,16.69070626940797
grass,blocks16,2,0.1625970359915314,1000,5378483.154961099,6.79655920970375e-08,1.3481758080781058e-05,37.32580391752377,16.690620203344878
grass,blocks16,2,0.1625970359915314,1500,5378481.736639998,2.086170978041044e-08,0.0,37.32625027809758,16.69051633376688
grass,blocks32,0,0.1600161306583325,10,5650475.870503989,0.009767412078733667,0.3662746270185888,121.30900900491486,6.452942510418489
grass,blocks32,0,0.1600161306583325,25,5581564.0363809215,0.003709421418023104,0.3072001503104242,104.04609668054596,7.786287765279743
grass,blocks32,0,0.1600161306583325,50,5461568.602646348,0.0034072609691012633,0.21393244956363008,77.82994172437009,10.307869503312567
grass,blocks32,0,0.1600161306583325,100,5336938.877085712,0.00193934097656344,0.0734273001935626,44.96728612815185,15.072870053510453
grass,blocks32,0,0.1600161306583325,200,5315067.619175809,0.00021299291758140253,0.008292131880892359,38.924886485694294,16.326256513976634
grass,blocks32,0,0.1600161306583325,300,5314107.224736051,3.8808595619018786e-05,0.0030477496752832666,38.90531273035231,16.330625396081523
grass,blocks32,0,0.1600161306583325,500,5313872.45580025,6.930690084471361e-06,0.0012591430593480205,38.88052369449004,16.336161489718076
grass,blocks32,0,0.1600161306583325,750,5313854.3290823,2.1579738668239477e-06,0.0005227782582704762,38.8737487124977,16.337675149204884
grass,blocks32,0,0.1600161306583325,1000,5313851.7105042515,9.052823268521669e-07,0.00021020760540466004,38.870285236541605,16.338449057334174
grass,blocks32,0,0.1600161306583325,1500,5313850.147456608,1.8036243380138713e-07,0.0,38.86917164647514,16.338697901892857
grass,blocks32,1,0.1600161306583325,10,5683680.998728071,0.009818002527153417,0.36640403365326113,122.53227001382116,6.365794023513457
grass,blocks32,1,0.1600161306583325,25,5614875.560043992,0.0037069585811307353,0.3074567647941441,105.26223419012895,7.6853519351551665
grass,blocks32,1,0.1600161306583325,50,5494395.508290469,0.0034142952781131405,0.21430563382215378,78.93088441863925,10.185864226844492
grass,blocks32,1,0.1600161306583325,100,5368628.599821811,0.0019643810708263355,0.073612050125084,45.44526592412298,14.981030627646296
grass,blocks32,1,0.1600161306583325,200,5347750.181821265,0.00021444371608477425,0.01066330276672602,38.43650784542615,16.435925150682255
grass,blocks32,1,0.1600161306583325,300,5346639.183735171,4.9041843338267926e-05,0.0028875164082271293,38.44933759951449,16.433026364085467
grass,blocks32,1,0.1600161306583325,500,5346409.809010115,5.334905611039863e-06,0.0006216556548409923,38.490518184156365,16.42372845095727
grass,blocks32,1,0.1600161306583325,750,5346392.543645791,1.4983929276196167e-06,0.00020323543786884574,38.48739178325195,16.424433992930194
grass,blocks32,1,0.1600161306583325,1000,5346390.011049671,6.492733933347792e-07,7.298253722223856e-05,38.49036631865533,16.423762721464563
grass,blocks32,1,0.1600161306583325,1500,5346388.523257566,9.183229456815555e-08,0.0,38.49140921264213,16.423527381034656
grass,blocks32,2,0.1600161306583325,10,5680433.078936204,0.009811077408862612,0.3615931826302885,123.05167120767064,6.329053281004536
grass,blocks32,2,0.1600161306583325,25,5611258.768013173,0.003708878358672963,0.30260769202544274,105.78177036103268,7.642586986974104
grass,blocks32,2,0.1600161306583325,50,5490742.80553327,0.0034090988046080063,0.20933153783411815,79.36354793745761,10.138382115469934
grass,blocks32,2,0.1600161306583325,100,5367536.7572324695,0.0018688728061093734,0.06938652762483664,45.86206422879508,14.901731644411845
grass,blocks32,2,0.1600161306583325,200,5348611.044712444,0.00019678217014778684,0.007874435768164609,38.93902595647512,16.323101936194945
grass,blocks32,2,0.1600161306583325,300,5347623.636386273,3.8243112263307604e-05,0.002329455134212691,38.84980183033657,16.343027451840474
grass,blocks32,2,0.1600161306583325,500,5347431.6080078725,7.670848322620549e-06,0.0005396859087381005,38.90388189563059,16.330944846052553
grass,blocks32,2,0.1600161306583325,750,5347410.955960924,2.251693589547872e-06,0.0001573190233258109,38.91206237510374,16.32911862026251
grass,blocks32,2,0.1600161306583325,1000,5347407.425277152,9.523109814692175e-07,4.9385520396714926e-05,38.91076202592076,16.32940888702119
grass,blocks32,2,0.1600161306583325,1500,5347405.461955036,1.562860715211995e-07,0.0,38.91193424576576,16.329147221139802
grass,blocks64,0,0.16517794132473032,10,5493010.476909974,0.009187319442521682,0.4147634179051386,131.33325727681435,5.763309296652657
grass,blocks64,0,0.16517794132473032,25,5476379.545860573,0.0023373070959442316,0.3835703395757465,122.29010673307712,6.3829771278103
grass,blocks64,0,0.16517794132473032,50,5448717.337095835,0.0018713786701925635,0.33271119081319595,107.76706569857937,7.4810824493125665
grass,blocks64,0,0.16517794132473032,100,5381230.392985406,0.0018389320196348106,0.23478827491237217,80.63629258410477,10.000192568733157
grass,blocks64,0,0.16517794132473032,200,5308566.587057746,0.0010988628090347736,0.07934824312871286,44.945272666820635,15.077123219076148
grass,blocks64,0,0.16517794132473032,300,5297053.489584605,0.0003258352969677888,0.020765699096433287,38.881966060270926,16.33583927189734
grass,blocks64,0,0.16517794132473032,500,5295306.670674679,4.267384748852962e-05,0.0019309462717173956,38.51539384771648,16.41811674478637
grass,blocks64,0,0.16517794132473032,750,5295070.384516315,8.24547399596659e-06,0.0007986524694633181,38.546370227252694,16.41113384135146
grass,blocks64,0,0.16517794132473032,1000,5294998.549156875,3.645668459801805e-06,0.00033129796417665744,38.554664727130344,16.40926499196803
grass,blocks64,0,0.16517794132473032,1500,5294984.608486795,5.817697101852236e-07,0.0,38.5550787216675,16.409171724614264
grass,blocks64,1,0.16517794132473032,10,5458863.183567184,0.009128501858429243,0.4002879414733483,132.36719943326867,5.695196001765014
grass,blocks64,1,0.16517794132473032,25,5442130.359265662,0.00233285265952111,0.3692906018988549,123.41137131114547,6.303700046800261
grass,blocks64,1,0.16517794132473032,50,5414632.845936194,0.0018663937077511442,0.3188245078226864,108.86311772938562,7.393188250417681
grass,blocks64,1,0.16517794132473032,100,5347730.047790487,0.0018221242300570158,0.22212674399193566,81.89476443677678,9.86568084792681
grass,blocks64,1,0.16517794132473032,200,5276529.084669136,0.0010658043148911542,0.07003208847693135,46.417152096846095,14.797233788722524
grass,blocks64,1,0.16517794132473032,300,5266369.515752059,0.00030213719199794436,0.015663150964154143,40.185408208532024,16.04943592257189
grass,blocks64,1,0.16517794132473032,500,5264541.041325358,3.4534587359713857e-05,0.001379069040509783,39.904730037513104,16.11031606715512
grass,blocks64,1,0.16517794132473032,750,5264416.124034873,6.816123776428235e-06,0.0003777374291546834,39.94139149691736,16.102339789619936
grass,blocks64,1,0.16517794132473032,1000,5264382.957879942,1.4998405803746853e-06,0.00013805002766752443,39.93792322536851,16.103094053074294
grass,blocks64,1,0.16517794132473032,1500,5264364.807469195,3.488129481788359e-07,0.0,39.940408652963185,16.10255352726986
grass,blocks64,2,0.16517794132473032,10,5499721.140350163,0.009154001576318129,0.4270891712300894,132.63652890358583,5.677540651211349
grass,blocks64,2,0.16517794132473032,25,5483093.314164339,0.0023343306462921313,0.3958066416608509,123.5965216780996,6.290678633309849
grass,blocks64,2,0.16517794132473032,50,5455625.4676152,0.0018654809738145666,0.3448285117678544,108.9459669945327,7.386580448825927
grass,blocks64,2,0.16517794132473032,100,5388311.569354362,0.0018373544767096655,0.2466009349904264,81.70898304541619,9.885407503099511
grass,blocks64,2,0.16517794132473032,200,5314601.095002609,0.0011609045962429829,0.08890436313028802,45.104224624686445,15.046459181202831
grass,blocks64,2,0.16517794132473032,300,5300455.499261792,0.0003713032018352541,0.023606166049091718,38.43616407454715,16.436002836440828
grass,blocks64,2,0.16517794132473032,500,5298636.9685422685,4.402233399157638e-05,0.0024525425675179617,38.155988222773765,16.499549487357864
grass,blocks64,2,0.16517794132473032,750,5298362.911827125,8.62817487498537e-06,0.000732915806032466,38.18214831011633,16.493596404120723
grass,blocks64,2,0.16517794132473032,1000,5298307.027652902,2.6218786819805456e-06,0.0003428704865998744,38.17920485963042,16.494266022586796
grass,blocks64,2,0.16517794132473032,1500,5298294.623009692,3.310863075050992e-07,0.0,38.1739470695451,16.49546226880164
grass,blocks8,0,0.16227442282488155,10,6064155.220806469,0.01593656102905991,0.20574020980786026,73.84868751326968,10.763947985607285
grass,blocks8,0,0.16227442282488155,25,5553376.425389412,0.007115358989235071,0.06715101865001087,39.94885012074194,16.100717944892253
grass,blocks8,0,0.16227442282488155,50,5484038.181328491,0.001007445554998158,0.015283396457997872,33.74249228159792,17.567260464381103
grass,blocks8,0,0.16227442282488155,100,5479233.22542588,0.00010857461833854764,0.0039960129762017065,33.55296479356007,17.616185585586614
grass,blocks8,0,0.16227442282488155,200,5478962.810801637,1.0831489543661837e-05,0.00045890506226317786,33.56500458495238,17.613069391774765
grass,blocks8,0,0.16227442282488155,300,5478946.382857922,1.414348284004941e-06,0.00010276927613482737,33.568891785886755,17.612063527370047
grass,blocks8,0,0.16227442282488155,500,5478939.484896902,1.58127915601235e-07,3.321756154113067e-05,33.5691892779535,17.611986552180436
grass,blocks8,0,0.16227442282488155,750,5478937.082367831,5.50117914879669e-08,1.5412037380302518e-05,33.569296491642284,17.611958811123788
grass,blocks8,0,0.16227442282488155,1000,5478936.078192969,3.0179303185227506e-08,7.688464194092724e-06,33.56937609568621,17.61193821399508
grass,blocks8,0,0.16227442282488155,1500,5478935.231534862,1.0984097455417667e-08,0.0,33.56946597500329,17.611914958252065
grass,blocks8,1,0.16227442282488155,10,6077174.967264789,0.01593552949591393,0.2077309668945747,72.9857763671683,10.86603896712754
grass,blocks8,1,0.16227442282488155,25,5566008.840989176,0.00716570737623873,0.0686964811658469,38.98910803493322,16.31193761224823
grass,blocks8,1,0.16227442282488155,50,5492286.713145373,0.0010312224655437533,0.014238604331456394,33.10976051179949,17.731682819841367
grass,blocks8,1,0.16227442282488155,100,5487435.151487363,0.00010205357166152254,0.0029856634159952477,33.02930773984304,17.752814180213694
grass,blocks8,1,0.16227442282488155,200,5487187.624743171,7.735979376530776e-06,0.0003774196261896292,33.02179100782767,17.754791119469637
grass,blocks8,1,0.16227442282488155,300,5487170.532797825,1.2951607087914694e-06,0.00010449547015130128,33.025065650950154,17.753929816139603
grass,blocks8,1,0.16227442282488155,500,5487163.487750821,1.8948420341864932e-07,3.1360351996154634e-05,33.02627143327399,17.75361269032033
grass,blocks8,1,0.16227442282488155,750,5487161.110233596,8.237804185796167e-08,1.545624318330166e-05,33.02645281749346,17.75356498651007
grass,blocks8,1,0.16227442282488155,1000,5487160.092565401,3.3665608297960653e-08,7.611671334111338e-06,33.02653165229547,17.7535442531429
grass,blocks8,1,0.16227442282488155,1500,5487159.246185363,3.027227749494587e-08,0.0,33.02662600565037,17.753519438497946
grass,blocks8,2,0.16227442282488155,10,6083668.673492133,0.01594884513546808,0.20994526600926577,73.33737010334193,10.824296968804067
grass,blocks8,2,0.16227442282488155,25,5569476.067533573,0.007154846491908908,0.07076997190603743,39.344980859488274,16.23301684126134
grass,blocks8,2,0.16227442282488155,50,5493607.282801106,0.0010981028939975922,0.015302961756685702,33.09775461945033,17.734832971508826
grass,blocks8,2,0.16227442282488155,100,5488466.4828947,0.00010296651236496194,0.0038751302455670143,32.798855322752004,17.81362986596205
grass,blocks8,2,0.16227442282488155,200,5488213.7023093095,1.4008793000880196e-05,0.000798209869715494,32.78797087688463,17.816512795413637
grass,blocks8,2,0.16227442282488155,300,5488197.331568268,2.656127459790546e-06,0.0001550013135839865,32.7913444702029,17.815619139872496
grass,blocks8,2,0.16227442282488155,500,5488190.574166776,1.9301266106225713e-07,2.874998047183775e-05,32.7927827665292,17.81523816710712
grass,blocks8,2,0.16227442282488155,750,5488188.183928125,5.342152338804232e-08,1.3421667449609885e-05,32.79306312685478,17.815163907827124
grass,blocks8,2,0.16227442282488155,1000,5488187.209805935,2.4561720550053288e-08,6.758033750512342e-06,32.793176505228296,17.815133877380337
grass,blocks8,2,0.16227442282488155,1500,5488186.344631458,1.1358430944359005e-08,0.0,32.793280315954476,17.815106381200344
grass,canonical,0,0.16232483113217058,10,5826261.868614445,0.013754239800158758,0.2538305700809102,86.15739865027669,9.424952051925507
grass,canonical,0,0.16232483113217058,25,5613978.563324496,0.004176984877295208,0.1946496392822464,69.54375366397014,11.285641043208862
grass,canonical,0,0.16232483113217058,50,5536377.652728552,0.002555246974358805,0.12904583337444978,52.675749362112334,13.698589157242289
grass,canonical,0,0.16232483113217058,100,5495161.168515426,0.001068038101875968,0.055874154768168045,37.781738119709004,16.58516494012058
grass,canonical,0,0.16232483113217058,200,5485922.750378507,0.00020832518291312614,0.008062939088553581,33.30672285404845,17.68016554291894
grass,canonical,0,0.16232483113217058,300,5485473.863742576,3.8952761016973874e-05,0.000899508059029556,33.18188727702729,17.712781935919327
grass,canonical,0,0.16232483113217058,500,5485385.17420035,5.1037630505634325e-06,0.00024413388017622086,33.178718609687465,17.71361142487491
grass,canonical,0,0.16232483113217058,750,5485373.722945055,1.284587279978606e-06,5.2214785977946124e-05,33.182592024644904,17.712597458919163
grass,canonical,0,0.16232483113217058,1000,5485372.216124743,3.2201711957735566e-07,2.1049143715466924e-05,33.183658849237005,17.712318210941493
grass,canonical,0,0.16232483113217058,1500,5485371.316079601,2.9317507717709605e-08,0.0,33.18389367102666,17.712256746081874
grass,dropout,0,0.16229962697852607,10,5825541.974069553,0.011545000286470604,0.022497453494485755,20.515405069598245,21.889201681031825
grass,dropout,0,0.16229962697852607,25,5792682.638411554,0.001400190883001753,0.008692847780278633,19.184431619735683,22.471824872440177
grass,dropout,0,0.16229962697852607,50,5789791.095323407,0.0001614568317695211,0.003603693540327616,18.945792937035772,22.5805478788789
grass,dropout,0,0.16229962697852607,100,5789453.819202341,2.4800181984496933e-05,0.0011006175877747075,18.887231584815673,22.60743750005565
grass,dropout,0,0.16229962697852607,200,5789433.889450849,3.305499863544131e-06,0.00022629600872666982,18.87900627450261,22.611220992550397
grass,dropout,0,0.16229962697852607,300,5789433.152729855,8.036888238349392e-07,6.276785112722225e-05,18.878601639431366,22.61140715982988
grass,dropout,0,0.16229962697852607,500,5789433.062691699,6.753990077667167e-08,5.5918212188399095e-06,18.878581427598665,22.611416459133164
grass,dropout,0,0.16229962697852607,750,5789433.055851233,3.6658401945279565e-09,5.241293959054058e-07,18.878586421847203,22.611414161318258
grass,dropout,0,0.16229962697852607,1000,5789433.05397042,7.083955196697639e-10,2.0259324715241396e-07,18.878587030686507,22.61141388119607
grass,dropout,0,0.16229962697852607,1500,5789433.052690452,2.4200228639865146e-10,0.0,18.878587280674278,22.611413766178657
grass,dropout,1,0.16229962697852607,10,5827286.102725079,0.011568266586369785,0.02239185020544604,20.192193581482503,22.02713358583862
grass,dropout,1,0.16229962697852607,25,5794386.095372593,0.0013896336532411041,0.008751492533081004,18.934264981841014,22.585834594642627
grass,dropout,1,0.16229962697852607,50,5791474.100149701,0.00016249448192019687,0.003802046932289335,18.74886612418664,22.67130344836343
grass,dropout,1,0.16229962697852607,100,5791132.018566586,2.702125212620067e-05,0.0013463397881028666,18.71123944056922,22.68875248254695
grass,dropout,1,0.16229962697852607,200,5791109.134232466,4.254043532313766e-06,0.0004477108506411884,18.70364349268274,22.692279291173488
grass,dropout,1,0.16229962697852607,300,5791107.997927412,1.5726261072027847e-06,0.00020639371092345842,18.703182171332724,22.692493529418137
grass,dropout,1,0.16229962697852607,500,5791107.781535312,4.4644362386597396e-07,4.741860714502941e-05,18.703168262174557,22.692499988931637
grass,dropout,1,0.16229962697852607,750,5791107.762502087,3.846543381952272e-08,4.762984000876437e-06,18.703131642470925,22.69251699540943
grass,dropout,1,0.16229962697852607,1000,5791107.760748537,5.264984242193786e-09,6.904145898454007e-07,18.703139640035694,22.69251328127474
grass,dropout,1,0.16229962697852607,1500,5791107.759913464,3.767842700527642e-10,0.0,18.703140971374832,22.692512662990076
grass,dropout,2,0.16229962697852607,10,5820363.43333352,0.011611224375717563,0.02271181397897869,20.44378050598067,21.919579418300902
grass,dropout,2,0.16229962697852607,25,5786949.107640787,0.0013979174824481227,0.00899639564527291,19.187440776938253,22.470462561675223
grass,dropout,2,0.16229962697852607,50,5783924.917462883,0.0001630894633890077,0.003944606732246502,19.010640862598663,22.550868458746393
grass,dropout,2,0.16229962697852607,100,5783558.212006407,2.8879360595088893e-05,0.0014009611416251064,18.99423878015863,22.558365742679037
grass,dropout,2,0.16229962697852607,200,5783531.995594557,4.9557681034819525e-06,0.00034616547373837725,18.991696793736203,22.55952824733904
grass,dropout,2,0.16229962697852607,300,5783530.773074698,1.1868995969294336e-06,9.648594387772791e-05,18.991137873178243,22.55978387450988
grass,dropout,2,0.16229962697852607,500,5783530.647256583,1.1035236115133363e-07,9.365065408107202e-06,18.99042324104113,22.56011072868298
grass,dropout,2,0.16229962697852607,750,5783530.6384010585,6.250734941442329e-09,7.670954840762088e-07,18.99035674054524,22.560141144907632
grass,dropout,2,0.16229962697852607,1000,5783530.636339146,9.44855366632931e-10,2.809153943749099e-07,18.990353491931057,22.56014263077265
grass,dropout,2,0.16229962697852607,1500,5783530.635096076,3.6494867588700346e-10,0.0,18.990353482741128,22.560142634975975
grass,scratch,0,0.1632220990019155,10,5863621.6420194,0.016962923709849795,0.0989965404021026,42.59920832307833,15.542773046396253
grass,scratch,0,0.1632220990019155,25,5604659.823348112,0.003140805617556951,0.02471215187573797,28.807990705471365,18.940544243804936
grass,scratch,0,0.1632220990019155,50,5587839.253422582,0.0004129760576725202,0.007972923421313777,27.85219423396258,19.23361530526055
grass,scratch,0,0.1632220990019155,100,5586353.5380326,5.2005556692371204e-05,0.0021137588479587834,27.755516207268325,19.263817430458687
grass,scratch,0,0.1632220990019155,200,5586255.363195609,6.986481942638183e-06,0.00035731318170676324,27.7454237005001,19.266976382399758
grass,scratch,0,0.1632220990019155,300,5586250.515206067,1.197327341432232e-06,0.0001297244369791983,27.744021761200724,19.267415279921075
grass,scratch,0,0.1632220990019155,500,5586249.307341947,2.0883066627254593e-07,2.7769908053654606e-05,27.743705389993174,19.26751432760367
grass,scratch,0,0.1632220990019155,750,5586248.942925148,3.341931484583524e-08,6.0266417878716275e-06,27.743749952726937,19.267500376090304
grass,scratch,0,0.1632220990019155,1000,5586248.813706165,8.536236646017266e-09,2.393155311643987e-06,27.743763338315695,19.26749618539082
grass,scratch,0,0.1632220990019155,1500,5586248.714737704,3.4598474734431053e-09,0.0,27.743766600749463,19.267495164003144
grass,scratch,1,0.16330779312430688,10,5878352.139352037,0.01701067620520533,0.09728718848786874,41.99282102246997,15.667302589681217
grass,scratch,1,0.16330779312430688,25,5624914.479328525,0.0031650822564257253,0.024260016802345834,28.291571964541028,19.097662032067205
grass,scratch,1,0.16330779312430688,50,5607928.561936894,0.0004177001359622103,0.006796463409261769,27.378918188019874,19.38247792793904
grass,scratch,1,0.16330779312430688,100,5606569.291548907,4.854791703245963e-05,0.0021355395492378146,27.316265359859457,19.402377149539046
grass,scratch,1,0.16330779312430688,200,5606476.445852539,7.1214883007513934e-06,0.00046071301690633036,27.307614429915834,19.405128364709935
grass,scratch,1,0.16330779312430688,300,5606471.870469237,1.6166252067196954e-06,0.00013908332338629883,27.308372740824492,19.404887167756236
grass,scratch,1,0.16330779312430688,500,5606470.732287021,1.7446813808614605e-07,2.428176323705136e-05,27.308795818662347,19.404752601739546
grass,scratch,1,0.16330779312430688,750,5606470.484483567,3.109140427749613e-08,1.301555782797285e-05,27.30885405364601,19.404734079425154
grass,scratch,1,0.16330779312430688,1000,5606470.398594817,1.828399569339295e-08,8.408687178560863e-06,27.308866424061392,19.404730144875636
grass,scratch,1,0.16330779312430688,1500,5606470.32713951,1.627991424228435e-08,0.0,27.30886509080957,19.404730568931264
grass,scratch,2,0.162828914205061,10,5890273.717629383,0.017158359773600678,0.10440362833452656,43.186925900352676,15.423757778263196
grass,scratch,2,0.162828914205061,25,5623363.782892093,0.0033288210409527005,0.03184050754944695,28.833672094769472,18.932804504279094
grass,scratch,2,0.162828914205061,50,5603931.339629587,0.0005743400001299884,0.010200851459882495,27.491486970374968,19.346838993284013
grass,scratch,2,0.162828914205061,100,5602189.638479607,6.211042643108284e-05,0.0021072728275033617,27.389087365719224,19.379252382099697
grass,scratch,2,0.162828914205061,200,5602063.90456082,6.795044365444289e-06,0.00042415992075299394,27.372925130472264,19.384379417770468
grass,scratch,2,0.162828914205061,300,5602058.849223427,1.6574622485643402e-06,0.00010517801531435791,27.372950846399203,19.384371257678062
grass,scratch,2,0.162828914205061,500,5602057.394188328,8.233447840552755e-08,9.128629617173022e-06,27.372843983399854,19.384405167139846
grass,scratch,2,0.162828914205061,750,5602056.988532881,1.151645770226078e-08,3.4715587875198072e-06,27.372833196058195,19.38440859015565
grass,scratch,2,0.162828914205061,1000,5602056.857727649,8.73905748952631e-09,1.6846740890687055e-06,27.372844700687665,19.384404939531684
grass,scratch,2,0.162828914205061,1500,5602056.764850278,2.294280625653138e-09,0.0,27.37284918936458,19.38440351519492
phantom,blocks16,0,0.1625970359915314,10,1855862.7544866488,0.011127121539798805,1.2354016869991573,176.7849061667384,3.18189996169088
phantom,blocks16,0,0.1625970359915314,25,1569359.6172585508,0.010241603216227095,1.0109281317242191,144.31259411241214,4.944718939012261
phantom,blocks16,0,0.1625970359915314,50,1169263.7734159452,0.011311166199677168,0.660341309064526,93.79707594140068,8.687017613445022
phantom,blocks16,0,0.1625970359915314,100,614824.251887918,0.009863620680484025,0.20891681130528517,34.59761185493977,17.349881166937106
phantom,blocks16,0,0.1625970359915314,200,565354.307517746,0.0012361154686263652,0.09318197132090592,35.99528949620999,17.005890193141607
phantom,blocks16,0,0.1625970359915314,300,561164.4283165538,0.00029934631283949723,0.06008790435308365,36.103748513090125,16.979757701294407
phantom,blocks16,0,0.1625970359915314,500,559977.6510720779,0.00011276793907097366,0.029570097447779185,36.65783928885792,16.847466350645547
phantom,blocks16,0,0.1625970359915314,750,559854.6948315299,4.532038098243479e-05,0.014271112403364842,37.05644789035924,16.75352787003123
phantom,blocks16,0,0.1625970359915314,1000,559828.5499838304,2.216552074408786e-05,0.006958407742434205,37.18347612566914,16.723803854975845
phantom,blocks16,0,0.1625970359915314,1500,559818.4725515519,8.33392996463564e-06,0.0,37.345409836858394,16.686059011770656
phantom,blocks16,1,0.1625970359915314,10,1876365.973762139,0.011172646286002676,1.200098685139723,177.00961283019183,3.1708665655395034
phantom,blocks16,1,0.1625970359915314,25,1585874.9359340516,0.010213124532009937,0.978976433691279,144.1664934292239,4.953516904435205
phantom,blocks16,1,0.1625970359915314,50,1180906.853961435,0.01124825548561524,0.6352558718682205,93.15919107232405,8.746289433141825
phantom,blocks16,1,0.1625970359915314,100,639528.6384169689,0.009313728584400159,0.20623536007880175,31.5994378720345,18.137216469757202
phantom,blocks16,1,0.1625970359915314,200,590499.4844992695,0.0011098231051986554,0.09347169909453105,25.531038452558832,19.989434014478938
phantom,blocks16,1,0.1625970359915314,300,586005.1776425765,0.0003165097622132625,0.0569534225734623,25.18102707876262,20.10933480766465
phantom,blocks16,1,0.1625970359915314,500,584806.0753253011,9.016571880036633e-05,0.026150807934803177,26.600646741646976,19.63295969341566
phantom,blocks16,1,0.1625970359915314,750,584718.0356168258,3.8392208879064166e-05,0.012378650886729351,27.05750284426692,19.48504935324633
phantom,blocks16,1,0.1625970359915314,1000,584698.6216367931,1.9271680199366578e-05,0.005779403115506306,27.32542575264738,19.399464861872882
phantom,blocks16,1,0.1625970359915314,1500,584690.8288002628,6.7444101126148845e-06,0.0,27.55218821178081,19.327681678815722
phantom,blocks16,2,0.1625970359915314,10,1896218.7557251058,0.011238292034231667,1.2207402778886174,178.49460384046984,3.098301783214153
phantom,blocks16,2,0.1625970359915314,25,1603998.9030345192,0.010292643330002087,0.996580193001011,145.38318153772462,4.880520235829505
phantom,blocks16,2,0.1625970359915314,50,1196761.4165941346,0.011344220373295966,0.6462943477248398,93.67005183594623,8.698788397403604
phantom,blocks16,2,0.1625970359915314,100,633762.3321752484,0.009833122711925931,0.19255640615303876,29.10233044766546,18.852248255052334
phantom,blocks16,2,0.1625970359915314,200,588521.5563126632,0.0010896732034161387,0.0809737857766044,26.15519518164315,19.779644303215164
phantom,blocks16,2,0.1625970359915314,300,584194.3880338535,0.0003132735449335835,0.04507244919682277,27.401478667552166,19.37532362246752
phantom,blocks16,2,0.1625970359915314,500,583123.6204192555,9.563235504097498e-05,0.01803666766951555,28.910732258752866,18.909621773945805
phantom,blocks16,2,0.1625970359915314,750,583060.4228457751,2.5930368079915947e-05,0.008000116182585539,29.329034471752742,18.784848288714848
phantom,blocks16,2,0.1625970359915314,1000,583050.2853167529,1.2469323327280875e-05,0.0035930527076980475,29.449040266004328,18.749380691731222
phantom,blocks16,2,0.1625970359915314,1500,583046.7321631948,3.946510483391215e-06,0.0,29.548905577514034,18.719975603452706
phantom,blocks32,0,0.1600161306583325,10,1288236.6017438197,0.006940655802805004,1.4700608914366626,206.12481109351617,1.8481981959508123
phantom,blocks32,0,0.1600161306583325,25,1213736.8844773858,0.005000514123705134,1.350142379994295,189.1863344979951,2.5930083528238965
phantom,blocks32,0,0.1600161306583325,50,1095716.1048060036,0.005024936445842109,1.156993637565394,162.16764431038146,3.9315194470806283
phantom,blocks32,0,0.1600161306583325,100,891082.2949049004,0.005650211925070512,0.7905350991272188,111.43211506305815,7.190596132205162
phantom,blocks32,0,0.1600161306583325,200,590198.3665706343,0.00560073497246783,0.249368887401756,48.57056301685603,14.403340854146684
phantom,blocks32,0,0.1600161306583325,300,560472.3831919422,0.0019568703015970476,0.09025531507129507,47.51294467243647,14.594564665056073
phantom,blocks32,0,0.1600161306583325,500,549871.8264621028,0.0005483413724673885,0.029011042749028933,46.893069475661385,14.708630383754006
phantom,blocks32,0,0.1600161306583325,750,547820.1110576546,0.0001222452899835742,0.01217162872828361,47.09773129476802,14.670803856714185
phantom,blocks32,0,0.1600161306583325,1000,547443.3425030209,2.9917117148786492e-05,0.005235098762010525,47.14498912588267,14.66209281063723
phantom,blocks32,0,0.1600161306583325,1500,547341.0646360406,5.631626387384582e-06,0.0,47.139687974717226,14.663069538042832
phantom,blocks32,1,0.1600161306583325,10,1255697.2558584176,0.006872173817610145,1.39493169455452,199.95149085586647,2.112310676291314
phantom,blocks32,1,0.1600161306583325,25,1180127.2856311018,0.0050250278868548635,1.2758068107349576,182.80771907135912,2.890913010556653
phantom,blocks32,1,0.1600161306583325,50,1058611.7231833863,0.005081266878957848,1.084303273372421,155.3766931086152,4.303086126774691
phantom,blocks32,1,0.1600161306583325,100,848467.570370707,0.005735236290225241,0.7217515311421518,104.02506367085475,7.788043802985767
phantom,blocks32,1,0.1600161306583325,200,566200.2317657799,0.0051997018633935,0.2208434655954516,44.55911749012693,15.15207199093274
phantom,blocks32,1,0.1600161306583325,300,545210.481402184,0.0016445212245638889,0.10559294537286311,39.25646492300685,16.25257983969842
phantom,blocks32,1,0.1600161306583325,500,536736.499081017,0.0004825861232051932,0.06248846659388766,38.77973299880439,16.358707316582
phantom,blocks32,1,0.1600161306583325,750,534968.7298783055,0.0001300488003156435,0.03389161811649198,39.47181530376124,16.205061608624106
phantom,blocks32,1,0.1600161306583325,1000,534550.8644926841,7.53942902452988e-05,0.013171682936598103,40.28086242069556,16.028828402557128
phantom,blocks32,1,0.1600161306583325,1500,534432.3156008988,1.4231755856416226e-05,0.0,40.87321919448243,15.90202672264308
phantom,blocks32,2,0.1600161306583325,10,1246921.625479463,0.006975836163336111,1.391669185243883,196.72401197620488,2.2536561528133268
phantom,blocks32,2,0.1600161306583325,25,1174341.2737074955,0.004932495737005725,1.2749315739612164,179.86471140206248,3.031884304710722
phantom,blocks32,2,0.1600161306583325,50,1058280.8658287514,0.004955949397418959,1.088189139389686,153.2240385877297,4.424265508095481
phantom,blocks32,2,0.1600161306583325,100,858845.0930410671,0.005544263110617254,0.7368212310968641,103.40731998056467,7.839777956413087
phantom,blocks32,2,0.1600161306583325,200,598137.7233675233,0.004738928647398422,0.2609391715020956,44.64045460093547,15.136231435934329
phantom,blocks32,2,0.1600161306583325,300,571233.909291676,0.0018655506264990869,0.10171936874230557,38.77073574492747,16.360722756484225
phantom,blocks32,2,0.1600161306583325,500,558968.0705305402,0.0005499052451460303,0.025672105508113153,41.9162325299615,15.683158789937387
phantom,blocks32,2,0.1600161306583325,750,557367.1339548079,0.00010963373805982498,0.01135480889041969,42.00057228447509,15.665699449151404
phantom,blocks32,2,0.1600161306583325,1000,556996.9906356295,2.7328174648908044e-05,0.005487533308019363,42.161487120846516,15.632485190306927
phantom,blocks32,2,0.1600161306583325,1500,556870.2086288518,1.1293466825360511e-05,0.0,42.1981431527345,15.624936786726822
phantom,blocks64,0,0.16517794132473032,10,939575.6910727031,0.005259730779355866,1.5632959444616388,220.63106715467893,1.2574702966525053
phantom,blocks64,0,0.16517794132473032,25,922091.6229691757,0.0028025256978790347,1.5002688494291951,211.70088775810757,1.6163500243287485
phantom,blocks64,0,0.16517794132473032,50,892408.5770280075,0.0025835930810854534,1.3970478524578465,197.23643426678905,2.231060757684014
phantom,blocks64,0,0.16517794132473032,100,824718.7838656843,0.0026393905033308862,1.1958820257724032,169.15899009879823,3.5649019349194253
phantom,blocks64,0,0.16517794132473032,200,712461.6508350817,0.0029432493742089475,0.8081288892786349,115.83839177930935,6.853753219708131
phantom,blocks64,0,0.16517794132473032,300,614936.5185131843,0.0033743660121429396,0.4530122637602708,70.79909884641485,11.130249010962842
phantom,blocks64,0,0.16517794132473032,500,543604.1334409401,0.0014898636818053924,0.09382197008889563,44.0684811868113,15.248241951125825
phantom,blocks64,0,0.16517794132473032,750,538671.2053553604,0.0006810386425715528,0.03517702199961165,42.31239942996254,15.60145053308814
phantom,blocks64,0,0.16517794132473032,1000,537204.5432708744,0.0005328399481930933,0.014107587136242388,42.517046422108145,15.559541862836149
phantom,blocks64,0,0.16517794132473032,1500,536638.1677247974,0.00019510521318379163,0.0,42.91162975420323,15.479303427642819
phantom,blocks64,1,0.16517794132473032,10,914932.1378578047,0.005262442260706785,1.5215846697568063,212.29579790470024,1.5919756485679948
phantom,blocks64,1,0.16517794132473032,25,898026.0380828312,0.002759427776008601,1.4602842459407457,203.60881120902079,1.9548722437682047
phantom,blocks64,1,0.16517794132473032,50,869505.3848135938,0.002530332472112799,1.3604745868426416,189.5363997106282,2.576951071893194
phantom,blocks64,1,0.16517794132473032,100,805628.9099928477,0.0025482335543813,1.1659948093012302,162.4626300701447,3.9157340157051745
phantom,blocks64,1,0.16517794132473032,200,699898.9745940164,0.0028432346620489075,0.7932803245708158,111.46241964685896,7.18823427732715
phantom,blocks64,1,0.16517794132473032,300,609968.067846118,0.00316333310571851,0.45443721025475026,69.19187908055058,11.329701106095339
phantom,blocks64,1,0.16517794132473032,500,539480.6304077934,0.0017557650254477232,0.08655120634354116,41.27658417598137,15.816728603206286
phantom,blocks64,1,0.16517794132473032,750,535743.4970578557,0.000686769306047156,0.030477120699149787,41.76495943618727,15.714562329923735
phantom,blocks64,1,0.16517794132473032,1000,534420.3991707775,0.00046948442742025305,0.013163685172469776,42.76205366200825,15.509632525156277
phantom,blocks64,1,0.16517794132473032,1500,533603.2680884006,0.00018804703760568516,0.0,43.0834879796945,15.444586490062646
phantom,blocks64,2,0.16517794132473032,10,897004.184047175,0.005342471098020146,1.4395824395174002,201.38494449850612,2.050263615570845
phantom,blocks64,2,0.16517794132473032,25,880414.5798204663,0.002727131884492988,1.3788139842879652,192.71126699274265,2.432661474394008
phantom,blocks64,2,0.16517794132473032,50,853014.7813138895,0.0024718134385509705,1.2809491824747343,179.0203385245425,3.072756127940919
phantom,blocks64,2,0.16517794132473032,100,792688.045918926,0.002472198749455144,1.091010926948947,152.81237476923988,4.44763311074638
phantom,blocks64,2,0.16517794132473032,200,693934.6794247553,0.0027168715064485862,0.7287274695712592,103.52439232161912,7.829949810390916
phantom,blocks64,2,0.16517794132473032,300,609646.429139691,0.00304152057246496,0.40104448871585413,63.02424554987816,12.140650498063552
phantom,blocks64,2,0.16517794132473032,500,547869.0231318335,0.0014882236745540802,0.08577156013908295,43.297890512875576,15.401468850634751
phantom,blocks64,2,0.16517794132473032,750,544529.0411602259,0.0005205209749950113,0.03982158066495003,42.57071974318058,15.548583751554368
phantom,blocks64,2,0.16517794132473032,1000,542807.0363987366,0.0005126758036437765,0.02129118410822846,42.543998338341986,15.554037548177536
phantom,blocks64,2,0.16517794132473032,1500,542545.1339273654,0.00017349062807315294,0.0,42.80575640693016,15.50076009399384
phantom,blocks8,0,0.16227442282488155,10,2503502.0107535087,0.021190374605055382,0.8848375035469463,133.45209178684868,5.624295898682769
phantom,blocks8,0,0.16227442282488155,25,1593318.569103739,0.021618887495367098,0.505511686477689,76.2637031844419,10.484445813497796
phantom,blocks8,0,0.16227442282488155,50,697233.8438667789,0.01215617590608103,0.1513899504976417,23.61454107632714,20.667213409878798
phantom,blocks8,0,0.16227442282488155,100,597544.5387346752,0.0012683560911824461,0.07478334320501336,17.42501161892913,23.307342081559224
phantom,blocks8,0,0.16227442282488155,200,591654.2299080277,0.0002647729881740831,0.027631606609824316,17.701135910318115,23.170780876070992
phantom,blocks8,0,0.16227442282488155,300,591309.0228688772,0.00010664568831156835,0.012908543950313933,18.361036127680013,22.85285990597458
phantom,blocks8,0,0.16227442282488155,500,591237.5789115225,2.1120771575578793e-05,0.004516748542703186,18.70092527851605,22.69354170959357
phantom,blocks8,0,0.16227442282488155,750,591231.6529509048,6.593310045984548e-06,0.0015680269399275441,18.754811921267365,22.66854934314615
phantom,blocks8,0,0.16227442282488155,1000,591230.8195932737,2.439058184724487e-06,0.0005547814339060769,18.77181270788359,22.66067935921498
phantom,blocks8,0,0.16227442282488155,1500,591230.5336378561,4.538464613486321e-07,0.0,18.778799773550578,22.657446981473726
phantom,blocks8,1,0.16227442282488155,10,2523342.5221800497,0.021315967479209108,0.8867765403969566,133.6451422813396,5.611740054833909
phantom,blocks8,1,0.16227442282488155,25,1601289.6724955062,0.02177495583311509,0.5039486821229252,75.85435610443518,10.531193085447208
phantom,blocks8,1,0.16227442282488155,50,697570.6049854557,0.012137516748724337,0.14408570648763794,21.923191241670857,21.312728161911178
phantom,blocks8,1,0.16227442282488155,100,598922.8205659952,0.0011842425780818288,0.0704760218950306,16.186773926619406,23.947597585404687
phantom,blocks8,1,0.16227442282488155,200,593513.98303419,0.0002510388287811416,0.027096275400302138,16.728560932330748,23.66163195742746
phantom,blocks8,1,0.16227442282488155,300,593203.6576950249,8.96429513088233e-05,0.01417624284790937,17.140311301167277,23.45042950296651
phantom,blocks8,1,0.16227442282488155,500,593132.6783875661,2.4777477505883867e-05,0.005738136860358606,17.420715579995896,23.309483802983543
phantom,blocks8,1,0.16227442282488155,750,593122.1825184664,8.844881648023798e-06,0.002232534686546572,17.51417836849143,23.26300824166262
phantom,blocks8,1,0.16227442282488155,1000,593120.3337428239,3.490564531292258e-06,0.0009384768453781113,17.52582364066978,23.257234865699687
phantom,blocks8,1,0.16227442282488155,1500,593119.7053968299,1.0274592892068617e-06,0.0,17.528217427956193,23.256048573244655
phantom,blocks8,2,0.16227442282488155,10,2517309.331589001,0.021274405695677356,0.8847397054640642,133.60291186913827,5.614485135272154
phantom,blocks8,2,0.16227442282488155,25,1598751.7514996787,0.021677831819353892,0.5040690732652352,76.10262370045199,10.50281101492695
phantom,blocks8,2,0.16227442282488155,50,698056.7628256584,0.01215993084735031,0.15015351579719213,23.019286848908205,20.888966312622493
phantom,blocks8,2,0.16227442282488155,100,600422.7726729987,0.0012006050102112292,0.0757959875078894,16.71577516455325,23.668273187974954
phantom,blocks8,2,0.16227442282488155,200,594465.2155082411,0.0002852087518368003,0.026885171169979197,16.979987530289552,23.532056269234708
phantom,blocks8,2,0.16227442282488155,300,594073.5112862402,9.318515172199487e-05,0.012677746094695498,17.579039140765012,23.230900946219833
phantom,blocks8,2,0.16227442282488155,500,593996.2308096798,2.1390580317023683e-05,0.004527047803147875,17.74911182780101,23.147271095150742
phantom,blocks8,2,0.16227442282488155,750,593988.6945691989,6.5372483649123675e-06,0.0016153386097440914,17.78907249531716,23.12773750890794
phantom,blocks8,2,0.16227442282488155,1000,593987.7516495315,2.4878598988908177e-06,0.0006138979461972078,17.801609803778724,23.1216180599328
phantom,blocks8,2,0.16227442282488155,1500,593987.4585260508,5.831328288870198e-07,0.0,17.80804130695159,23.118480521336867
phantom,canonical,0,0.16232483113217058,10,1949929.8682810087,0.02078478246388901,0.975650277364248,149.54759833591336,4.635214751514304
phantom,canonical,0,0.16232483113217058,25,1107214.1123014428,0.013821267790653693,0.8138413517756129,124.99246561952695,6.193126906675119
phantom,canonical,0,0.16232483113217058,50,871114.253104554,0.005827924093854752,0.6567107288414759,101.21070105945722,8.026274946473546
phantom,canonical,0,0.16232483113217058,100,708647.9280657924,0.005503793180638542,0.4152006879640636,65.01250239984127,11.870865952394439
phantom,canonical,0,0.16232483113217058,200,616830.8099244063,0.0026962451461891935,0.15290398875288383,27.801316330849144,19.249496422914593
phantom,canonical,0,0.16232483113217058,300,600607.5127383327,0.0010382088985424066,0.04513873800146929,15.231172901514498,24.476136644989033
phantom,canonical,0,0.16232483113217058,500,598619.8106181887,0.00028067073966072834,0.0188273148176182,13.97579812343891,25.223271233563004
phantom,canonical,0,0.16232483113217058,750,598307.996343512,9.643170107507214e-05,0.00919429486202023,13.664549199557156,25.418897435305183
phantom,canonical,0,0.16232483113217058,1000,598242.887583592,1.628845195843763e-05,0.0043538941967024465,13.52692497421171,25.50682198347227
phantom,canonical,0,0.16232483113217058,1500,598190.097188508,5.568098310170957e-06,0.0,13.401613856957589,25.587661601132016
phantom,dropout,0,0.16229962697852607,10,857629.6913242588,0.0249125835587379,0.04831985674105989,8.225748754859833,29.827294800728605
phantom,dropout,0,0.16229962697852607,25,606196.7486027216,0.0011464683202736024,0.023073546891040828,6.1894329085425746,32.29778641494221
phantom,dropout,0,0.16229962697852607,50,603088.580636154,0.0003419303605648692,0.013322298290092138,5.520721953830172,33.29088611183921
phantom,dropout,0,0.16229962697852607,100,602673.7959192756,8.383363760568787e-05,0.006467665481838165,5.257112966808607,33.71585742066178
phantom,dropout,0,0.16229962697852607,200,602616.9206865914,2.2493156038907296e-05,0.0023799594540615957,5.203245709293005,33.805316913281864
phantom,dropout,0,0.16229962697852607,300,602610.9984112948,8.403000619708372e-06,0.001046139061673699,5.2053250575227725,33.80184650607846
phantom,dropout,0,0.16229962697852607,500,602609.6432400794,1.731971971398397e-06,0.00026147985958908335,5.211647404108865,33.79130309499707
phantom,dropout,0,0.16229962697852607,750,602609.4413662552,3.4136807402434907e-07,5.545204577721226e-05,5.213979289919552,33.78741757257575
phantom,dropout,0,0.16229962697852607,1000,602609.3897005098,7.574128640602767e-08,1.2171506353685505e-05,5.214508931395703,33.786535295621334
phantom,dropout,0,0.16229962697852607,1500,602609.3442297224,4.8538431697269346e-09,0.0,5.214658258440023,33.786286562773654
phantom,dropout,1,0.16229962697852607,10,856317.2088987301,0.025082545479341637,0.04674965588425523,7.835776003206775,30.249163357175867
phantom,dropout,1,0.16229962697852607,25,605624.7617977395,0.0011421691944520575,0.020540920727238867,5.768526039233785,32.909506460999545
phantom,dropout,1,0.16229962697852607,50,602671.6301443562,0.00029147582828513115,0.011149943836598133,5.23792329454341,33.747620924300136
phantom,dropout,1,0.16229962697852607,100,602358.1021025202,7.590359466438906e-05,0.0048855964917395986,5.119119928275061,33.94689752645335
phantom,dropout,1,0.16229962697852607,200,602315.4666849135,1.627277603821225e-05,0.0016115837896910341,5.116678173753059,33.95104157276849
phantom,dropout,1,0.16229962697852607,300,602311.7600337332,5.656361126126931e-06,0.0006899915600721641,5.1193046608012365,33.94658408636866
phantom,dropout,1,0.16229962697852607,500,602310.8304384521,1.1378282627213423e-06,0.00016674599082297306,5.120629043057406,33.944337306552995
phantom,dropout,1,0.16229962697852607,750,602310.6553467956,2.1531842394129286e-07,3.3041284909485704e-05,5.1208761339682,33.94391818761587
phantom,dropout,1,0.16229962697852607,1000,602310.5827231515,4.38450106206035e-08,6.786931696388296e-06,5.120913603221086,33.943854633529384
phantom,dropout,1,0.16229962697852607,1500,602310.5386675764,2.9509992144539543e-09,0.0,5.120921614410125,33.94384104528032
phantom,dropout,2,0.16229962697852607,10,856568.9621576921,0.025019561456367547,0.0478462667231477,8.069708272656813,29.99364691142585
phantom,dropout,2,0.16229962697852607,25,605783.4396897431,0.0011446755070480855,0.0213591257459569,5.93302606599167,32.665278481500295
phantom,dropout,2,0.16229962697852607,50,602731.4156635713,0.00027965561020921857,0.012231064772769536,5.3942529264513945,33.49217749164041
phantom,dropout,2,0.16229962697852607,100,602375.7973305839,8.054864856003713e-05,0.005776782637095557,5.259569202869228,33.711800134268344
phantom,dropout,2,0.16229962697852607,200,602323.3667118553,1.9615618225089128e-05,0.00209239989772066,5.275259276203667,33.68592741191075
phantom,dropout,2,0.16229962697852607,300,602318.1357589188,7.333340686958048e-06,0.0009347688658370534,5.291023642106168,33.66000956642084
phantom,dropout,2,0.16229962697852607,500,602316.8807713459,1.5629108435845353e-06,0.00023438119570956875,5.3015632874744725,33.64272460528469
phantom,dropout,2,0.16229962697852607,750,602316.6767889695,3.0368151542419073e-07,4.929500499901101e-05,5.303947716973593,33.63881892043473
phantom,dropout,2,0.16229962697852607,1000,602316.6177338338,6.75425920671632e-08,1.1016919672088493e-05,5.30431767303709,33.638213091409604
phantom,dropout,2,0.16229962697852607,1500,602316.5712457953,4.6044107721334826e-09,0.0,5.304391449703946,33.63809228199183
phantom,scratch,0,0.1632220990019155,10,2459674.5932679456,0.03532865360820849,0.48687280997179644,75.01823633322117,10.627466613865586
phantom,scratch,0,0.1632220990019155,25,831305.4730513912,0.019957788160700093,0.14247896520227554,23.01313183184775,20.891289101681085
phantom,scratch,0,0.1632220990019155,50,612831.8320719223,0.002439865901701395,0.04647335805292068,10.273302290319137,27.896602261686777
phantom,scratch,0,0.1632220990019155,100,603326.7070120545,0.00028053181615660637,0.02630914291280034,8.204979606278144,29.849253489908136
phantom,scratch,0,0.1632220990019155,200,602775.2575847764,8.310593813954233e-05,0.013760217266189588,7.348190159156599,30.8071958764615
phantom,scratch,0,0.1632220990019155,300,602707.1351404886,3.6715686422779535e-05,0.008922180907318509,7.136826615738078,31.060700688652965
phantom,scratch,0,0.1632220990019155,500,602685.7459258428,1.4332639759004735e-05,0.004851807942806569,6.9728708269008255,31.262571210026884
phantom,scratch,0,0.1632220990019155,750,602681.2083667014,6.853779304311042e-06,0.002494658333867701,6.861759810094821,31.40209337093035
phantom,scratch,0,0.1632220990019155,1000,602680.0038521341,3.889895297327958e-06,0.0012155340334247334,6.797291235315065,31.484086048454788
phantom,scratch,0,0.1632220990019155,1500,602679.4107967867,1.442284930623883e-06,0.0,6.737084600638495,31.56136358827012
phantom,scratch,1,0.16330779312430688,10,2386231.477157085,0.03593245862185287,0.4649872279293745,71.48212593026224,11.046854403508883
phantom,scratch,1,0.16330779312430688,25,791004.9552287386,0.01885981788664653,0.1469063132190604,23.42713802583418,20.736418882839956
phantom,scratch,1,0.16330779312430688,50,615082.7543552853,0.003019932878487473,0.056336696136377505,10.999285657769427,27.30351398726501
phantom,scratch,1,0.16330779312430688,100,602281.7732757434,0.00045216860357964197,0.024002424171389966,7.639213936241894,30.469830156316817
phantom,scratch,1,0.16330779312430688,200,601633.9043298973,8.100686254816121e-05,0.01324898512007384,6.919642540876348,31.329130408950437
phantom,scratch,1,0.16330779312430688,300,601588.357590045,3.482877279191839e-05,0.009241977358040663,6.719370314685773,31.584232081145913
phantom,scratch,1,0.16330779312430688,500,601567.996313056,1.5735735173283976e-05,0.004975930874568998,6.571339139517928,31.77772598417934
phantom,scratch,1,0.16330779312430688,750,601562.6008477671,7.2898880998539e-06,0.00239376443723442,6.528749545315884,31.834203436692704
phantom,scratch,1,0.16330779312430688,1000,601561.2936182121,3.756645804426194e-06,0.0011064332551458083,6.524291997115556,31.840135812392816
phantom,scratch,1,0.16330779312430688,1500,601560.7472009447,1.2788712979526678e-06,0.0,6.53074711207209,31.83154626774055
phantom,scratch,2,0.162828914205061,10,2439708.381122881,0.03580923684584016,0.49339050425040915,75.20659980323843,10.605684527601774
phantom,scratch,2,0.162828914205061,25,818142.6004991406,0.01879785077012817,0.18321839892762695,27.998884246405563,19.187989107037616
phantom,scratch,2,0.162828914205061,50,620075.3028681544,0.003382224393489629,0.09208805942024137,14.790772330725302,24.730986565232463
phantom,scratch,2,0.162828914205061,100,602360.3574591851,0.0010639429761431904,0.03509667713543325,8.296900705670582,29.752485755839707
phantom,scratch,2,0.162828914205061,200,600502.3221136349,0.00021262719319202868,0.01604135338654535,8.19594050103484,29.858827669649983
phantom,scratch,2,0.162828914205061,300,600407.691743241,5.252533831570846e-05,0.008974408089894796,8.556541056985411,29.48483883722085
phantom,scratch,2,0.162828914205061,500,600356.1875103348,1.583334435082752e-05,0.0033130175787755944,8.950172995766602,29.09417501324192
phantom,scratch,2,0.162828914205061,750,600352.0341614234,4.819762064569417e-06,0.001079094540176342,9.118468518696016,28.932365547660183
phantom,scratch,2,0.162828914205061,1000,600351.6195074415,1.6557674724819315e-06,0.00035125585522202967,9.172248231186998,28.881287615615385
phantom,scratch,2,0.162828914205061,1500,600351.4891212166,2.2314237008567412e-07,0.0,9.19670717842577,28.858156431811196
smooth,blocks16,0,0.1625970359915314,10,890537.7828593001,0.007126320820690966,0.3233901274607757,102.63175792849133,7.905168253013743
smooth,blocks16,0,0.1625970359915314,25,605228.1297833528,0.006572768361739465,0.2254071565043656,71.5449385241269,11.039225311835288
smooth,blocks16,0,0.1625970359915314,50,298676.19650633045,0.00541762247751231,0.0932056046621583,29.609799112773928,18.702094389977702
smooth,blocks16,0,0.1625970359915314,100,167918.81198650284,0.001280605031628075,0.005850452673819886,1.9064145784311282,42.526456600299845
smooth,blocks16,0,0.1625970359915314,200,163092.49057812532,4.453653364611911e-05,0.00029103340880276665,0.5191793102867179,53.824456065627395
smooth,blocks16,0,0.1625970359915314,300,163057.8963501574,5.72374930724771e-06,4.4269233458644776e-05,0.5123738530567044,53.93906442543564
smooth,blocks16,0,0.1625970359915314,500,163056.78186114354,3.7219129220107464e-07,5.641194308093125e-06,0.512238479507909,53.941359614892605
smooth,blocks16,0,0.1625970359915314,750,163056.7172445797,3.714581087840164e-08,1.6588293749938773e-06,0.5122201111457697,53.94167108783616
smooth,blocks16,0,0.1625970359915314,1000,163056.70839995763,1.0812002358938857e-08,1.160187770481882e-06,0.5122217495554217,53.94164330481408
smooth,blocks16,0,0.1625970359915314,1500,163056.69126971424,6.908634862223369e-09,0.0,0.5122079797793039,53.94187680595579
smooth,blocks16,1,0.1625970359915314,10,887210.2745543029,0.007120141016681049,0.32025671206098144,101.62651975475926,7.990662544155295
smooth,blocks16,1,0.1625970359915314,25,598523.3235561594,0.0066287531906109205,0.22147145021467515,70.28403086963431,11.193670392214106
smooth,blocks16,1,0.1625970359915314,50,287485.02513897326,0.0055115567833769145,0.08878632188041663,28.20810954387753,19.123323978569374
smooth,blocks16,1,0.1625970359915314,100,167517.92696919222,0.0012056983320187255,0.005668889362732981,1.835371198086539,42.85632536522712
smooth,blocks16,1,0.1625970359915314,200,163079.22285329917,4.079563889000361e-05,0.00030916302249867745,0.5034487707696675,54.0916979124346
smooth,blocks16,1,0.1625970359915314,300,163048.11833033315,6.004138472717666e-06,3.87076393196453e-05,0.4989140218339991,54.170289412053904
smooth,blocks16,1,0.1625970359915314,500,163047.12041181428,4.021546213826264e-07,5.259189039492757e-06,0.4989182633431977,54.17021556942254
smooth,blocks16,1,0.1625970359915314,750,163047.03163551772,3.093762810188812e-08,1.4127854848473859e-06,0.498950976006905,54.169646078800675
smooth,blocks16,1,0.1625970359915314,1000,163047.01951399184,7.539599191028771e-09,1.1398300323613432e-06,0.49895510355166933,54.169574225549084
smooth,blocks16,1,0.1625970359915314,1500,163046.99750160577,1.5168779284492712e-09,0.0,0.4989494529307893,54.16967259301124
smooth,blocks16,2,0.1625970359915314,10,878416.1811406786,0.007123557099372037,0.318691677162654,101.1079766276134,8.035095221151117
smooth,blocks16,2,0.1625970359915314,25,593395.8557978214,0.006580702897635412,0.22064076517186768,70.0049048959395,11.228234209932852
smooth,blocks16,2,0.1625970359915314,50,291823.9180458615,0.0053647414675593065,0.08809487107761046,27.96774213368189,19.19765547428636
smooth,blocks16,2,0.1625970359915314,100,167420.8687155399,0.0010710096643742593,0.005629003288622278,1.818035049669478,42.938758575170084
smooth,blocks16,2,0.1625970359915314,200,163058.8162429942,3.8198866904279376e-05,0.00025272171480139334,0.5477478524752255,53.359189938245606
smooth,blocks16,2,0.1625970359915314,300,163027.62956989423,4.994614944803034e-06,4.220806792726389e-05,0.5412858306083798,53.462270436861026
smooth,blocks16,2,0.1625970359915314,500,163026.0371930126,5.47276221913051e-07,4.921512778588486e-06,0.5409372460089669,53.467865895930714
smooth,blocks16,2,0.1625970359915314,750,163025.8921707389,6.580966974564024e-08,1.3702537596272973e-06,0.5408746596771316,53.46887090977632
smooth,blocks16,2,0.1625970359915314,1000,163025.8663698102,1.7408008376203928e-08,5.684807923923607e-07,0.5408633115847181,53.469053150357546
smooth,blocks16,2,0.1625970359915314,1500,163025.8484927695,6.893368268804712e-10,0.0,0.5408508219961394,53.46925372680313
smooth,blocks32,0,0.1600161306583325,10,591172.2503220835,0.003936223482072797,0.38690730994114314,123.43121493923068,6.302303532798716
smooth,blocks32,0,0.1600161306583325,25,518338.29657761654,0.0035718467906126223,0.3336755544468573,106.46560770279635,7.586616861096824
smooth,blocks32,0,0.1600161306583325,50,395998.15016412333,0.0033753348884864266,0.25140076493052954,80.24904789463167,10.042005839243233
smooth,blocks32,0,0.1600161306583325,100,238693.92796948084,0.0027193076988071933,0.11573595527478574,37.04556348227886,16.756079508408934
smooth,blocks32,0,0.1600161306583325,200,164748.59619606967,0.0006747860819331967,0.005407285378992769,2.412766727342412,40.480496904653606
smooth,blocks32,0,0.1600161306583325,300,162863.68743607152,6.290412794786776e-05,0.00099856704750152,1.6431764396459767,43.81711962359922
smooth,blocks32,0,0.1600161306583325,500,162775.82732016183,5.312814031774926e-06,9.278496095162711e-05,1.6241136370155262,43.91847534946515
smooth,blocks32,0,0.1600161306583325,750,162774.23048875554,8.163674311908006e-07,9.1176355021671e-06,1.6259248245668456,43.90879437060959
smooth,blocks32,0,0.1600161306583325,1000,162774.14251980203,7.90742268269423e-08,1.9673517458579213e-06,1.626180437506749,43.90742896228992
smooth,blocks32,0,0.1600161306583325,1500,162774.103197109,3.0921810052732826e-08,0.0,1.6262530310483188,43.907041228307534
smooth,blocks32,1,0.1600161306583325,10,548210.0471071716,0.003937886083080376,0.3538149181969556,112.12852049809737,7.136481772560095
smooth,blocks32,1,0.1600161306583325,25,476655.4233634043,0.003571959835882301,0.3000200257622517,95.04322655833684,8.572380179527759
smooth,blocks32,1,0.1600161306583325,50,353545.954366651,0.0034080433368198367,0.21719790026120453,68.74880299876224,11.385500789340874
smooth,blocks32,1,0.1600161306583325,100,208299.10027264542,0.0025416649453059363,0.08622313466113987,27.38392791908603,19.380888749349115
smooth,blocks32,1,0.1600161306583325,200,163322.17061207353,0.0004284156391499246,0.003682712607631488,2.625108812611329,39.74785741012732
smooth,blocks32,1,0.1600161306583325,300,162546.548132013,4.076209800223049e-05,0.0004952862326765848,2.3565843751875737,40.68514373145628
smooth,blocks32,1,0.1600161306583325,500,162506.30678510337,4.438827092918658e-06,6.735046589811348e-05,2.345678770211885,40.72543286380052
smooth,blocks32,1,0.1600161306583325,750,162504.59563849928,6.139854171152339e-07,9.060577297545908e-06,2.34540504427906,40.72644651153751
smooth,blocks32,1,0.1600161306583325,1000,162504.37914462306,1.2321277739530328e-07,1.6197392022034203e-06,2.3453682335290478,40.72658283622991
smooth,blocks32,1,0.1600161306583325,1500,162504.32915472708,5.637291575911893e-09,0.0,2.3453653548922873,40.726593497044774
smooth,blocks32,2,0.1600161306583325,10,549850.0788692465,0.003937526207817118,0.35332350996562606,112.30721112370837,7.122650754030616
smooth,blocks32,2,0.1600161306583325,25,478323.7157419947,0.0035728696920461866,0.299651621944843,95.23764853919836,8.554630329935263
smooth,blocks32,2,0.1600161306583325,50,357710.9726449768,0.003364599770308611,0.2168770040245897,68.93597752211505,11.361884842127616
smooth,blocks32,2,0.1600161306583325,100,211134.55403791578,0.0026109865167123747,0.08141186084226072,25.93418719191949,19.853350783869054
smooth,blocks32,2,0.1600161306583325,200,162968.31976078867,0.00045961452214375413,0.002645902405429813,2.2108837877695917,41.23948530759624
smooth,blocks32,2,0.1600161306583325,300,162521.3748917086,3.9471411373930765e-05,0.0006189401421271064,2.043379540653848,41.92382279484997
smooth,blocks32,2,0.1600161306583325,500,162486.31360415573,3.2741726943181547e-06,8.502665841553964e-05,2.049360339442758,41.89843706464096
smooth,blocks32,2,0.1600161306583325,750,162484.16403713828,6.425371865139839e-07,1.0598505696541265e-05,2.0500565695371766,41.89548670464819
smooth,blocks32,2,0.1600161306583325,1000,162484.0338327502,8.26137483531382e-08,1.763078878572551e-06,2.0500277989091367,41.895608603847094
smooth,blocks32,2,0.1600161306583325,1500,162483.95616630625,2.150901661587872e-08,0.0,2.0499884131620005,41.8957754813594
smooth,blocks64,0,0.16517794132473032,10,392034.69223066827,0.002543419882650535,0.4450892241015992,137.61367464340185,5.357571772681715
smooth,blocks64,0,0.16517794132473032,25,374953.5766422522,0.0020737417468643347,0.4168026741819496,128.82523802656746,5.930784537341632
smooth,blocks64,0,0.16517794132473032,50,345751.6213992195,0.0018730556411340766,0.37095898952133133,114.64167400721402,6.943953227887803
smooth,blocks64,0,0.16517794132473032,100,279866.2547275274,0.00174915785147137,0.2854686181191878,88.17516151994776,9.223878330993683
smooth,blocks64,0,0.16517794132473032,200,204143.37694639133,0.001325933931417863,0.14002526115102606,43.12536464880544,15.436148002741998
smooth,blocks64,0,0.16517794132473032,300,168256.30876959176,0.0008569549100701822,0.04004108718111016,12.219025450290255,26.39007222121782
smooth,blocks64,0,0.16517794132473032,500,162414.61593185857,3.50163085084788e-05,0.000640603840778657,4.861461497933845,34.395466597628214
smooth,blocks64,0,0.16517794132473032,750,162407.68868503007,1.5042815071869917e-06,2.9302145257106912e-05,4.891623764456898,34.34174268433725
smooth,blocks64,0,0.16517794132473032,1000,162407.66835758754,1.5188770700479798e-07,4.67335320391878e-06,4.893759895538907,34.33795045711956
smooth,blocks64,0,0.16517794132473032,1500,162407.62100080494,1.5700052834139563e-09,0.0,4.89384687365795,34.33779608182419
smooth,blocks64,1,0.16517794132473032,10,344584.73104226636,0.0025695937611535766,0.36556934075728315,111.1743782173246,7.210709425084035
smooth,blocks64,1,0.16517794132473032,25,327953.20821978437,0.0021054213979930588,0.3373254986928246,102.53033949926984,7.913755700366668
smooth,blocks64,1,0.16517794132473032,50,299740.7728269859,0.0018931297432004204,0.2918707222152786,88.78251164643399,9.164255068657091
smooth,blocks64,1,0.16517794132473032,100,237948.40677136235,0.0017025916728744578,0.2091737789610476,63.601948694862834,12.06139516537726
smooth,blocks64,1,0.16517794132473032,200,171682.73427340997,0.0011955320023631956,0.07954745656962504,24.074168254764636,20.499777778817013
smooth,blocks64,1,0.16517794132473032,300,161461.48485052414,0.00037760040313603943,0.02742021256313387,11.078573914592324,27.241126416866607
smooth,blocks64,1,0.16517794132473032,500,159241.4443180212,2.0333894376435566e-05,0.000802642150437038,9.031443034302178,29.01566066937445
smooth,blocks64,1,0.16517794132473032,750,159203.93113223507,2.71745624589552e-06,7.178111531488134e-05,9.115282643330167,28.935400815813633
smooth,blocks64,1,0.16517794132473032,1000,159197.19468254666,5.442153065329349e-07,2.896497694598441e-05,9.118634204041394,28.932207723838438
smooth,blocks64,1,0.16517794132473032,1500,159196.31514412296,5.467611544486761e-08,0.0,9.11812396307919,28.932693763807503
smooth,blocks64,2,0.16517794132473032,10,364055.66855422576,0.002544100891854581,0.398301060856017,121.20064576075758,6.460704933264098
smooth,blocks64,2,0.16517794132473032,25,347118.36021315824,0.0020840316093145204,0.3693215155336424,112.2416311195539,7.127724222137191
smooth,blocks64,2,0.16517794132473032,50,318477.24504968035,0.001874885314216013,0.3223156408331689,97.80447451655608,8.323629127774279
smooth,blocks64,2,0.16517794132473032,100,253238.0449538857,0.0017478906650525588,0.2341790663015094,70.65971557265871,11.14736591004065
smooth,blocks64,2,0.16517794132473032,200,176996.715460318,0.0012997653849986387,0.09155427669654911,27.453782145023567,19.358759946934967
smooth,blocks64,2,0.16517794132473032,300,162205.7433524578,0.00046641125516615325,0.02845634088770037,10.361050031370377,27.822728192151985
smooth,blocks64,2,0.16517794132473032,500,159801.7547581436,1.4372914996093152e-05,0.0009495423950492742,8.67644034533772,29.36397190574253
smooth,blocks64,2,0.16517794132473032,750,159787.09888077405,1.405591382351819e-06,0.0003457127175486371,8.688353122059487,29.35205433467378
smooth,blocks64,2,0.16517794132473032,1000,159784.4315034074,1.1976909893715184e-06,0.00015350422790564694,8.68038447964363,29.36002437314553
smooth,blocks64,2,0.16517794132473032,1500,159783.88330956906,1.823894998884291e-07,0.0,8.680180057596418,29.360228927247213
smooth,blocks8,0,0.16227442282488155,10,1085389.5195339816,0.012735804032391345,0.21982020792303864,69.90037107500054,11.241213983494418
smooth,blocks8,0,0.16227442282488155,25,389325.69532404654,0.009984608696015078,0.07320537248644551,23.287150835052845,20.788476484879034
smooth,blocks8,0,0.16227442282488155,50,173018.59851169845,0.0019300765290029566,0.005259775709397267,1.6696409952437603,43.678341617411675
smooth,blocks8,0,0.16227442282488155,100,163265.91124528245,6.383193363231064e-05,0.0003290007934428772,0.1793119102246417,63.05862086561711
smooth,blocks8,0,0.16227442282488155,200,163149.21071314046,5.3438791392838395e-06,4.295184510621701e-05,0.1491659750174364,64.657408184466
smooth,blocks8,0,0.16227442282488155,300,163146.17529704937,6.028296907708636e-07,1.5119659664086216e-05,0.14868492781833553,64.68546468169501
smooth,blocks8,0,0.16227442282488155,500,163145.7201121444,1.406965287187327e-07,4.112373301822755e-06,0.14872176514016072,64.68331298221314
smooth,blocks8,0,0.16227442282488155,750,163145.6732475937,2.0808039342542423e-08,1.3585242735169392e-06,0.14873462355207034,64.68256203685723
smooth,blocks8,0,0.16227442282488155,1000,163145.64721786528,6.114862760475317e-09,5.253812902479139e-07,0.14874203586645193,64.68212917906718
smooth,blocks8,0,0.16227442282488155,1500,163145.6315105493,6.631031868590263e-10,0.0,0.14874411526788767,64.68200775189273
smooth,blocks8,1,0.16227442282488155,10,1055964.5202304146,0.012668797694925089,0.21392246978742036,68.02145238248364,11.477885595126613
smooth,blocks8,1,0.16227442282488155,25,374235.66719514085,0.009816965701239836,0.06957429603789513,22.13589790675369,21.22886074622697
smooth,blocks8,1,0.16227442282488155,50,172498.02762073986,0.0018415871301932537,0.005065585687267474,1.6129172646905565,43.978561796050464
smooth,blocks8,1,0.16227442282488155,100,163250.59374819507,6.16529848464983e-05,0.0003099266222370323,0.18591781634771637,62.74438341186964
smooth,blocks8,1,0.16227442282488155,200,163139.81249586307,5.737361874968229e-06,4.4342121912309434e-05,0.16014866452843093,64.04033717957226
smooth,blocks8,1,0.16227442282488155,300,163136.16883693886,6.133808056247989e-07,1.507028121636564e-05,0.15951795644521846,64.07461206192653
smooth,blocks8,1,0.16227442282488155,500,163135.68601579207,1.430899649249061e-07,3.810988568249027e-06,0.15952368648237747,64.07430006208892
smooth,blocks8,1,0.16227442282488155,750,163135.65167729664,2.0674041006455516e-08,9.516467106409526e-07,0.15954484202998348,64.07314824211555
smooth,blocks8,1,0.16227442282488155,1000,163135.64664043087,1.0742259119039358e-08,3.054903955508972e-07,0.1595492679573921,64.07290729052279
smooth,blocks8,1,0.16227442282488155,1500,163135.64536072852,4.2142467727660104e-10,0.0,0.1595502306257643,64.07285488284886
smooth,blocks8,2,0.16227442282488155,10,1053237.027206128,0.012702131393438947,0.21472799504521498,68.27801953593178,11.445185298047317
smooth,blocks8,2,0.16227442282488155,25,380949.97464706027,0.009683056107148463,0.07072538261579975,22.500260331471942,21.08705274879171
smooth,blocks8,2,0.16227442282488155,50,172953.14445649815,0.0018250373565166355,0.005220936420720005,1.6590564263846257,43.733580466242046
smooth,blocks8,2,0.16227442282488155,100,163247.48652788956,5.956396049481331e-05,0.000311677118214544,0.18700457074721338,62.69375917569954
smooth,blocks8,2,0.16227442282488155,200,163145.10470768227,5.635267194578549e-06,4.351986101383933e-05,0.16017121984114208,64.03911394638041
smooth,blocks8,2,0.16227442282488155,300,163141.78972029482,6.384619973396062e-07,1.574604229261645e-05,0.1597463777331141,64.0621832233512
smooth,blocks8,2,0.16227442282488155,500,163141.1470308054,1.6955991757771306e-07,4.2346265177702355e-06,0.15978746035700264,64.05994972506986
smooth,blocks8,2,0.16227442282488155,750,163141.0422658907,5.306386229811118e-08,1.121308713340027e-06,0.15981642199066143,64.05837554172427
smooth,blocks8,2,0.16227442282488155,1000,163141.03151833982,5.976217974285685e-09,5.202620157842304e-07,0.1598201628202514,64.05817223312621
smooth,blocks8,2,0.16227442282488155,1500,163141.01705438746,5.208659285585253e-10,0.0,0.1598192733034289,64.05822057662877
smooth,canonical,0,0.16232483113217058,10,687696.9962160434,0.011004365166183357,0.24995201228946476,79.30407318523555,10.144893729554664
smooth,canonical,0,0.16232483113217058,25,350136.7406561554,0.004861273706335806,0.191959285199548,60.8792148944168,12.441422746970517
smooth,canonical,0,0.16232483113217058,50,250032.3346831879,0.0029077023948440002,0.1263618535698474,40.04237410443902,16.08040723258791
smooth,canonical,0,0.16232483113217058,100,177855.20940833152,0.0013947455590843612,0.0453578401559015,14.295136126042852,25.027037702650965
smooth,canonical,0,0.16232483113217058,200,163647.3473509987,0.00018371356424644713,0.0033516957820404415,1.5920504657624857,44.0916670057868
smooth,canonical,0,0.16232483113217058,300,163055.4974638799,3.789268442350592e-05,0.0004851982579286521,1.1152501501446257,47.18335780103631
smooth,canonical,0,0.16232483113217058,500,163028.25314439097,3.2571831505903904e-06,9.592600634190458e-05,1.0814135534508107,47.450967442188976
smooth,canonical,0,0.16232483113217058,750,163027.28976365153,4.991252533177388e-07,7.873329738706087e-06,1.0900609868400257,47.38178767725836
smooth,canonical,0,0.16232483113217058,1000,163027.15993194605,4.995668537216448e-08,2.914942023295174e-06,1.089862337209434,47.38337071346308
smooth,canonical,0,0.16232483113217058,1500,163027.10299470962,8.651546258436199e-09,0.0,1.0899388752248689,47.38276074889231
smooth,dropout,0,0.16229962697852607,10,200555.00004069298,0.003858619214415102,0.005067657690229336,1.6129230145629385,43.97853083186586
smooth,dropout,0,0.16229962697852607,25,164173.84914960794,0.0002868922352197192,0.0005581538815115918,0.18132146156344564,62.96181938700598
smooth,dropout,0,0.16229962697852607,50,163428.88119386468,7.402864354377485e-05,0.00021305758198063472,0.07340807508055519,70.81592688718837
smooth,dropout,0,0.16229962697852607,100,163227.94212305913,1.8405062230975243e-05,8.236878231060232e-05,0.037248723986508636,76.70857561067605
smooth,dropout,0,0.16229962697852607,200,163162.18279856737,1.9651135534786583e-06,1.662490956345309e-05,0.025807562767723422,79.89586376306157
smooth,dropout,0,0.16229962697852607,300,163158.3216873541,5.831478794547302e-07,7.5831388005316635e-06,0.024936370188366037,80.19413887754526
smooth,dropout,0,0.16229962697852607,500,163156.92922891423,7.084627766039144e-08,2.58000267209525e-06,0.024612300828893437,80.30775931464339
smooth,dropout,0,0.16229962697852607,750,163156.56967818236,1.665542506610877e-08,1.0824370982622205e-06,0.024539630761260884,80.3334431332419
smooth,dropout,0,0.16229962697852607,1000,163156.44838195262,1.3664372945956665e-08,7.366090282727083e-07,0.02452817231894143,80.33749983686309
smooth,dropout,0,0.16229962697852607,1500,163156.32544213434,2.969622620322733e-09,0.0,0.02450635473304119,80.34522929474502
smooth,dropout,1,0.16229962697852607,10,202077.41592500889,0.0036827822717154473,0.005043646719599373,1.6051274382949954,44.02061323459441
smooth,dropout,1,0.16229962697852607,25,164188.44851952756,0.0002836594462263552,0.000557464603312796,0.18110414231915398,62.97223593141207
smooth,dropout,1,0.16229962697852607,50,163433.98633596284,7.46864169326742e-05,0.00021560534772353153,0.07423459936199385,70.71867622824539
smooth,dropout,1,0.16229962697852607,100,163227.94880250024,1.8805034549005774e-05,8.282323503488363e-05,0.0372904557337757,76.6988497888895
smooth,dropout,1,0.16229962697852607,200,163161.8550199546,2.1148722013301143e-06,1.682531079120825e-05,0.025697574819653044,79.93296082465247
smooth,dropout,1,0.16229962697852607,300,163158.25222263794,7.533130058789933e-07,8.053960063042435e-06,0.024938207189186445,80.1934990330699
smooth,dropout,1,0.16229962697852607,500,163156.6850040354,1.4847534439046968e-07,2.6227150290064172e-06,0.02460058701089096,80.31189420437644
smooth,dropout,1,0.16229962697852607,750,163156.30931652116,2.8305203165479135e-08,1.0637777591023756e-06,0.024559391727130283,80.32645148374453
smooth,dropout,1,0.16229962697852607,1000,163156.18782433227,2.8972310096217275e-09,5.003525274245731e-07,0.024537255097158133,80.3342840487103
smooth,dropout,1,0.16229962697852607,1500,163156.1065307461,5.364729509042135e-10,0.0,0.024536109968634652,80.33468941972835
smooth,dropout,2,0.16229962697852607,10,201656.97544286257,0.0038414208674101857,0.005137572925460805,1.635507862317817,43.85775088399549
smooth,dropout,2,0.16229962697852607,25,164172.3581055944,0.0002844691434603233,0.0005571621637873569,0.18117965993871066,62.96861480502105
smooth,dropout,2,0.16229962697852607,50,163441.9206226906,7.499819414149001e-05,0.00021681926176346893,0.07434878545583731,70.7053260409981
smooth,dropout,2,0.16229962697852607,100,163227.71512521556,1.8339522992141448e-05,8.201471688785037e-05,0.037380969119889966,76.6777924789707
smooth,dropout,2,0.16229962697852607,200,163162.20355951693,1.9578345141405526e-06,1.618159508438711e-05,0.026518272386103447,79.6598990644178
smooth,dropout,2,0.16229962697852607,300,163158.92726032864,6.628330051642129e-07,7.512196024420905e-06,0.02570531542639135,79.9303448606066
smooth,dropout,2,0.16229962697852607,500,163157.5846898105,1.569547361385285e-07,2.7912628491233315e-06,0.025412972903344194,80.02969414081227
smooth,dropout,2,0.16229962697852607,750,163157.161585006,6.312156060302468e-08,9.944040663522273e-07,0.02534162968465019,80.05411280239308
smooth,dropout,2,0.16229962697852607,1000,163157.0401013177,6.845239622193819e-09,5.486215915322397e-07,0.02533220367937587,80.05734418383986
smooth,dropout,2,0.16229962697852607,1500,163156.9525244299,5.472589940382748e-10,0.0,0.02532167192956371,80.06095605427554
smooth,scratch,0,0.1632220990019155,10,713253.0282992917,0.01681599785767802,0.09262461792157255,29.38713823897187,18.767657690245688
smooth,scratch,0,0.1632220990019155,25,188881.95673201635,0.003941735519575071,0.01104027376212676,3.527428538026064,37.18163912531266
smooth,scratch,0,0.1632220990019155,50,163894.68859531634,0.00033203516248249155,0.0008982436483905106,0.3496892276628581,57.25715853118948
smooth,scratch,0,0.1632220990019155,100,163164.1320324399,3.322522642810481e-05,0.00017743187300996873,0.2134774150782206,61.54376489974696
smooth,scratch,0,0.1632220990019155,200,163085.264840648,2.988779662735865e-06,3.7425860689147145e-05,0.20237184568664882,62.00780175692758
smooth,scratch,0,0.1632220990019155,300,163080.34777235865,6.818945407776745e-07,1.7811142340996956e-05,0.20204078055137875,62.022022855299724
smooth,scratch,0,0.1632220990019155,500,163078.80147763368,2.289446643614324e-07,5.11526474320347e-06,0.20185984390413833,62.02980494702914
smooth,scratch,0,0.1632220990019155,750,163078.45022871808,5.5796347917117645e-08,2.936918350338904e-06,0.20161176781172263,62.040486054544665
smooth,scratch,0,0.1632220990019155,1000,163078.3340038785,4.6602861824815295e-08,1.3439025042191733e-06,0.20177192806855768,62.03358872873511
smooth,scratch,0,0.1632220990019155,1500,163078.23318739637,3.096290985557639e-08,0.0,0.20173440018536593,62.03520438147643
smooth,scratch,1,0.16330779312430688,10,696736.4055444245,0.016853738268414235,0.08874911186931785,28.173033851754536,19.134131266670146
smooth,scratch,1,0.16330779312430688,25,190086.56089716963,0.003459989257612661,0.011869416650434552,3.8092075123246114,36.514110965632355
smooth,scratch,1,0.16330779312430688,50,164063.4987037552,0.000408769193628332,0.0011530184899691263,0.4482962762341224,55.099500980267536
smooth,scratch,1,0.16330779312430688,100,163076.7295002223,5.371488507787654e-05,0.00020505323453842621,0.21029960033574374,61.67403466205169
smooth,scratch,1,0.16330779312430688,200,162981.42345940316,3.7479442210193652e-06,4.574659816555373e-05,0.19495044569132702,62.33231896069066
smooth,scratch,1,0.16330779312430688,300,162976.5874322263,8.882606530910476e-07,1.728848716895514e-05,0.19403951800134786,62.372999865522615
smooth,scratch,1,0.16330779312430688,500,162975.18690249496,3.439941231024031e-07,7.0390191296712144e-06,0.19334951484238985,62.40394187532931
smooth,scratch,1,0.16330779312430688,750,162974.77675227635,1.821591747096514e-07,3.4663600613630674e-06,0.1932853864927651,62.40682320741131
smooth,scratch,1,0.16330779312430688,1000,162974.6075812321,7.091565728588532e-08,1.5678460005786108e-06,0.19322459634088668,62.40955543466598
smooth,scratch,1,0.16330779312430688,1500,162974.4872650039,8.601450182931914e-09,0.0,0.19323564543268906,62.409058766798765
smooth,scratch,2,0.162828914205061,10,717398.8045480215,0.0170452825829874,0.1032782912928651,32.881294219195205,17.791825544948395
smooth,scratch,2,0.162828914205061,25,202542.88293213915,0.003793362471332235,0.03613692380098026,11.634919849762138,26.815535691077454
smooth,scratch,2,0.162828914205061,50,166628.98585959707,0.0008973677009328456,0.013525479292971107,4.473341089996028,35.118163325282254
smooth,scratch,2,0.162828914205061,100,163225.28843498882,0.00020703976730181305,0.0007814364511033875,0.4569995943396584,54.93248731739703
smooth,scratch,2,0.162828914205061,200,163027.03144637938,1.641258391704264e-05,0.0001454364444041391,0.31039554523542945,58.29249401504592
smooth,scratch,2,0.162828914205061,300,163013.60093708354,1.2245372938671868e-06,5.0673020391999566e-05,0.2710404676278098,59.47012084983434
smooth,scratch,2,0.162828914205061,500,163010.79631263405,6.185290142709447e-07,7.1602293798175634e-06,0.2796834753177374,59.19746745896228
smooth,scratch,2,0.162828914205061,750,163010.31956271295,9.930851546792335e-08,3.095769376463798e-06,0.27916450570441476,59.213599624544656
smooth,scratch,2,0.162828914205061,1000,163010.1816308599,8.932460105421346e-09,1.3027121072407422e-06,0.27893554114164404,59.220726522476554
smooth,scratch,2,0.162828914205061,1500,163010.05313614177,2.2901847100255484e-09,0.0,0.27890132246308386,59.22179213748086
