image,mask,seed,hole_frac,method,bin_lo,bin_hi,n,rmse
astronaut,blocks16,0,0.1625970359915314,biharmonic,0,1,7560,12.702926491102252
astronaut,blocks16,0,0.1625970359915314,biharmonic,1,2,6552,19.706150015550268
astronaut,blocks16,0,0.1625970359915314,biharmonic,2,4,10080,26.621956844093226
astronaut,blocks16,0,0.1625970359915314,biharmonic,4,8,8064,32.69347125031426
astronaut,blocks16,0,0.1625970359915314,harmonic,0,1,7560,15.276506678516592
astronaut,blocks16,0,0.1625970359915314,harmonic,1,2,6552,21.666383982869917
astronaut,blocks16,0,0.1625970359915314,harmonic,2,4,10080,27.361461356187533
astronaut,blocks16,0,0.1625970359915314,harmonic,4,8,8064,32.85236395637802
astronaut,blocks16,0,0.1625970359915314,tv_converged,0,1,7560,19.860788017481966
astronaut,blocks16,0,0.1625970359915314,tv_converged,1,2,6552,22.801350627626643
astronaut,blocks16,0,0.1625970359915314,tv_converged,2,4,10080,25.671463876590842
astronaut,blocks16,0,0.1625970359915314,tv_converged,4,8,8064,28.137881758029216
astronaut,blocks16,0,0.1625970359915314,tv_shipped,0,1,7560,19.728225098126366
astronaut,blocks16,0,0.1625970359915314,tv_shipped,1,2,6552,22.70673375432244
astronaut,blocks16,0,0.1625970359915314,tv_shipped,2,4,10080,25.790935221083824
astronaut,blocks16,0,0.1625970359915314,tv_shipped,4,8,8064,28.765438474146492
astronaut,blocks16,1,0.1625970359915314,biharmonic,0,1,7560,13.299303932954059
astronaut,blocks16,1,0.1625970359915314,biharmonic,1,2,6552,22.048781367770125
astronaut,blocks16,1,0.1625970359915314,biharmonic,2,4,10080,28.20527318741369
astronaut,blocks16,1,0.1625970359915314,biharmonic,4,8,8064,31.498286732530765
astronaut,blocks16,1,0.1625970359915314,harmonic,0,1,7560,15.426994899028314
astronaut,blocks16,1,0.1625970359915314,harmonic,1,2,6552,23.653946574935723
astronaut,blocks16,1,0.1625970359915314,harmonic,2,4,10080,29.263942815870386
astronaut,blocks16,1,0.1625970359915314,harmonic,4,8,8064,32.668661201078386
astronaut,blocks16,1,0.1625970359915314,tv_converged,0,1,7560,21.081458061723367
astronaut,blocks16,1,0.1625970359915314,tv_converged,1,2,6552,25.60283426022991
astronaut,blocks16,1,0.1625970359915314,tv_converged,2,4,10080,29.279879885109736
astronaut,blocks16,1,0.1625970359915314,tv_converged,4,8,8064,31.077842422864645
astronaut,blocks16,1,0.1625970359915314,tv_shipped,0,1,7560,21.689829788922005
astronaut,blocks16,1,0.1625970359915314,tv_shipped,1,2,6552,26.082872379639483
astronaut,blocks16,1,0.1625970359915314,tv_shipped,2,4,10080,29.66207956936475
astronaut,blocks16,1,0.1625970359915314,tv_shipped,4,8,8064,31.16059033192492
astronaut,blocks16,2,0.1625970359915314,biharmonic,0,1,7560,12.81618099369174
astronaut,blocks16,2,0.1625970359915314,biharmonic,1,2,6552,20.985048202419872
astronaut,blocks16,2,0.1625970359915314,biharmonic,2,4,10080,26.50636294721103
astronaut,blocks16,2,0.1625970359915314,biharmonic,4,8,8064,34.081326655997984
astronaut,blocks16,2,0.1625970359915314,harmonic,0,1,7560,14.806785183222685
astronaut,blocks16,2,0.1625970359915314,harmonic,1,2,6552,22.356972571163997
astronaut,blocks16,2,0.1625970359915314,harmonic,2,4,10080,27.21720126700074
astronaut,blocks16,2,0.1625970359915314,harmonic,4,8,8064,33.722883001675605
astronaut,blocks16,2,0.1625970359915314,tv_converged,0,1,7560,22.028145156938326
astronaut,blocks16,2,0.1625970359915314,tv_converged,1,2,6552,26.14697836582537
astronaut,blocks16,2,0.1625970359915314,tv_converged,2,4,10080,28.398506861889413
astronaut,blocks16,2,0.1625970359915314,tv_converged,4,8,8064,34.01614010329942
astronaut,blocks16,2,0.1625970359915314,tv_shipped,0,1,7560,21.79522961773705
astronaut,blocks16,2,0.1625970359915314,tv_shipped,1,2,6552,26.53443491872498
astronaut,blocks16,2,0.1625970359915314,tv_shipped,2,4,10080,28.979632952861724
astronaut,blocks16,2,0.1625970359915314,tv_shipped,4,8,8064,34.68481533747387
astronaut,blocks32,0,0.1600161306583325,biharmonic,0,1,3844,12.678535557542974
astronaut,blocks32,0,0.1600161306583325,biharmonic,1,2,3596,21.353581759831616
astronaut,blocks32,0,0.1600161306583325,biharmonic,2,4,6448,27.918219903781853
astronaut,blocks32,0,0.1600161306583325,biharmonic,4,8,9920,35.916967268222976
astronaut,blocks32,0,0.1600161306583325,biharmonic,8,16,7936,42.61488555266724
astronaut,blocks32,0,0.1600161306583325,harmonic,0,1,3844,15.312881253374128
astronaut,blocks32,0,0.1600161306583325,harmonic,1,2,3596,23.50561168369702
astronaut,blocks32,0,0.1600161306583325,harmonic,2,4,6448,29.782547934984457
astronaut,blocks32,0,0.1600161306583325,harmonic,4,8,9920,36.35069897069903
astronaut,blocks32,0,0.1600161306583325,harmonic,8,16,7936,43.34320201952102
astronaut,blocks32,0,0.1600161306583325,tv_converged,0,1,3844,25.2887010074271
astronaut,blocks32,0,0.1600161306583325,tv_converged,1,2,3596,29.598741752909312
astronaut,blocks32,0,0.1600161306583325,tv_converged,2,4,6448,35.180004645173874
astronaut,blocks32,0,0.1600161306583325,tv_converged,4,8,9920,42.13932682660661
astronaut,blocks32,0,0.1600161306583325,tv_converged,8,16,7936,49.52223041960438
astronaut,blocks32,0,0.1600161306583325,tv_shipped,0,1,3844,31.872216356351778
astronaut,blocks32,0,0.1600161306583325,tv_shipped,1,2,3596,37.27110608813125
astronaut,blocks32,0,0.1600161306583325,tv_shipped,2,4,6448,42.29416920000692
astronaut,blocks32,0,0.1600161306583325,tv_shipped,4,8,9920,45.67551823292972
astronaut,blocks32,0,0.1600161306583325,tv_shipped,8,16,7936,48.40526118242439
astronaut,blocks32,1,0.1600161306583325,biharmonic,0,1,3844,15.761601340941633
astronaut,blocks32,1,0.1600161306583325,biharmonic,1,2,3596,25.722246008827756
astronaut,blocks32,1,0.1600161306583325,biharmonic,2,4,6448,32.93807943726736
astronaut,blocks32,1,0.1600161306583325,biharmonic,4,8,9920,40.193572329168035
astronaut,blocks32,1,0.1600161306583325,biharmonic,8,16,7936,46.72440370635718
astronaut,blocks32,1,0.1600161306583325,harmonic,0,1,3844,21.114176987091508
astronaut,blocks32,1,0.1600161306583325,harmonic,1,2,3596,32.52538054650583
astronaut,blocks32,1,0.1600161306583325,harmonic,2,4,6448,41.03868933718304
astronaut,blocks32,1,0.1600161306583325,harmonic,4,8,9920,51.82274397427847
astronaut,blocks32,1,0.1600161306583325,harmonic,8,16,7936,64.38487145098038
astronaut,blocks32,1,0.1600161306583325,tv_converged,0,1,3844,40.300996883612086
astronaut,blocks32,1,0.1600161306583325,tv_converged,1,2,3596,47.542179968670325
astronaut,blocks32,1,0.1600161306583325,tv_converged,2,4,6448,54.0975642463166
astronaut,blocks32,1,0.1600161306583325,tv_converged,4,8,9920,64.76180116342258
astronaut,blocks32,1,0.1600161306583325,tv_converged,8,16,7936,79.90767533421473
astronaut,blocks32,1,0.1600161306583325,tv_shipped,0,1,3844,37.31321020700334
astronaut,blocks32,1,0.1600161306583325,tv_shipped,1,2,3596,44.829259591491976
astronaut,blocks32,1,0.1600161306583325,tv_shipped,2,4,6448,51.03937839645931
astronaut,blocks32,1,0.1600161306583325,tv_shipped,4,8,9920,58.41104663890506
astronaut,blocks32,1,0.1600161306583325,tv_shipped,8,16,7936,67.7185302256378
astronaut,blocks32,2,0.1600161306583325,biharmonic,0,1,3844,14.732737721069709
astronaut,blocks32,2,0.1600161306583325,biharmonic,1,2,3596,23.767768041103654
astronaut,blocks32,2,0.1600161306583325,biharmonic,2,4,6448,32.78561672362159
astronaut,blocks32,2,0.1600161306583325,biharmonic,4,8,9920,37.519694901455196
astronaut,blocks32,2,0.1600161306583325,biharmonic,8,16,7936,41.56617546848296
astronaut,blocks32,2,0.1600161306583325,harmonic,0,1,3844,16.384990988749177
astronaut,blocks32,2,0.1600161306583325,harmonic,1,2,3596,24.10137647997166
astronaut,blocks32,2,0.1600161306583325,harmonic,2,4,6448,31.223572277329588
astronaut,blocks32,2,0.1600161306583325,harmonic,4,8,9920,36.720654625276644
astronaut,blocks32,2,0.1600161306583325,harmonic,8,16,7936,42.70540832579773
astronaut,blocks32,2,0.1600161306583325,tv_converged,0,1,3844,26.178540138062093
astronaut,blocks32,2,0.1600161306583325,tv_converged,1,2,3596,29.221965699269262
astronaut,blocks32,2,0.1600161306583325,tv_converged,2,4,6448,31.85723530607121
astronaut,blocks32,2,0.1600161306583325,tv_converged,4,8,9920,36.59975855660615
astronaut,blocks32,2,0.1600161306583325,tv_converged,8,16,7936,42.07327862711263
astronaut,blocks32,2,0.1600161306583325,tv_shipped,0,1,3844,31.235276729031163
astronaut,blocks32,2,0.1600161306583325,tv_shipped,1,2,3596,35.62866308071315
astronaut,blocks32,2,0.1600161306583325,tv_shipped,2,4,6448,40.73983703536422
astronaut,blocks32,2,0.1600161306583325,tv_shipped,4,8,9920,45.069867255893875
astronaut,blocks32,2,0.1600161306583325,tv_shipped,8,16,7936,49.474602327121026
astronaut,blocks64,0,0.16517794132473032,biharmonic,0,1,2016,17.30990197218211
astronaut,blocks64,0,0.16517794132473032,biharmonic,1,2,1952,27.12543019916616
astronaut,blocks64,0,0.16517794132473032,biharmonic,2,4,3712,32.216667728465346
astronaut,blocks64,0,0.16517794132473032,biharmonic,4,8,6656,41.76065235489064
astronaut,blocks64,0,0.16517794132473032,biharmonic,8,16,10240,53.93560698896664
astronaut,blocks64,0,0.16517794132473032,biharmonic,16,32,8192,58.89281424420276
astronaut,blocks64,0,0.16517794132473032,harmonic,0,1,2016,19.112691941056895
astronaut,blocks64,0,0.16517794132473032,harmonic,1,2,1952,28.401810207592995
astronaut,blocks64,0,0.16517794132473032,harmonic,2,4,3712,32.80577638623866
astronaut,blocks64,0,0.16517794132473032,harmonic,4,8,6656,38.97702540075074
astronaut,blocks64,0,0.16517794132473032,harmonic,8,16,10240,43.5042504768764
astronaut,blocks64,0,0.16517794132473032,harmonic,16,32,8192,44.73673972984893
astronaut,blocks64,0,0.16517794132473032,tv_converged,0,1,2016,25.738074350835284
astronaut,blocks64,0,0.16517794132473032,tv_converged,1,2,1952,28.392855342143825
astronaut,blocks64,0,0.16517794132473032,tv_converged,2,4,3712,31.96186386269939
astronaut,blocks64,0,0.16517794132473032,tv_converged,4,8,6656,38.520748072390006
astronaut,blocks64,0,0.16517794132473032,tv_converged,8,16,10240,43.912802474422264
astronaut,blocks64,0,0.16517794132473032,tv_converged,16,32,8192,41.39757293691241
astronaut,blocks64,0,0.16517794132473032,tv_shipped,0,1,2016,67.06324134873637
astronaut,blocks64,0,0.16517794132473032,tv_shipped,1,2,1952,72.92701428592181
astronaut,blocks64,0,0.16517794132473032,tv_shipped,2,4,3712,76.96338796347278
astronaut,blocks64,0,0.16517794132473032,tv_shipped,4,8,6656,82.29447810351104
astronaut,blocks64,0,0.16517794132473032,tv_shipped,8,16,10240,82.23045375112805
astronaut,blocks64,0,0.16517794132473032,tv_shipped,16,32,8192,83.77381096281053
astronaut,blocks64,1,0.16517794132473032,biharmonic,0,1,2016,16.53930704323633
astronaut,blocks64,1,0.16517794132473032,biharmonic,1,2,1952,26.242668493464496
astronaut,blocks64,1,0.16517794132473032,biharmonic,2,4,3712,33.989409825090476
astronaut,blocks64,1,0.16517794132473032,biharmonic,4,8,6656,40.09266443645508
astronaut,blocks64,1,0.16517794132473032,biharmonic,8,16,10240,57.4554418886287
astronaut,blocks64,1,0.16517794132473032,biharmonic,16,32,8192,71.99628123127864
astronaut,blocks64,1,0.16517794132473032,harmonic,0,1,2016,18.192933354552817
astronaut,blocks64,1,0.16517794132473032,harmonic,1,2,1952,26.53731833336823
astronaut,blocks64,1,0.16517794132473032,harmonic,2,4,3712,32.452171995952654
astronaut,blocks64,1,0.16517794132473032,harmonic,4,8,6656,38.86800193326479
astronaut,blocks64,1,0.16517794132473032,harmonic,8,16,10240,50.8562494360299
astronaut,blocks64,1,0.16517794132473032,harmonic,16,32,8192,65.85039612470001
astronaut,blocks64,1,0.16517794132473032,tv_converged,0,1,2016,42.92551224447228
astronaut,blocks64,1,0.16517794132473032,tv_converged,1,2,1952,47.1131971282962
astronaut,blocks64,1,0.16517794132473032,tv_converged,2,4,3712,50.79798443729619
astronaut,blocks64,1,0.16517794132473032,tv_converged,4,8,6656,55.463805705367704
astronaut,blocks64,1,0.16517794132473032,tv_converged,8,16,10240,65.41368161230427
astronaut,blocks64,1,0.16517794132473032,tv_converged,16,32,8192,75.46870746453041
astronaut,blocks64,1,0.16517794132473032,tv_shipped,0,1,2016,72.69891749249796
astronaut,blocks64,1,0.16517794132473032,tv_shipped,1,2,1952,79.10596667322548
astronaut,blocks64,1,0.16517794132473032,tv_shipped,2,4,3712,84.34344561027827
astronaut,blocks64,1,0.16517794132473032,tv_shipped,4,8,6656,91.52319921686691
astronaut,blocks64,1,0.16517794132473032,tv_shipped,8,16,10240,92.04680414447552
astronaut,blocks64,1,0.16517794132473032,tv_shipped,16,32,8192,98.93649448558254
astronaut,blocks64,2,0.16517794132473032,biharmonic,0,1,2016,13.787234560793543
astronaut,blocks64,2,0.16517794132473032,biharmonic,1,2,1952,20.812155157000753
astronaut,blocks64,2,0.16517794132473032,biharmonic,2,4,3712,27.88991279633611
astronaut,blocks64,2,0.16517794132473032,biharmonic,4,8,6656,38.72651399536702
astronaut,blocks64,2,0.16517794132473032,biharmonic,8,16,10240,47.749428870307206
astronaut,blocks64,2,0.16517794132473032,biharmonic,16,32,8192,61.753669218357395
astronaut,blocks64,2,0.16517794132473032,harmonic,0,1,2016,17.71066015698648
astronaut,blocks64,2,0.16517794132473032,harmonic,1,2,1952,25.078954093318107
astronaut,blocks64,2,0.16517794132473032,harmonic,2,4,3712,30.8079604721368
astronaut,blocks64,2,0.16517794132473032,harmonic,4,8,6656,39.18280826551267
astronaut,blocks64,2,0.16517794132473032,harmonic,8,16,10240,48.06772959059852
astronaut,blocks64,2,0.16517794132473032,harmonic,16,32,8192,51.87463771968417
astronaut,blocks64,2,0.16517794132473032,tv_converged,0,1,2016,37.616223691962745
astronaut,blocks64,2,0.16517794132473032,tv_converged,1,2,1952,39.957552706363046
astronaut,blocks64,2,0.16517794132473032,tv_converged,2,4,3712,42.47590897144126
astronaut,blocks64,2,0.16517794132473032,tv_converged,4,8,6656,46.71278555315193
astronaut,blocks64,2,0.16517794132473032,tv_converged,8,16,10240,52.94527735582808
astronaut,blocks64,2,0.16517794132473032,tv_converged,16,32,8192,52.14945030038981
astronaut,blocks64,2,0.16517794132473032,tv_shipped,0,1,2016,54.8433497875586
astronaut,blocks64,2,0.16517794132473032,tv_shipped,1,2,1952,60.15009966252226
astronaut,blocks64,2,0.16517794132473032,tv_shipped,2,4,3712,65.343669722231
astronaut,blocks64,2,0.16517794132473032,tv_shipped,4,8,6656,71.12083525016402
astronaut,blocks64,2,0.16517794132473032,tv_shipped,8,16,10240,74.73668135203154
astronaut,blocks64,2,0.16517794132473032,tv_shipped,16,32,8192,72.8310226749774
astronaut,blocks8,0,0.16227442282488155,biharmonic,0,1,14084,12.282557937858568
astronaut,blocks8,0,0.16227442282488155,biharmonic,1,2,10060,17.158217502414328
astronaut,blocks8,0,0.16227442282488155,biharmonic,2,4,8048,20.01615771943958
astronaut,blocks8,0,0.16227442282488155,harmonic,0,1,14084,14.295050573871478
astronaut,blocks8,0,0.16227442282488155,harmonic,1,2,10060,18.778472002520267
astronaut,blocks8,0,0.16227442282488155,harmonic,2,4,8048,21.357811521495865
astronaut,blocks8,0,0.16227442282488155,tv_converged,0,1,14084,15.813854612331912
astronaut,blocks8,0,0.16227442282488155,tv_converged,1,2,10060,18.17906672988482
astronaut,blocks8,0,0.16227442282488155,tv_converged,2,4,8048,19.91684452149448
astronaut,blocks8,0,0.16227442282488155,tv_shipped,0,1,14084,15.811756338986331
astronaut,blocks8,0,0.16227442282488155,tv_shipped,1,2,10060,18.204205429130827
astronaut,blocks8,0,0.16227442282488155,tv_shipped,2,4,8048,20.00685035084285
astronaut,blocks8,1,0.16227442282488155,biharmonic,0,1,14084,12.559652107471148
astronaut,blocks8,1,0.16227442282488155,biharmonic,1,2,10060,19.789957654439885
astronaut,blocks8,1,0.16227442282488155,biharmonic,2,4,8048,22.61026416246757
astronaut,blocks8,1,0.16227442282488155,harmonic,0,1,14084,14.656743297218743
astronaut,blocks8,1,0.16227442282488155,harmonic,1,2,10060,21.182742310821908
astronaut,blocks8,1,0.16227442282488155,harmonic,2,4,8048,24.19932360729623
astronaut,blocks8,1,0.16227442282488155,tv_converged,0,1,14084,17.052081510816816
astronaut,blocks8,1,0.16227442282488155,tv_converged,1,2,10060,21.01775033071371
astronaut,blocks8,1,0.16227442282488155,tv_converged,2,4,8048,22.293525779976363
astronaut,blocks8,1,0.16227442282488155,tv_shipped,0,1,14084,17.014167155491066
astronaut,blocks8,1,0.16227442282488155,tv_shipped,1,2,10060,20.95166122600797
astronaut,blocks8,1,0.16227442282488155,tv_shipped,2,4,8048,22.134152990293053
astronaut,blocks8,2,0.16227442282488155,biharmonic,0,1,14084,11.73944817707953
astronaut,blocks8,2,0.16227442282488155,biharmonic,1,2,10060,18.082600956698617
astronaut,blocks8,2,0.16227442282488155,biharmonic,2,4,8048,21.21336485997588
astronaut,blocks8,2,0.16227442282488155,harmonic,0,1,14084,13.615498177594983
astronaut,blocks8,2,0.16227442282488155,harmonic,1,2,10060,19.720609771441502
astronaut,blocks8,2,0.16227442282488155,harmonic,2,4,8048,22.997738436147806
astronaut,blocks8,2,0.16227442282488155,tv_converged,0,1,14084,15.394319454869104
astronaut,blocks8,2,0.16227442282488155,tv_converged,1,2,10060,18.91608457621413
astronaut,blocks8,2,0.16227442282488155,tv_converged,2,4,8048,20.56698123190258
astronaut,blocks8,2,0.16227442282488155,tv_shipped,0,1,14084,15.353345988153771
astronaut,blocks8,2,0.16227442282488155,tv_shipped,1,2,10060,18.929766734811693
astronaut,blocks8,2,0.16227442282488155,tv_shipped,2,4,8048,20.459381405401633
astronaut,canonical,0,0.16232483113217058,biharmonic,0,1,14670,11.561451293528457
astronaut,canonical,0,0.16232483113217058,biharmonic,1,2,6769,15.50867849422236
astronaut,canonical,0,0.16232483113217058,biharmonic,2,4,3798,19.372834795143543
astronaut,canonical,0,0.16232483113217058,biharmonic,4,8,4807,28.259004675222716
astronaut,canonical,0,0.16232483113217058,biharmonic,8,16,2109,45.491462946069895
astronaut,canonical,0,0.16232483113217058,biharmonic,16,32,49,46.834948174586906
astronaut,canonical,0,0.16232483113217058,harmonic,0,1,14670,13.240805074349367
astronaut,canonical,0,0.16232483113217058,harmonic,1,2,6769,17.076427415598214
astronaut,canonical,0,0.16232483113217058,harmonic,2,4,3798,22.417885218007424
astronaut,canonical,0,0.16232483113217058,harmonic,4,8,4807,32.078084693501005
astronaut,canonical,0,0.16232483113217058,harmonic,8,16,2109,52.43388988419177
astronaut,canonical,0,0.16232483113217058,harmonic,16,32,49,51.45466360424338
astronaut,canonical,0,0.16232483113217058,tv_converged,0,1,14670,13.954353408647158
astronaut,canonical,0,0.16232483113217058,tv_converged,1,2,6769,17.611174450826148
astronaut,canonical,0,0.16232483113217058,tv_converged,2,4,3798,29.014762631056758
astronaut,canonical,0,0.16232483113217058,tv_converged,4,8,4807,40.01382140923291
astronaut,canonical,0,0.16232483113217058,tv_converged,8,16,2109,63.137860932402354
astronaut,canonical,0,0.16232483113217058,tv_converged,16,32,49,28.636260102172205
astronaut,canonical,0,0.16232483113217058,tv_shipped,0,1,14670,14.565702787880134
astronaut,canonical,0,0.16232483113217058,tv_shipped,1,2,6769,19.81426333485845
astronaut,canonical,0,0.16232483113217058,tv_shipped,2,4,3798,36.69279958027511
astronaut,canonical,0,0.16232483113217058,tv_shipped,4,8,4807,51.76733217732299
astronaut,canonical,0,0.16232483113217058,tv_shipped,8,16,2109,74.8224646334125
astronaut,canonical,0,0.16232483113217058,tv_shipped,16,32,49,32.96484944798724
astronaut,dropout,0,0.16229962697852607,biharmonic,0,1,32175,7.118759992154303
astronaut,dropout,0,0.16229962697852607,biharmonic,1,2,22,3.9575316907767544
astronaut,dropout,0,0.16229962697852607,harmonic,0,1,32175,8.441464660812933
astronaut,dropout,0,0.16229962697852607,harmonic,1,2,22,5.587606567796991
astronaut,dropout,0,0.16229962697852607,tv_converged,0,1,32175,7.73557232202732
astronaut,dropout,0,0.16229962697852607,tv_converged,1,2,22,9.015859225918588
astronaut,dropout,0,0.16229962697852607,tv_shipped,0,1,32175,7.73538792531551
astronaut,dropout,0,0.16229962697852607,tv_shipped,1,2,22,9.014005493394539
astronaut,dropout,1,0.16229962697852607,biharmonic,0,1,32181,6.962261545663739
astronaut,dropout,1,0.16229962697852607,biharmonic,1,2,16,7.18929629234618
astronaut,dropout,1,0.16229962697852607,harmonic,0,1,32181,8.259867467269405
astronaut,dropout,1,0.16229962697852607,harmonic,1,2,16,9.588388339725176
astronaut,dropout,1,0.16229962697852607,tv_converged,0,1,32181,7.563749899813497
astronaut,dropout,1,0.16229962697852607,tv_converged,1,2,16,8.436282826894105
astronaut,dropout,1,0.16229962697852607,tv_shipped,0,1,32181,7.558456248747207
astronaut,dropout,1,0.16229962697852607,tv_shipped,1,2,16,8.437154873315308
astronaut,dropout,2,0.16229962697852607,biharmonic,0,1,32177,7.199374035527138
astronaut,dropout,2,0.16229962697852607,biharmonic,1,2,20,5.526560215661837
astronaut,dropout,2,0.16229962697852607,harmonic,0,1,32177,8.476965772697275
astronaut,dropout,2,0.16229962697852607,harmonic,1,2,20,7.260205416551435
astronaut,dropout,2,0.16229962697852607,tv_converged,0,1,32177,7.859152709198298
astronaut,dropout,2,0.16229962697852607,tv_converged,1,2,20,8.334278647861023
astronaut,dropout,2,0.16229962697852607,tv_shipped,0,1,32177,7.8582762620624305
astronaut,dropout,2,0.16229962697852607,tv_shipped,1,2,20,8.333345386725668
astronaut,scratch,0,0.1632220990019155,biharmonic,0,1,24637,10.123666877255351
astronaut,scratch,0,0.1632220990019155,biharmonic,1,2,7328,12.75925312578186
astronaut,scratch,0,0.1632220990019155,biharmonic,2,4,414,16.63671196640713
astronaut,scratch,0,0.1632220990019155,biharmonic,4,8,1,0.0
astronaut,scratch,0,0.1632220990019155,harmonic,0,1,24637,11.992420245559115
astronaut,scratch,0,0.1632220990019155,harmonic,1,2,7328,14.830067134978027
astronaut,scratch,0,0.1632220990019155,harmonic,2,4,414,18.4811131461413
astronaut,scratch,0,0.1632220990019155,harmonic,4,8,1,1.4116277635141988e-10
astronaut,scratch,0,0.1632220990019155,tv_converged,0,1,24637,12.617591012042181
astronaut,scratch,0,0.1632220990019155,tv_converged,1,2,7328,14.815274605292188
astronaut,scratch,0,0.1632220990019155,tv_converged,2,4,414,18.40382014958225
astronaut,scratch,0,0.1632220990019155,tv_converged,4,8,1,2.3646369556748193e-10
astronaut,scratch,0,0.1632220990019155,tv_shipped,0,1,24637,12.59944353387163
astronaut,scratch,0,0.1632220990019155,tv_shipped,1,2,7328,14.824546540549107
astronaut,scratch,0,0.1632220990019155,tv_shipped,2,4,414,18.518888224309343
astronaut,scratch,0,0.1632220990019155,tv_shipped,4,8,1,0.0
astronaut,scratch,1,0.16330779312430688,biharmonic,0,1,24200,10.360351942620584
astronaut,scratch,1,0.16330779312430688,biharmonic,1,2,7703,12.719549152043752
astronaut,scratch,1,0.16330779312430688,biharmonic,2,4,486,26.03075507936019
astronaut,scratch,1,0.16330779312430688,biharmonic,4,8,8,4.058029043458451
astronaut,scratch,1,0.16330779312430688,harmonic,0,1,24200,12.307605361768324
astronaut,scratch,1,0.16330779312430688,harmonic,1,2,7703,15.088261764551845
astronaut,scratch,1,0.16330779312430688,harmonic,2,4,486,29.69780969427532
astronaut,scratch,1,0.16330779312430688,harmonic,4,8,8,12.401033551189235
astronaut,scratch,1,0.16330779312430688,tv_converged,0,1,24200,13.308494200595511
astronaut,scratch,1,0.16330779312430688,tv_converged,1,2,7703,14.986990442606826
astronaut,scratch,1,0.16330779312430688,tv_converged,2,4,486,31.71596524855557
astronaut,scratch,1,0.16330779312430688,tv_converged,4,8,8,7.371805421151379
astronaut,scratch,1,0.16330779312430688,tv_shipped,0,1,24200,13.321292220166221
astronaut,scratch,1,0.16330779312430688,tv_shipped,1,2,7703,15.034191726476978
astronaut,scratch,1,0.16330779312430688,tv_shipped,2,4,486,31.380199553835027
astronaut,scratch,1,0.16330779312430688,tv_shipped,4,8,8,7.368374933620496
astronaut,scratch,2,0.162828914205061,biharmonic,0,1,24586,11.206307291641101
astronaut,scratch,2,0.162828914205061,biharmonic,1,2,7052,14.580497033120341
astronaut,scratch,2,0.162828914205061,biharmonic,2,4,606,18.512856210248344
astronaut,scratch,2,0.162828914205061,biharmonic,4,8,56,6.925545974744418
astronaut,scratch,2,0.162828914205061,biharmonic,8,16,2,8.665013381733544
astronaut,scratch,2,0.162828914205061,harmonic,0,1,24586,12.981757582558508
astronaut,scratch,2,0.162828914205061,harmonic,1,2,7052,16.703831496307846
astronaut,scratch,2,0.162828914205061,harmonic,2,4,606,21.372714485569222
astronaut,scratch,2,0.162828914205061,harmonic,4,8,56,14.925204932369846
astronaut,scratch,2,0.162828914205061,harmonic,8,16,2,18.23566680967135
astronaut,scratch,2,0.162828914205061,tv_converged,0,1,24586,13.45894664376319
astronaut,scratch,2,0.162828914205061,tv_converged,1,2,7052,16.252186283287628
astronaut,scratch,2,0.162828914205061,tv_converged,2,4,606,20.225174365230533
astronaut,scratch,2,0.162828914205061,tv_converged,4,8,56,19.449092184278953
astronaut,scratch,2,0.162828914205061,tv_converged,8,16,2,23.015421259188095
astronaut,scratch,2,0.162828914205061,tv_shipped,0,1,24586,13.372831703759998
astronaut,scratch,2,0.162828914205061,tv_shipped,1,2,7052,16.233400047356472
astronaut,scratch,2,0.162828914205061,tv_shipped,2,4,606,20.364192008479847
astronaut,scratch,2,0.162828914205061,tv_shipped,4,8,56,19.743264953843152
astronaut,scratch,2,0.162828914205061,tv_shipped,8,16,2,23.328825869247087
camera,blocks16,0,0.1625970359915314,biharmonic,0,1,7560,13.850549927384565
camera,blocks16,0,0.1625970359915314,biharmonic,1,2,6552,17.74985784996841
camera,blocks16,0,0.1625970359915314,biharmonic,2,4,10080,21.055257795047645
camera,blocks16,0,0.1625970359915314,biharmonic,4,8,8064,24.393522617280688
camera,blocks16,0,0.1625970359915314,harmonic,0,1,7560,14.062255774082553
camera,blocks16,0,0.1625970359915314,harmonic,1,2,6552,18.14908394308656
camera,blocks16,0,0.1625970359915314,harmonic,2,4,10080,21.810054934055497
camera,blocks16,0,0.1625970359915314,harmonic,4,8,8064,24.369399261596126
camera,blocks16,0,0.1625970359915314,tv_converged,0,1,7560,17.940026202863947
camera,blocks16,0,0.1625970359915314,tv_converged,1,2,6552,19.846003425096566
camera,blocks16,0,0.1625970359915314,tv_converged,2,4,10080,20.781003222940758
camera,blocks16,0,0.1625970359915314,tv_converged,4,8,8064,21.126416720351063
camera,blocks16,0,0.1625970359915314,tv_shipped,0,1,7560,17.722317139069595
camera,blocks16,0,0.1625970359915314,tv_shipped,1,2,6552,19.950418929427524
camera,blocks16,0,0.1625970359915314,tv_shipped,2,4,10080,21.14089750609098
camera,blocks16,0,0.1625970359915314,tv_shipped,4,8,8064,21.612677684998673
camera,blocks16,1,0.1625970359915314,biharmonic,0,1,7560,13.55073859544259
camera,blocks16,1,0.1625970359915314,biharmonic,1,2,6552,18.652327465347838
camera,blocks16,1,0.1625970359915314,biharmonic,2,4,10080,25.55270519882511
camera,blocks16,1,0.1625970359915314,biharmonic,4,8,8064,30.462982163401133
camera,blocks16,1,0.1625970359915314,harmonic,0,1,7560,14.356819799305946
camera,blocks16,1,0.1625970359915314,harmonic,1,2,6552,18.459368058228563
camera,blocks16,1,0.1625970359915314,harmonic,2,4,10080,23.408062004429773
camera,blocks16,1,0.1625970359915314,harmonic,4,8,8064,27.44825875325188
camera,blocks16,1,0.1625970359915314,tv_converged,0,1,7560,18.962168624109804
camera,blocks16,1,0.1625970359915314,tv_converged,1,2,6552,20.697727337010434
camera,blocks16,1,0.1625970359915314,tv_converged,2,4,10080,23.136184670161438
camera,blocks16,1,0.1625970359915314,tv_converged,4,8,8064,25.886534154451958
camera,blocks16,1,0.1625970359915314,tv_shipped,0,1,7560,19.14828776555358
camera,blocks16,1,0.1625970359915314,tv_shipped,1,2,6552,21.243087689745987
camera,blocks16,1,0.1625970359915314,tv_shipped,2,4,10080,23.731730749947772
camera,blocks16,1,0.1625970359915314,tv_shipped,4,8,8064,26.32998388362181
camera,blocks16,2,0.1625970359915314,biharmonic,0,1,7560,13.377817377367078
camera,blocks16,2,0.1625970359915314,biharmonic,1,2,6552,19.42640643101137
camera,blocks16,2,0.1625970359915314,biharmonic,2,4,10080,23.893953318148167
camera,blocks16,2,0.1625970359915314,biharmonic,4,8,8064,26.002839480561093
camera,blocks16,2,0.1625970359915314,harmonic,0,1,7560,13.933733984734637
camera,blocks16,2,0.1625970359915314,harmonic,1,2,6552,19.56176849815512
camera,blocks16,2,0.1625970359915314,harmonic,2,4,10080,23.09719072829107
camera,blocks16,2,0.1625970359915314,harmonic,4,8,8064,24.780066639578116
camera,blocks16,2,0.1625970359915314,tv_converged,0,1,7560,16.883193349356528
camera,blocks16,2,0.1625970359915314,tv_converged,1,2,6552,20.53063434253197
camera,blocks16,2,0.1625970359915314,tv_converged,2,4,10080,23.511856469962776
camera,blocks16,2,0.1625970359915314,tv_converged,4,8,8064,23.58185095032611
camera,blocks16,2,0.1625970359915314,tv_shipped,0,1,7560,17.18262045409192
camera,blocks16,2,0.1625970359915314,tv_shipped,1,2,6552,20.95590244130897
camera,blocks16,2,0.1625970359915314,tv_shipped,2,4,10080,24.01543771558649
camera,blocks16,2,0.1625970359915314,tv_shipped,4,8,8064,25.0065750803493
camera,blocks32,0,0.1600161306583325,biharmonic,0,1,3844,16.384639444255253
camera,blocks32,0,0.1600161306583325,biharmonic,1,2,3596,23.47227204429079
camera,blocks32,0,0.1600161306583325,biharmonic,2,4,6448,30.232066127691233
camera,blocks32,0,0.1600161306583325,biharmonic,4,8,9920,36.01581301629444
camera,blocks32,0,0.1600161306583325,biharmonic,8,16,7936,41.208336708795265
camera,blocks32,0,0.1600161306583325,harmonic,0,1,3844,15.077322840779978
camera,blocks32,0,0.1600161306583325,harmonic,1,2,3596,20.197866815381456
camera,blocks32,0,0.1600161306583325,harmonic,2,4,6448,25.188270834331856
camera,blocks32,0,0.1600161306583325,harmonic,4,8,9920,28.218085457760004
camera,blocks32,0,0.1600161306583325,harmonic,8,16,7936,34.58174644694856
camera,blocks32,0,0.1600161306583325,tv_converged,0,1,3844,19.57305821280467
camera,blocks32,0,0.1600161306583325,tv_converged,1,2,3596,21.96435297174888
camera,blocks32,0,0.1600161306583325,tv_converged,2,4,6448,25.069110905608667
camera,blocks32,0,0.1600161306583325,tv_converged,4,8,9920,28.041954427914046
camera,blocks32,0,0.1600161306583325,tv_converged,8,16,7936,33.59350497777556
camera,blocks32,0,0.1600161306583325,tv_shipped,0,1,3844,21.464235095177802
camera,blocks32,0,0.1600161306583325,tv_shipped,1,2,3596,24.741316172795784
camera,blocks32,0,0.1600161306583325,tv_shipped,2,4,6448,28.47264331515079
camera,blocks32,0,0.1600161306583325,tv_shipped,4,8,9920,31.619797392066868
camera,blocks32,0,0.1600161306583325,tv_shipped,8,16,7936,38.28048127981381
camera,blocks32,1,0.1600161306583325,biharmonic,0,1,3844,17.506763356892627
camera,blocks32,1,0.1600161306583325,biharmonic,1,2,3596,23.699188640198262
camera,blocks32,1,0.1600161306583325,biharmonic,2,4,6448,30.40650518960405
camera,blocks32,1,0.1600161306583325,biharmonic,4,8,9920,40.30858363311867
camera,blocks32,1,0.1600161306583325,biharmonic,8,16,7936,48.97320774744393
camera,blocks32,1,0.1600161306583325,harmonic,0,1,3844,14.602318837692323
camera,blocks32,1,0.1600161306583325,harmonic,1,2,3596,20.318701999776586
camera,blocks32,1,0.1600161306583325,harmonic,2,4,6448,26.784438322967283
camera,blocks32,1,0.1600161306583325,harmonic,4,8,9920,32.55856388788927
camera,blocks32,1,0.1600161306583325,harmonic,8,16,7936,30.90697672208273
camera,blocks32,1,0.1600161306583325,tv_converged,0,1,3844,22.647164639359328
camera,blocks32,1,0.1600161306583325,tv_converged,1,2,3596,24.65292520731737
camera,blocks32,1,0.1600161306583325,tv_converged,2,4,6448,29.218972075712767
camera,blocks32,1,0.1600161306583325,tv_converged,4,8,9920,33.016630792534954
camera,blocks32,1,0.1600161306583325,tv_converged,8,16,7936,28.511746456659935
camera,blocks32,1,0.1600161306583325,tv_shipped,0,1,3844,23.033368153780973
camera,blocks32,1,0.1600161306583325,tv_shipped,1,2,3596,26.17225477307533
camera,blocks32,1,0.1600161306583325,tv_shipped,2,4,6448,30.87061665411789
camera,blocks32,1,0.1600161306583325,tv_shipped,4,8,9920,34.67278525683434
camera,blocks32,1,0.1600161306583325,tv_shipped,8,16,7936,33.02613424921989
camera,blocks32,2,0.1600161306583325,biharmonic,0,1,3844,17.195728955249084
camera,blocks32,2,0.1600161306583325,biharmonic,1,2,3596,23.05361892636311
camera,blocks32,2,0.1600161306583325,biharmonic,2,4,6448,29.03594867948826
camera,blocks32,2,0.1600161306583325,biharmonic,4,8,9920,36.16231682123394
camera,blocks32,2,0.1600161306583325,biharmonic,8,16,7936,44.41839462284078
camera,blocks32,2,0.1600161306583325,harmonic,0,1,3844,15.990630173655543
camera,blocks32,2,0.1600161306583325,harmonic,1,2,3596,21.4760299542151
camera,blocks32,2,0.1600161306583325,harmonic,2,4,6448,25.504362730474497
camera,blocks32,2,0.1600161306583325,harmonic,4,8,9920,29.067294476636995
camera,blocks32,2,0.1600161306583325,harmonic,8,16,7936,33.94860408961755
camera,blocks32,2,0.1600161306583325,tv_converged,0,1,3844,21.63786788843348
camera,blocks32,2,0.1600161306583325,tv_converged,1,2,3596,23.608389459265755
camera,blocks32,2,0.1600161306583325,tv_converged,2,4,6448,25.76764793446737
camera,blocks32,2,0.1600161306583325,tv_converged,4,8,9920,28.955703835074583
camera,blocks32,2,0.1600161306583325,tv_converged,8,16,7936,33.4338886258266
camera,blocks32,2,0.1600161306583325,tv_shipped,0,1,3844,24.278847482122575
camera,blocks32,2,0.1600161306583325,tv_shipped,1,2,3596,26.568603341209197
camera,blocks32,2,0.1600161306583325,tv_shipped,2,4,6448,28.234273159113663
camera,blocks32,2,0.1600161306583325,tv_shipped,4,8,9920,29.846458673674526
camera,blocks32,2,0.1600161306583325,tv_shipped,8,16,7936,34.771261459112374
camera,blocks64,0,0.16517794132473032,biharmonic,0,1,2016,12.152243757750782
camera,blocks64,0,0.16517794132473032,biharmonic,1,2,1952,19.41357548377801
camera,blocks64,0,0.16517794132473032,biharmonic,2,4,3712,27.950059432012978
camera,blocks64,0,0.16517794132473032,biharmonic,4,8,6656,33.413240561377165
camera,blocks64,0,0.16517794132473032,biharmonic,8,16,10240,33.54717889598203
camera,blocks64,0,0.16517794132473032,biharmonic,16,32,8192,35.07463604608827
camera,blocks64,0,0.16517794132473032,harmonic,0,1,2016,14.582743894321032
camera,blocks64,0,0.16517794132473032,harmonic,1,2,1952,21.162864696884284
camera,blocks64,0,0.16517794132473032,harmonic,2,4,3712,26.20691144600192
camera,blocks64,0,0.16517794132473032,harmonic,4,8,6656,28.220732672490946
camera,blocks64,0,0.16517794132473032,harmonic,8,16,10240,28.550770113125026
camera,blocks64,0,0.16517794132473032,harmonic,16,32,8192,29.09065852955143
camera,blocks64,0,0.16517794132473032,tv_converged,0,1,2016,22.233919195757505
camera,blocks64,0,0.16517794132473032,tv_converged,1,2,1952,22.610431264143923
camera,blocks64,0,0.16517794132473032,tv_converged,2,4,3712,22.14114396799875
camera,blocks64,0,0.16517794132473032,tv_converged,4,8,6656,22.33430489097087
camera,blocks64,0,0.16517794132473032,tv_converged,8,16,10240,24.811594554632677
camera,blocks64,0,0.16517794132473032,tv_converged,16,32,8192,30.754809033699516
camera,blocks64,0,0.16517794132473032,tv_shipped,0,1,2016,66.17109966584502
camera,blocks64,0,0.16517794132473032,tv_shipped,1,2,1952,71.19973322933497
camera,blocks64,0,0.16517794132473032,tv_shipped,2,4,3712,76.7460093775283
camera,blocks64,0,0.16517794132473032,tv_shipped,4,8,6656,82.86616695988866
camera,blocks64,0,0.16517794132473032,tv_shipped,8,16,10240,83.17315084839926
camera,blocks64,0,0.16517794132473032,tv_shipped,16,32,8192,79.98019616113623
camera,blocks64,1,0.16517794132473032,biharmonic,0,1,2016,12.5834096553658
camera,blocks64,1,0.16517794132473032,biharmonic,1,2,1952,20.75727101205519
camera,blocks64,1,0.16517794132473032,biharmonic,2,4,3712,27.408454699808175
camera,blocks64,1,0.16517794132473032,biharmonic,4,8,6656,34.04808360914998
camera,blocks64,1,0.16517794132473032,biharmonic,8,16,10240,41.99082604133494
camera,blocks64,1,0.16517794132473032,biharmonic,16,32,8192,42.7634906357187
camera,blocks64,1,0.16517794132473032,harmonic,0,1,2016,13.362822754388372
camera,blocks64,1,0.16517794132473032,harmonic,1,2,1952,22.395548141849083
camera,blocks64,1,0.16517794132473032,harmonic,2,4,3712,25.499065081771626
camera,blocks64,1,0.16517794132473032,harmonic,4,8,6656,31.657981115818686
camera,blocks64,1,0.16517794132473032,harmonic,8,16,10240,39.1350644900467
camera,blocks64,1,0.16517794132473032,harmonic,16,32,8192,41.19428827798325
camera,blocks64,1,0.16517794132473032,tv_converged,0,1,2016,25.121274998866717
camera,blocks64,1,0.16517794132473032,tv_converged,1,2,1952,26.42139485970188
camera,blocks64,1,0.16517794132473032,tv_converged,2,4,3712,28.14238889563976
camera,blocks64,1,0.16517794132473032,tv_converged,4,8,6656,30.948171552773825
camera,blocks64,1,0.16517794132473032,tv_converged,8,16,10240,37.971933100527636
camera,blocks64,1,0.16517794132473032,tv_converged,16,32,8192,39.39993018671896
camera,blocks64,1,0.16517794132473032,tv_shipped,0,1,2016,51.739371537644544
camera,blocks64,1,0.16517794132473032,tv_shipped,1,2,1952,58.28405088489213
camera,blocks64,1,0.16517794132473032,tv_shipped,2,4,3712,62.377901020370246
camera,blocks64,1,0.16517794132473032,tv_shipped,4,8,6656,66.96580883463496
camera,blocks64,1,0.16517794132473032,tv_shipped,8,16,10240,67.21052872942086
camera,blocks64,1,0.16517794132473032,tv_shipped,16,32,8192,66.52031438791217
camera,blocks64,2,0.16517794132473032,biharmonic,0,1,2016,12.478190182968959
camera,blocks64,2,0.16517794132473032,biharmonic,1,2,1952,18.165250810676174
camera,blocks64,2,0.16517794132473032,biharmonic,2,4,3712,23.59184936294478
camera,blocks64,2,0.16517794132473032,biharmonic,4,8,6656,30.75298330031974
camera,blocks64,2,0.16517794132473032,biharmonic,8,16,10240,37.41691548532694
camera,blocks64,2,0.16517794132473032,biharmonic,16,32,8192,37.33170524654676
camera,blocks64,2,0.16517794132473032,harmonic,0,1,2016,13.270056062784427
camera,blocks64,2,0.16517794132473032,harmonic,1,2,1952,18.97896185725584
camera,blocks64,2,0.16517794132473032,harmonic,2,4,3712,23.89300045043782
camera,blocks64,2,0.16517794132473032,harmonic,4,8,6656,27.789999915109988
camera,blocks64,2,0.16517794132473032,harmonic,8,16,10240,36.40297998397225
camera,blocks64,2,0.16517794132473032,harmonic,16,32,8192,45.859055809557134
camera,blocks64,2,0.16517794132473032,tv_converged,0,1,2016,28.633035627511525
camera,blocks64,2,0.16517794132473032,tv_converged,1,2,1952,30.24380877369375
camera,blocks64,2,0.16517794132473032,tv_converged,2,4,3712,31.933800027498034
camera,blocks64,2,0.16517794132473032,tv_converged,4,8,6656,33.10150547144649
camera,blocks64,2,0.16517794132473032,tv_converged,8,16,10240,38.0698461697796
camera,blocks64,2,0.16517794132473032,tv_converged,16,32,8192,40.18649253991122
camera,blocks64,2,0.16517794132473032,tv_shipped,0,1,2016,72.93528774374298
camera,blocks64,2,0.16517794132473032,tv_shipped,1,2,1952,78.46407129669805
camera,blocks64,2,0.16517794132473032,tv_shipped,2,4,3712,84.63749146421736
camera,blocks64,2,0.16517794132473032,tv_shipped,4,8,6656,90.22851893695345
camera,blocks64,2,0.16517794132473032,tv_shipped,8,16,10240,92.20784012431568
camera,blocks64,2,0.16517794132473032,tv_shipped,16,32,8192,95.99587429520841
camera,blocks8,0,0.16227442282488155,biharmonic,0,1,14084,12.840571239465175
camera,blocks8,0,0.16227442282488155,biharmonic,1,2,10060,18.34701968165424
camera,blocks8,0,0.16227442282488155,biharmonic,2,4,8048,21.119077040445223
camera,blocks8,0,0.16227442282488155,harmonic,0,1,14084,13.644898758909584
camera,blocks8,0,0.16227442282488155,harmonic,1,2,10060,18.99499466218583
camera,blocks8,0,0.16227442282488155,harmonic,2,4,8048,21.726002079686232
camera,blocks8,0,0.16227442282488155,tv_converged,0,1,14084,16.02514090122455
camera,blocks8,0,0.16227442282488155,tv_converged,1,2,10060,19.509527588327906
camera,blocks8,0,0.16227442282488155,tv_converged,2,4,8048,21.293667671396907
camera,blocks8,0,0.16227442282488155,tv_shipped,0,1,14084,16.033587287113388
camera,blocks8,0,0.16227442282488155,tv_shipped,1,2,10060,19.580225499885632
camera,blocks8,0,0.16227442282488155,tv_shipped,2,4,8048,21.41628415895687
camera,blocks8,1,0.16227442282488155,biharmonic,0,1,14084,12.174647612421756
camera,blocks8,1,0.16227442282488155,biharmonic,1,2,10060,18.274062441238964
camera,blocks8,1,0.16227442282488155,biharmonic,2,4,8048,21.249980803266624
camera,blocks8,1,0.16227442282488155,harmonic,0,1,14084,13.012481110043618
camera,blocks8,1,0.16227442282488155,harmonic,1,2,10060,18.579984802705894
camera,blocks8,1,0.16227442282488155,harmonic,2,4,8048,21.073317656437858
camera,blocks8,1,0.16227442282488155,tv_converged,0,1,14084,15.456768097667261
camera,blocks8,1,0.16227442282488155,tv_converged,1,2,10060,19.626776758700327
camera,blocks8,1,0.16227442282488155,tv_converged,2,4,8048,21.874533034911437
camera,blocks8,1,0.16227442282488155,tv_shipped,0,1,14084,15.430064030798226
camera,blocks8,1,0.16227442282488155,tv_shipped,1,2,10060,19.627682132621324
camera,blocks8,1,0.16227442282488155,tv_shipped,2,4,8048,21.962551634730904
camera,blocks8,2,0.16227442282488155,biharmonic,0,1,14084,11.760592896694101
camera,blocks8,2,0.16227442282488155,biharmonic,1,2,10060,17.35413765321243
camera,blocks8,2,0.16227442282488155,biharmonic,2,4,8048,21.394623459697122
camera,blocks8,2,0.16227442282488155,harmonic,0,1,14084,12.351313866984356
camera,blocks8,2,0.16227442282488155,harmonic,1,2,10060,17.3909787859106
camera,blocks8,2,0.16227442282488155,harmonic,2,4,8048,20.76559746749351
camera,blocks8,2,0.16227442282488155,tv_converged,0,1,14084,15.043138493972677
camera,blocks8,2,0.16227442282488155,tv_converged,1,2,10060,18.66579998424264
camera,blocks8,2,0.16227442282488155,tv_converged,2,4,8048,21.421135499900323
camera,blocks8,2,0.16227442282488155,tv_shipped,0,1,14084,14.97007656012012
camera,blocks8,2,0.16227442282488155,tv_shipped,1,2,10060,18.525492151999803
camera,blocks8,2,0.16227442282488155,tv_shipped,2,4,8048,21.317142890886124
camera,canonical,0,0.16232483113217058,biharmonic,0,1,14670,9.819479928485874
camera,canonical,0,0.16232483113217058,biharmonic,1,2,6769,14.080810743580818
camera,canonical,0,0.16232483113217058,biharmonic,2,4,3798,24.853946748091303
camera,canonical,0,0.16232483113217058,biharmonic,4,8,4807,39.07219838267015
camera,canonical,0,0.16232483113217058,biharmonic,8,16,2109,55.94065894927476
camera,canonical,0,0.16232483113217058,biharmonic,16,32,49,85.83291750477184
camera,canonical,0,0.16232483113217058,harmonic,0,1,14670,11.009332561468215
camera,canonical,0,0.16232483113217058,harmonic,1,2,6769,15.396914700595755
camera,canonical,0,0.16232483113217058,harmonic,2,4,3798,26.140318992420532
camera,canonical,0,0.16232483113217058,harmonic,4,8,4807,34.666969202049366
camera,canonical,0,0.16232483113217058,harmonic,8,16,2109,48.08099349380879
camera,canonical,0,0.16232483113217058,harmonic,16,32,49,59.90834257858273
camera,canonical,0,0.16232483113217058,tv_converged,0,1,14670,12.037626775788134
camera,canonical,0,0.16232483113217058,tv_converged,1,2,6769,16.444631339555066
camera,canonical,0,0.16232483113217058,tv_converged,2,4,3798,29.707278410576702
camera,canonical,0,0.16232483113217058,tv_converged,4,8,4807,37.21150214502882
camera,canonical,0,0.16232483113217058,tv_converged,8,16,2109,47.06013738001996
camera,canonical,0,0.16232483113217058,tv_converged,16,32,49,42.31989622800749
camera,canonical,0,0.16232483113217058,tv_shipped,0,1,14670,12.270142299063641
camera,canonical,0,0.16232483113217058,tv_shipped,1,2,6769,17.384923085461846
camera,canonical,0,0.16232483113217058,tv_shipped,2,4,3798,32.58999821595786
camera,canonical,0,0.16232483113217058,tv_shipped,4,8,4807,38.331336234254486
camera,canonical,0,0.16232483113217058,tv_shipped,8,16,2109,56.65082069119979
camera,canonical,0,0.16232483113217058,tv_shipped,16,32,49,85.93656865718228
camera,dropout,0,0.16229962697852607,biharmonic,0,1,32175,8.175920064964172
camera,dropout,0,0.16229962697852607,biharmonic,1,2,22,11.051612843715606
camera,dropout,0,0.16229962697852607,harmonic,0,1,32175,8.74748411449075
camera,dropout,0,0.16229962697852607,harmonic,1,2,22,8.248604437959523
camera,dropout,0,0.16229962697852607,tv_converged,0,1,32175,8.190252786787081
camera,dropout,0,0.16229962697852607,tv_converged,1,2,22,2.9627443517449876
camera,dropout,0,0.16229962697852607,tv_shipped,0,1,32175,8.191643405746689
camera,dropout,0,0.16229962697852607,tv_shipped,1,2,22,2.9602829976029392
camera,dropout,1,0.16229962697852607,biharmonic,0,1,32181,8.267847293930561
camera,dropout,1,0.16229962697852607,biharmonic,1,2,16,10.597979545178319
camera,dropout,1,0.16229962697852607,harmonic,0,1,32181,8.843905593676293
camera,dropout,1,0.16229962697852607,harmonic,1,2,16,12.539688293455125
camera,dropout,1,0.16229962697852607,tv_converged,0,1,32181,8.25816115314264
camera,dropout,1,0.16229962697852607,tv_converged,1,2,16,10.824881793044481
camera,dropout,1,0.16229962697852607,tv_shipped,0,1,32181,8.257687554756089
camera,dropout,1,0.16229962697852607,tv_shipped,1,2,16,10.824714674246907
camera,dropout,2,0.16229962697852607,biharmonic,0,1,32177,8.221312940403555
camera,dropout,2,0.16229962697852607,biharmonic,1,2,20,3.5740831558983785
camera,dropout,2,0.16229962697852607,harmonic,0,1,32177,8.732581382582156
camera,dropout,2,0.16229962697852607,harmonic,1,2,20,6.75918896956313
camera,dropout,2,0.16229962697852607,tv_converged,0,1,32177,8.1094878891411
camera,dropout,2,0.16229962697852607,tv_converged,1,2,20,5.060525745708671
camera,dropout,2,0.16229962697852607,tv_shipped,0,1,32177,8.111387088785575
camera,dropout,2,0.16229962697852607,tv_shipped,1,2,20,5.0600575491125
camera,scratch,0,0.1632220990019155,biharmonic,0,1,24637,11.56731902410711
camera,scratch,0,0.1632220990019155,biharmonic,1,2,7328,13.523049516182548
camera,scratch,0,0.1632220990019155,biharmonic,2,4,414,15.621843215769355
camera,scratch,0,0.1632220990019155,biharmonic,4,8,1,17.156226075496335
camera,scratch,0,0.1632220990019155,harmonic,0,1,24637,12.248255864386325
camera,scratch,0,0.1632220990019155,harmonic,1,2,7328,14.463435422212125
camera,scratch,0,0.1632220990019155,harmonic,2,4,414,16.005387381360663
camera,scratch,0,0.1632220990019155,harmonic,4,8,1,12.40854809032777
camera,scratch,0,0.1632220990019155,tv_converged,0,1,24637,12.714032749815763
camera,scratch,0,0.1632220990019155,tv_converged,1,2,7328,14.88365343073391
camera,scratch,0,0.1632220990019155,tv_converged,2,4,414,16.252909421144302
camera,scratch,0,0.1632220990019155,tv_converged,4,8,1,9.08834718203002
camera,scratch,0,0.1632220990019155,tv_shipped,0,1,24637,12.691740343583433
camera,scratch,0,0.1632220990019155,tv_shipped,1,2,7328,14.823330652726026
camera,scratch,0,0.1632220990019155,tv_shipped,2,4,414,16.26609438732979
camera,scratch,0,0.1632220990019155,tv_shipped,4,8,1,9.108007710106165
camera,scratch,1,0.16330779312430688,biharmonic,0,1,24200,11.353742819958393
camera,scratch,1,0.16330779312430688,biharmonic,1,2,7703,13.271986875673576
camera,scratch,1,0.16330779312430688,biharmonic,2,4,486,20.004718503415596
camera,scratch,1,0.16330779312430688,biharmonic,4,8,8,14.887791016882796
camera,scratch,1,0.16330779312430688,harmonic,0,1,24200,12.084876203231675
camera,scratch,1,0.16330779312430688,harmonic,1,2,7703,13.777048458525213
camera,scratch,1,0.16330779312430688,harmonic,2,4,486,20.704871593539092
camera,scratch,1,0.16330779312430688,harmonic,4,8,8,14.125916307171693
camera,scratch,1,0.16330779312430688,tv_converged,0,1,24200,12.517034695317431
camera,scratch,1,0.16330779312430688,tv_converged,1,2,7703,13.95152031267445
camera,scratch,1,0.16330779312430688,tv_converged,2,4,486,21.157700694577212
camera,scratch,1,0.16330779312430688,tv_converged,4,8,8,13.552312676976847
camera,scratch,1,0.16330779312430688,tv_shipped,0,1,24200,12.549173707073498
camera,scratch,1,0.16330779312430688,tv_shipped,1,2,7703,14.011851190689399
camera,scratch,1,0.16330779312430688,tv_shipped,2,4,486,21.158265635988368
camera,scratch,1,0.16330779312430688,tv_shipped,4,8,8,13.506192648767765
camera,scratch,2,0.162828914205061,biharmonic,0,1,24586,11.354681309061446
camera,scratch,2,0.162828914205061,biharmonic,1,2,7052,14.381433421629529
camera,scratch,2,0.162828914205061,biharmonic,2,4,606,23.341898895715673
camera,scratch,2,0.162828914205061,biharmonic,4,8,56,15.53408962793834
camera,scratch,2,0.162828914205061,biharmonic,8,16,2,7.719280421569067
camera,scratch,2,0.162828914205061,harmonic,0,1,24586,12.458005674193233
camera,scratch,2,0.162828914205061,harmonic,1,2,7052,15.601399517148828
camera,scratch,2,0.162828914205061,harmonic,2,4,606,23.81730729288798
camera,scratch,2,0.162828914205061,harmonic,4,8,56,23.91452045519864
camera,scratch,2,0.162828914205061,harmonic,8,16,2,14.426466673127022
camera,scratch,2,0.162828914205061,tv_converged,0,1,24586,12.914511181694461
camera,scratch,2,0.162828914205061,tv_converged,1,2,7052,15.551171369760112
camera,scratch,2,0.162828914205061,tv_converged,2,4,606,24.159024200248155
camera,scratch,2,0.162828914205061,tv_converged,4,8,56,5.083642756230508
camera,scratch,2,0.162828914205061,tv_converged,8,16,2,1.5775018530145806
camera,scratch,2,0.162828914205061,tv_shipped,0,1,24586,12.932574142159448
camera,scratch,2,0.162828914205061,tv_shipped,1,2,7052,15.617866105523126
camera,scratch,2,0.162828914205061,tv_shipped,2,4,606,24.358127010657388
camera,scratch,2,0.162828914205061,tv_shipped,4,8,56,5.596211342228449
camera,scratch,2,0.162828914205061,tv_shipped,8,16,2,3.2731685294086974
grass,blocks16,0,0.1625970359915314,biharmonic,0,1,7560,25.472273245201677
grass,blocks16,0,0.1625970359915314,biharmonic,1,2,6552,37.32025271903866
grass,blocks16,0,0.1625970359915314,biharmonic,2,4,10080,44.66846309221952
grass,blocks16,0,0.1625970359915314,biharmonic,4,8,8064,47.54168115899399
grass,blocks16,0,0.1625970359915314,harmonic,0,1,7560,25.698978692893174
grass,blocks16,0,0.1625970359915314,harmonic,1,2,6552,33.80799435856269
grass,blocks16,0,0.1625970359915314,harmonic,2,4,10080,37.51435670370096
grass,blocks16,0,0.1625970359915314,harmonic,4,8,8064,39.040611962498794
grass,blocks16,0,0.1625970359915314,tv_converged,0,1,7560,32.62714206654451
grass,blocks16,0,0.1625970359915314,tv_converged,1,2,6552,36.51874663655918
grass,blocks16,0,0.1625970359915314,tv_converged,2,4,10080,38.43834315456602
grass,blocks16,0,0.1625970359915314,tv_converged,4,8,8064,39.093232929424715
grass,blocks16,0,0.1625970359915314,tv_shipped,0,1,7560,32.63658326132883
grass,blocks16,0,0.1625970359915314,tv_shipped,1,2,6552,36.54828418269044
grass,blocks16,0,0.1625970359915314,tv_shipped,2,4,10080,38.46834568777375
grass,blocks16,0,0.1625970359915314,tv_shipped,4,8,8064,39.1179278413808
grass,blocks16,1,0.1625970359915314,biharmonic,0,1,7560,25.339888562456913
grass,blocks16,1,0.1625970359915314,biharmonic,1,2,6552,35.801148389533836
grass,blocks16,1,0.1625970359915314,biharmonic,2,4,10080,41.670569370743436
grass,blocks16,1,0.1625970359915314,biharmonic,4,8,8064,44.90765025608147
grass,blocks16,1,0.1625970359915314,harmonic,0,1,7560,25.915347766816762
grass,blocks16,1,0.1625970359915314,harmonic,1,2,6552,33.224999949438946
grass,blocks16,1,0.1625970359915314,harmonic,2,4,10080,36.16643042580025
grass,blocks16,1,0.1625970359915314,harmonic,4,8,8064,38.0674565442678
grass,blocks16,1,0.1625970359915314,tv_converged,0,1,7560,33.24195841130645
grass,blocks16,1,0.1625970359915314,tv_converged,1,2,6552,36.178063073062205
grass,blocks16,1,0.1625970359915314,tv_converged,2,4,10080,37.674370091184585
grass,blocks16,1,0.1625970359915314,tv_converged,4,8,8064,38.66600342771327
grass,blocks16,1,0.1625970359915314,tv_shipped,0,1,7560,33.26248733619169
grass,blocks16,1,0.1625970359915314,tv_shipped,1,2,6552,36.23142805834358
grass,blocks16,1,0.1625970359915314,tv_shipped,2,4,10080,37.694413395100135
grass,blocks16,1,0.1625970359915314,tv_shipped,4,8,8064,38.68141341917743
grass,blocks16,2,0.1625970359915314,biharmonic,0,1,7560,25.303224250409965
grass,blocks16,2,0.1625970359915314,biharmonic,1,2,6552,36.79680674959285
grass,blocks16,2,0.1625970359915314,biharmonic,2,4,10080,42.78125580349573
grass,blocks16,2,0.1625970359915314,biharmonic,4,8,8064,48.40539378760195
grass,blocks16,2,0.1625970359915314,harmonic,0,1,7560,25.611697246459105
grass,blocks16,2,0.1625970359915314,harmonic,1,2,6552,33.364847121843425
grass,blocks16,2,0.1625970359915314,harmonic,2,4,10080,36.576545998944525
grass,blocks16,2,0.1625970359915314,harmonic,4,8,8064,39.968227600231224
grass,blocks16,2,0.1625970359915314,tv_converged,0,1,7560,33.345992022076416
grass,blocks16,2,0.1625970359915314,tv_converged,1,2,6552,36.42732394200469
grass,blocks16,2,0.1625970359915314,tv_converged,2,4,10080,37.952715939138045
grass,blocks16,2,0.1625970359915314,tv_converged,4,8,8064,40.6433294357873
grass,blocks16,2,0.1625970359915314,tv_shipped,0,1,7560,33.34062179126383
grass,blocks16,2,0.1625970359915314,tv_shipped,1,2,6552,36.46697786665004
grass,blocks16,2,0.1625970359915314,tv_shipped,2,4,10080,37.99688500971654
grass,blocks16,2,0.1625970359915314,tv_shipped,4,8,8064,40.66184309718512
grass,blocks32,0,0.1600161306583325,biharmonic,0,1,3844,27.40399769553018
grass,blocks32,0,0.1600161306583325,biharmonic,1,2,3596,38.21137651463666
grass,blocks32,0,0.1600161306583325,biharmonic,2,4,6448,46.30472459808217
grass,blocks32,0,0.1600161306583325,biharmonic,4,8,9920,51.34856891217666
grass,blocks32,0,0.1600161306583325,biharmonic,8,16,7936,56.45968238530687
grass,blocks32,0,0.1600161306583325,harmonic,0,1,3844,27.414271064701747
grass,blocks32,0,0.1600161306583325,harmonic,1,2,3596,34.0656710920503
grass,blocks32,0,0.1600161306583325,harmonic,2,4,6448,37.04228037809081
grass,blocks32,0,0.1600161306583325,harmonic,4,8,9920,38.36360104989174
grass,blocks32,0,0.1600161306583325,harmonic,8,16,7936,40.90623517324142
grass,blocks32,0,0.1600161306583325,tv_converged,0,1,3844,35.66951356800824
grass,blocks32,0,0.1600161306583325,tv_converged,1,2,3596,37.17187483433581
grass,blocks32,0,0.1600161306583325,tv_converged,2,4,6448,38.171060253124764
grass,blocks32,0,0.1600161306583325,tv_converged,4,8,9920,39.073446457288135
grass,blocks32,0,0.1600161306583325,tv_converged,8,16,7936,41.33537977510663
grass,blocks32,0,0.1600161306583325,tv_shipped,0,1,3844,35.672838457221104
grass,blocks32,0,0.1600161306583325,tv_shipped,1,2,3596,37.38032088406897
grass,blocks32,0,0.1600161306583325,tv_shipped,2,4,6448,38.373302068468064
grass,blocks32,0,0.1600161306583325,tv_shipped,4,8,9920,39.118874988272694
grass,blocks32,0,0.1600161306583325,tv_shipped,8,16,7936,41.37371433264253
grass,blocks32,1,0.1600161306583325,biharmonic,0,1,3844,27.36038452190753
grass,blocks32,1,0.1600161306583325,biharmonic,1,2,3596,38.74533008128983
grass,blocks32,1,0.1600161306583325,biharmonic,2,4,6448,46.52495192050022
grass,blocks32,1,0.1600161306583325,biharmonic,4,8,9920,53.59482626753266
grass,blocks32,1,0.1600161306583325,biharmonic,8,16,7936,57.36763309962058
grass,blocks32,1,0.1600161306583325,harmonic,0,1,3844,26.36086693432763
grass,blocks32,1,0.1600161306583325,harmonic,1,2,3596,33.41781162152391
grass,blocks32,1,0.1600161306583325,harmonic,2,4,6448,37.007433559130945
grass,blocks32,1,0.1600161306583325,harmonic,4,8,9920,38.78373041425551
grass,blocks32,1,0.1600161306583325,harmonic,8,16,7936,39.39812184493048
grass,blocks32,1,0.1600161306583325,tv_converged,0,1,3844,36.10390361000935
grass,blocks32,1,0.1600161306583325,tv_converged,1,2,3596,37.28380932625142
grass,blocks32,1,0.1600161306583325,tv_converged,2,4,6448,37.90741558715882
grass,blocks32,1,0.1600161306583325,tv_converged,4,8,9920,38.98624002988252
grass,blocks32,1,0.1600161306583325,tv_converged,8,16,7936,39.97056221279007
grass,blocks32,1,0.1600161306583325,tv_shipped,0,1,3844,36.07655924656839
grass,blocks32,1,0.1600161306583325,tv_shipped,1,2,3596,37.42531641767207
grass,blocks32,1,0.1600161306583325,tv_shipped,2,4,6448,38.048702211455705
grass,blocks32,1,0.1600161306583325,tv_shipped,4,8,9920,38.96947343716253
grass,blocks32,1,0.1600161306583325,tv_shipped,8,16,7936,39.85133403805316
grass,blocks32,2,0.1600161306583325,biharmonic,0,1,3844,26.405723306813485
grass,blocks32,2,0.1600161306583325,biharmonic,1,2,3596,39.419345400574066
grass,blocks32,2,0.1600161306583325,biharmonic,2,4,6448,48.335018128296895
grass,blocks32,2,0.1600161306583325,biharmonic,4,8,9920,53.71133552448061
grass,blocks32,2,0.1600161306583325,biharmonic,8,16,7936,52.22892852455126
grass,blocks32,2,0.1600161306583325,harmonic,0,1,3844,26.41783853273171
grass,blocks32,2,0.1600161306583325,harmonic,1,2,3596,34.21813974002499
grass,blocks32,2,0.1600161306583325,harmonic,2,4,6448,37.980920823583695
grass,blocks32,2,0.1600161306583325,harmonic,4,8,9920,39.88168355925281
grass,blocks32,2,0.1600161306583325,harmonic,8,16,7936,38.66137128831311
grass,blocks32,2,0.1600161306583325,tv_converged,0,1,3844,36.74180049171924
grass,blocks32,2,0.1600161306583325,tv_converged,1,2,3596,38.73304050293125
grass,blocks32,2,0.1600161306583325,tv_converged,2,4,6448,39.278137692162936
grass,blocks32,2,0.1600161306583325,tv_converged,4,8,9920,39.67731111409427
grass,blocks32,2,0.1600161306583325,tv_converged,8,16,7936,38.749245247132215
grass,blocks32,2,0.1600161306583325,tv_shipped,0,1,3844,36.785372266865146
grass,blocks32,2,0.1600161306583325,tv_shipped,1,2,3596,38.94437538882692
grass,blocks32,2,0.1600161306583325,tv_shipped,2,4,6448,39.490645129969934
grass,blocks32,2,0.1600161306583325,tv_shipped,4,8,9920,39.79568917824487
grass,blocks32,2,0.1600161306583325,tv_shipped,8,16,7936,38.76472421785349
grass,blocks64,0,0.16517794132473032,biharmonic,0,1,2016,24.690173147563147
grass,blocks64,0,0.16517794132473032,biharmonic,1,2,1952,36.37679254165601
grass,blocks64,0,0.16517794132473032,biharmonic,2,4,3712,43.70882303093485
grass,blocks64,0,0.16517794132473032,biharmonic,4,8,6656,50.55950382409128
grass,blocks64,0,0.16517794132473032,biharmonic,8,16,10240,51.88182508372251
grass,blocks64,0,0.16517794132473032,biharmonic,16,32,8192,48.273697500033734
grass,blocks64,0,0.16517794132473032,harmonic,0,1,2016,25.2698834878932
grass,blocks64,0,0.16517794132473032,harmonic,1,2,1952,33.32807795054529
grass,blocks64,0,0.16517794132473032,harmonic,2,4,3712,36.768099563268535
grass,blocks64,0,0.16517794132473032,harmonic,4,8,6656,38.16395845365398
grass,blocks64,0,0.16517794132473032,harmonic,8,16,10240,38.42848247336087
grass,blocks64,0,0.16517794132473032,harmonic,16,32,8192,38.72656130469024
grass,blocks64,0,0.16517794132473032,tv_converged,0,1,2016,37.31400942790172
grass,blocks64,0,0.16517794132473032,tv_converged,1,2,1952,38.45134467230743
grass,blocks64,0,0.16517794132473032,tv_converged,2,4,3712,38.72853437506721
grass,blocks64,0,0.16517794132473032,tv_converged,4,8,6656,38.25614877400995
grass,blocks64,0,0.16517794132473032,tv_converged,8,16,10240,38.666857746284265
grass,blocks64,0,0.16517794132473032,tv_converged,16,32,8192,38.90194557131146
grass,blocks64,0,0.16517794132473032,tv_shipped,0,1,2016,46.408406665118406
grass,blocks64,0,0.16517794132473032,tv_shipped,1,2,1952,47.8277713790743
grass,blocks64,0,0.16517794132473032,tv_shipped,2,4,3712,47.76449353763007
grass,blocks64,0,0.16517794132473032,tv_shipped,4,8,6656,45.763377622795296
grass,blocks64,0,0.16517794132473032,tv_shipped,8,16,10240,48.68468457556052
grass,blocks64,0,0.16517794132473032,tv_shipped,16,32,8192,46.64977060408569
grass,blocks64,1,0.16517794132473032,biharmonic,0,1,2016,28.13591488031575
grass,blocks64,1,0.16517794132473032,biharmonic,1,2,1952,45.14120477137301
grass,blocks64,1,0.16517794132473032,biharmonic,2,4,3712,53.29202018551855
grass,blocks64,1,0.16517794132473032,biharmonic,4,8,6656,60.201879351502505
grass,blocks64,1,0.16517794132473032,biharmonic,8,16,10240,62.368771619202285
grass,blocks64,1,0.16517794132473032,biharmonic,16,32,8192,65.80015631608504
grass,blocks64,1,0.16517794132473032,harmonic,0,1,2016,26.555249941599904
grass,blocks64,1,0.16517794132473032,harmonic,1,2,1952,37.00403981586912
grass,blocks64,1,0.16517794132473032,harmonic,2,4,3712,40.429787235138924
grass,blocks64,1,0.16517794132473032,harmonic,4,8,6656,41.110596167531675
grass,blocks64,1,0.16517794132473032,harmonic,8,16,10240,39.53441738977714
grass,blocks64,1,0.16517794132473032,harmonic,16,32,8192,39.189207662182405
grass,blocks64,1,0.16517794132473032,tv_converged,0,1,2016,37.27345361814517
grass,blocks64,1,0.16517794132473032,tv_converged,1,2,1952,40.061995334008266
grass,blocks64,1,0.16517794132473032,tv_converged,2,4,3712,41.428102597881555
grass,blocks64,1,0.16517794132473032,tv_converged,4,8,6656,41.1910788768441
grass,blocks64,1,0.16517794132473032,tv_converged,8,16,10240,39.49734879183954
grass,blocks64,1,0.16517794132473032,tv_converged,16,32,8192,39.373789814027695
grass,blocks64,1,0.16517794132473032,tv_shipped,0,1,2016,45.8309792728334
grass,blocks64,1,0.16517794132473032,tv_shipped,1,2,1952,48.83781319199458
grass,blocks64,1,0.16517794132473032,tv_shipped,2,4,3712,51.720684777571556
grass,blocks64,1,0.16517794132473032,tv_shipped,4,8,6656,50.575351612970955
grass,blocks64,1,0.16517794132473032,tv_shipped,8,16,10240,47.91842432240059
grass,blocks64,1,0.16517794132473032,tv_shipped,16,32,8192,47.85823582197513
grass,blocks64,2,0.16517794132473032,biharmonic,0,1,2016,28.586475522944305
grass,blocks64,2,0.16517794132473032,biharmonic,1,2,1952,38.98787562016709
grass,blocks64,2,0.16517794132473032,biharmonic,2,4,3712,46.15718417140352
grass,blocks64,2,0.16517794132473032,biharmonic,4,8,6656,54.821853435200325
grass,blocks64,2,0.16517794132473032,biharmonic,8,16,10240,59.46834179714736
grass,blocks64,2,0.16517794132473032,biharmonic,16,32,8192,67.24029517118676
grass,blocks64,2,0.16517794132473032,harmonic,0,1,2016,27.299349608058787
grass,blocks64,2,0.16517794132473032,harmonic,1,2,1952,33.38856995283825
grass,blocks64,2,0.16517794132473032,harmonic,2,4,3712,36.78036915781647
grass,blocks64,2,0.16517794132473032,harmonic,4,8,6656,40.3670002891569
grass,blocks64,2,0.16517794132473032,harmonic,8,16,10240,40.10632505221963
grass,blocks64,2,0.16517794132473032,harmonic,16,32,8192,38.089695966805046
grass,blocks64,2,0.16517794132473032,tv_converged,0,1,2016,36.937174979083494
grass,blocks64,2,0.16517794132473032,tv_converged,1,2,1952,37.46496503321273
grass,blocks64,2,0.16517794132473032,tv_converged,2,4,3712,37.71829322166302
grass,blocks64,2,0.16517794132473032,tv_converged,4,8,6656,39.09419526008692
grass,blocks64,2,0.16517794132473032,tv_converged,8,16,10240,38.76709062256512
grass,blocks64,2,0.16517794132473032,tv_converged,16,32,8192,37.332812373124035
grass,blocks64,2,0.16517794132473032,tv_shipped,0,1,2016,47.367870690639926
grass,blocks64,2,0.16517794132473032,tv_shipped,1,2,1952,48.43222657678947
grass,blocks64,2,0.16517794132473032,tv_shipped,2,4,3712,49.08644643070199
grass,blocks64,2,0.16517794132473032,tv_shipped,4,8,6656,47.711497957485776
grass,blocks64,2,0.16517794132473032,tv_shipped,8,16,10240,47.77077167154204
grass,blocks64,2,0.16517794132473032,tv_shipped,16,32,8192,46.859504767321404
grass,blocks8,0,0.16227442282488155,biharmonic,0,1,14084,24.521770403929207
grass,blocks8,0,0.16227442282488155,biharmonic,1,2,10060,34.68989219822034
grass,blocks8,0,0.16227442282488155,biharmonic,2,4,8048,39.53620160917084
grass,blocks8,0,0.16227442282488155,harmonic,0,1,14084,25.347444543488002
grass,blocks8,0,0.16227442282488155,harmonic,1,2,10060,32.85726708258422
grass,blocks8,0,0.16227442282488155,harmonic,2,4,8048,35.89294369963151
grass,blocks8,0,0.16227442282488155,tv_converged,0,1,14084,30.36393168673741
grass,blocks8,0,0.16227442282488155,tv_converged,1,2,10060,34.90053720859603
grass,blocks8,0,0.16227442282488155,tv_converged,2,4,8048,37.035553235943034
grass,blocks8,0,0.16227442282488155,tv_shipped,0,1,14084,30.358055390240114
grass,blocks8,0,0.16227442282488155,tv_shipped,1,2,10060,34.894706823185196
grass,blocks8,0,0.16227442282488155,tv_shipped,2,4,8048,37.03152910774368
grass,blocks8,1,0.16227442282488155,biharmonic,0,1,14084,24.857127520850877
grass,blocks8,1,0.16227442282488155,biharmonic,1,2,10060,35.1517480475385
grass,blocks8,1,0.16227442282488155,biharmonic,2,4,8048,40.141997619633614
grass,blocks8,1,0.16227442282488155,harmonic,0,1,14084,25.176965211118915
grass,blocks8,1,0.16227442282488155,harmonic,1,2,10060,32.59051171236946
grass,blocks8,1,0.16227442282488155,harmonic,2,4,8048,35.763677186051844
grass,blocks8,1,0.16227442282488155,tv_converged,0,1,14084,29.800205592607032
grass,blocks8,1,0.16227442282488155,tv_converged,1,2,10060,34.33160372240789
grass,blocks8,1,0.16227442282488155,tv_converged,2,4,8048,36.54609268027102
grass,blocks8,1,0.16227442282488155,tv_shipped,0,1,14084,29.79887481680771
grass,blocks8,1,0.16227442282488155,tv_shipped,1,2,10060,34.325315355056965
grass,blocks8,1,0.16227442282488155,tv_shipped,2,4,8048,36.5352307946918
grass,blocks8,2,0.16227442282488155,biharmonic,0,1,14084,24.678035492524227
grass,blocks8,2,0.16227442282488155,biharmonic,1,2,10060,34.65495754623699
grass,blocks8,2,0.16227442282488155,biharmonic,2,4,8048,38.31612184270981
grass,blocks8,2,0.16227442282488155,harmonic,0,1,14084,25.120417090066763
grass,blocks8,2,0.16227442282488155,harmonic,1,2,10060,32.56374741846583
grass,blocks8,2,0.16227442282488155,harmonic,2,4,8048,35.0647429605915
grass,blocks8,2,0.16227442282488155,tv_converged,0,1,14084,29.80472189654864
grass,blocks8,2,0.16227442282488155,tv_converged,1,2,10060,34.20787156163752
grass,blocks8,2,0.16227442282488155,tv_converged,2,4,8048,35.837289332797624
grass,blocks8,2,0.16227442282488155,tv_shipped,0,1,14084,29.805603548003766
grass,blocks8,2,0.16227442282488155,tv_shipped,1,2,10060,34.19995982872977
grass,blocks8,2,0.16227442282488155,tv_shipped,2,4,8048,35.8244683058807
grass,canonical,0,0.16232483113217058,biharmonic,0,1,14670,22.23868054140472
grass,canonical,0,0.16232483113217058,biharmonic,1,2,6769,30.813750217642138
grass,canonical,0,0.16232483113217058,biharmonic,2,4,3798,45.535331384725325
grass,canonical,0,0.16232483113217058,biharmonic,4,8,4807,51.91375620077235
grass,canonical,0,0.16232483113217058,biharmonic,8,16,2109,68.91653972413388
grass,canonical,0,0.16232483113217058,biharmonic,16,32,49,101.44636063026596
grass,canonical,0,0.16232483113217058,harmonic,0,1,14670,23.49989787058167
grass,canonical,0,0.16232483113217058,harmonic,1,2,6769,30.00467676720402
grass,canonical,0,0.16232483113217058,harmonic,2,4,3798,38.568749465529294
grass,canonical,0,0.16232483113217058,harmonic,4,8,4807,40.21985092569835
grass,canonical,0,0.16232483113217058,harmonic,8,16,2109,40.47542637812948
grass,canonical,0,0.16232483113217058,harmonic,16,32,49,43.8129619540418
grass,canonical,0,0.16232483113217058,tv_converged,0,1,14670,26.9965909983952
grass,canonical,0,0.16232483113217058,tv_converged,1,2,6769,31.9998348531866
grass,canonical,0,0.16232483113217058,tv_converged,2,4,3798,40.18959374817053
grass,canonical,0,0.16232483113217058,tv_converged,4,8,4807,41.44052499202247
grass,canonical,0,0.16232483113217058,tv_converged,8,16,2109,40.03537482187214
grass,canonical,0,0.16232483113217058,tv_converged,16,32,49,36.903312763051034
grass,canonical,0,0.16232483113217058,tv_shipped,0,1,14670,26.997702646756593
grass,canonical,0,0.16232483113217058,tv_shipped,1,2,6769,32.07708784344996
grass,canonical,0,0.16232483113217058,tv_shipped,2,4,3798,40.60454638553277
grass,canonical,0,0.16232483113217058,tv_shipped,4,8,4807,41.98865673452986
grass,canonical,0,0.16232483113217058,tv_shipped,8,16,2109,40.53571986547293
grass,canonical,0,0.16232483113217058,tv_shipped,16,32,49,36.00749866588712
grass,dropout,0,0.16229962697852607,biharmonic,0,1,32175,18.434001860084066
grass,dropout,0,0.16229962697852607,biharmonic,1,2,22,14.890423619198604
grass,dropout,0,0.16229962697852607,harmonic,0,1,32175,19.056582452025125
grass,dropout,0,0.16229962697852607,harmonic,1,2,22,20.71245236557082
grass,dropout,0,0.16229962697852607,tv_converged,0,1,32175,18.873713694780978
grass,dropout,0,0.16229962697852607,tv_converged,1,2,22,25.009699905622277
grass,dropout,0,0.16229962697852607,tv_shipped,0,1,32175,18.874199379292506
grass,dropout,0,0.16229962697852607,tv_shipped,1,2,22,25.009901155139957
grass,dropout,1,0.16229962697852607,biharmonic,0,1,32181,18.321402203105002
grass,dropout,1,0.16229962697852607,biharmonic,1,2,16,22.811335069028537
grass,dropout,1,0.16229962697852607,harmonic,0,1,32181,18.93793244620893
grass,dropout,1,0.16229962697852607,harmonic,1,2,16,26.201939538170194
grass,dropout,1,0.16229962697852607,tv_converged,0,1,32181,18.699864315802508
grass,dropout,1,0.16229962697852607,tv_converged,1,2,16,24.41940697475704
grass,dropout,1,0.16229962697852607,tv_shipped,0,1,32181,18.70013276097241
grass,dropout,1,0.16229962697852607,tv_shipped,1,2,16,24.41938921641703
grass,dropout,2,0.16229962697852607,biharmonic,0,1,32177,18.44009766015678
grass,dropout,2,0.16229962697852607,biharmonic,1,2,20,24.55995590111776
grass,dropout,2,0.16229962697852607,harmonic,0,1,32177,19.107699407670637
grass,dropout,2,0.16229962697852607,harmonic,1,2,20,28.69960916112378
grass,dropout,2,0.16229962697852607,tv_converged,0,1,32177,18.982794477497183
grass,dropout,2,0.16229962697852607,tv_converged,1,2,20,28.67815513302401
grass,dropout,2,0.16229962697852607,tv_shipped,0,1,32177,18.984397466554032
grass,dropout,2,0.16229962697852607,tv_shipped,1,2,20,28.67870795943811
grass,scratch,0,0.1632220990019155,biharmonic,0,1,24637,24.29034960502309
grass,scratch,0,0.1632220990019155,biharmonic,1,2,7328,28.654348171458878
grass,scratch,0,0.1632220990019155,biharmonic,2,4,414,38.03674239097632
grass,scratch,0,0.1632220990019155,biharmonic,4,8,1,4.738644429290673
grass,scratch,0,0.1632220990019155,harmonic,0,1,24637,24.740310864692464
grass,scratch,0,0.1632220990019155,harmonic,1,2,7328,28.196367143322583
grass,scratch,0,0.1632220990019155,harmonic,2,4,414,33.947801261779
grass,scratch,0,0.1632220990019155,harmonic,4,8,1,15.48265598445947
grass,scratch,0,0.1632220990019155,tv_converged,0,1,24637,27.10803333355645
grass,scratch,0,0.1632220990019155,tv_converged,1,2,7328,29.34929083851373
grass,scratch,0,0.1632220990019155,tv_converged,2,4,414,34.97176830517763
grass,scratch,0,0.1632220990019155,tv_converged,4,8,1,22.44868864038129
grass,scratch,0,0.1632220990019155,tv_shipped,0,1,24637,27.109781811161138
grass,scratch,0,0.1632220990019155,tv_shipped,1,2,7328,29.350345559606993
grass,scratch,0,0.1632220990019155,tv_shipped,2,4,414,34.97584494913514
grass,scratch,0,0.1632220990019155,tv_shipped,4,8,1,21.32047101040945
grass,scratch,1,0.16330779312430688,biharmonic,0,1,24200,22.890373688244175
grass,scratch,1,0.16330779312430688,biharmonic,1,2,7703,27.889900823464615
grass,scratch,1,0.16330779312430688,biharmonic,2,4,486,42.884697384037594
grass,scratch,1,0.16330779312430688,biharmonic,4,8,8,21.86446557527268
grass,scratch,1,0.16330779312430688,harmonic,0,1,24200,23.81606528071241
grass,scratch,1,0.16330779312430688,harmonic,1,2,7703,28.577640180032304
grass,scratch,1,0.16330779312430688,harmonic,2,4,486,40.571657134501045
grass,scratch,1,0.16330779312430688,harmonic,4,8,8,35.09044118769227
grass,scratch,1,0.16330779312430688,tv_converged,0,1,24200,25.981317595879755
grass,scratch,1,0.16330779312430688,tv_converged,1,2,7703,30.128053212680907
grass,scratch,1,0.16330779312430688,tv_converged,2,4,486,41.094577953671994
grass,scratch,1,0.16330779312430688,tv_converged,4,8,8,39.363692606499654
grass,scratch,1,0.16330779312430688,tv_shipped,0,1,24200,25.9800738327961
grass,scratch,1,0.16330779312430688,tv_shipped,1,2,7703,30.12714383256481
grass,scratch,1,0.16330779312430688,tv_shipped,2,4,486,41.08422621543968
grass,scratch,1,0.16330779312430688,tv_shipped,4,8,8,39.36983935143882
grass,scratch,2,0.162828914205061,biharmonic,0,1,24586,23.139778215924114
grass,scratch,2,0.162828914205061,biharmonic,1,2,7052,28.068848656779384
grass,scratch,2,0.162828914205061,biharmonic,2,4,606,40.21644706035205
grass,scratch,2,0.162828914205061,biharmonic,4,8,56,44.30361998987829
grass,scratch,2,0.162828914205061,biharmonic,8,16,2,26.664890873449234
grass,scratch,2,0.162828914205061,harmonic,0,1,24586,23.869849091243786
grass,scratch,2,0.162828914205061,harmonic,1,2,7052,28.262256667131798
grass,scratch,2,0.162828914205061,harmonic,2,4,606,36.62401361915511
grass,scratch,2,0.162828914205061,harmonic,4,8,56,50.004713785635644
grass,scratch,2,0.162828914205061,harmonic,8,16,2,49.829824850549464
grass,scratch,2,0.162828914205061,tv_converged,0,1,24586,26.24214056875122
grass,scratch,2,0.162828914205061,tv_converged,1,2,7052,29.808162002917825
grass,scratch,2,0.162828914205061,tv_converged,2,4,606,37.102952689877974
grass,scratch,2,0.162828914205061,tv_converged,4,8,56,54.296298969448884
grass,scratch,2,0.162828914205061,tv_converged,8,16,2,57.64404221791212
grass,scratch,2,0.162828914205061,tv_shipped,0,1,24586,26.244945364456026
grass,scratch,2,0.162828914205061,tv_shipped,1,2,7052,29.81098030927388
grass,scratch,2,0.162828914205061,tv_shipped,2,4,606,37.080755795585446
grass,scratch,2,0.162828914205061,tv_shipped,4,8,56,53.60278329987646
grass,scratch,2,0.162828914205061,tv_shipped,8,16,2,56.57496317417117
phantom,blocks16,0,0.1625970359915314,biharmonic,0,1,7560,10.063861780976971
phantom,blocks16,0,0.1625970359915314,biharmonic,1,2,6552,17.247349061401454
phantom,blocks16,0,0.1625970359915314,biharmonic,2,4,10080,26.231648251732448
phantom,blocks16,0,0.1625970359915314,biharmonic,4,8,8064,34.59691883202542
phantom,blocks16,0,0.1625970359915314,harmonic,0,1,7560,14.510448501746756
phantom,blocks16,0,0.1625970359915314,harmonic,1,2,6552,23.206101843662957
phantom,blocks16,0,0.1625970359915314,harmonic,2,4,10080,33.19362529915665
phantom,blocks16,0,0.1625970359915314,harmonic,4,8,8064,42.52867530416191
phantom,blocks16,0,0.1625970359915314,tv_converged,0,1,7560,24.67321649176339
phantom,blocks16,0,0.1625970359915314,tv_converged,1,2,6552,31.360508881268483
phantom,blocks16,0,0.1625970359915314,tv_converged,2,4,10080,39.70804162541134
phantom,blocks16,0,0.1625970359915314,tv_converged,4,8,8064,47.30760469817456
phantom,blocks16,0,0.1625970359915314,tv_shipped,0,1,7560,21.72298710994471
phantom,blocks16,0,0.1625970359915314,tv_shipped,1,2,6552,29.998756642261984
phantom,blocks16,0,0.1625970359915314,tv_shipped,2,4,10080,37.90839773939862
phantom,blocks16,0,0.1625970359915314,tv_shipped,4,8,8064,46.24942822757262
phantom,blocks16,1,0.1625970359915314,biharmonic,0,1,7560,9.604639144724054
phantom,blocks16,1,0.1625970359915314,biharmonic,1,2,6552,15.529353900688191
phantom,blocks16,1,0.1625970359915314,biharmonic,2,4,10080,22.270730342643944
phantom,blocks16,1,0.1625970359915314,biharmonic,4,8,8064,28.442808048501288
phantom,blocks16,1,0.1625970359915314,harmonic,0,1,7560,12.916631478238065
phantom,blocks16,1,0.1625970359915314,harmonic,1,2,6552,19.96920613045024
phantom,blocks16,1,0.1625970359915314,harmonic,2,4,10080,27.33565145208789
phantom,blocks16,1,0.1625970359915314,harmonic,4,8,8064,34.39716550362432
phantom,blocks16,1,0.1625970359915314,tv_converged,0,1,7560,19.02515788671829
phantom,blocks16,1,0.1625970359915314,tv_converged,1,2,6552,23.185382909535594
phantom,blocks16,1,0.1625970359915314,tv_converged,2,4,10080,28.725225535353545
phantom,blocks16,1,0.1625970359915314,tv_converged,4,8,8064,35.05660595514866
phantom,blocks16,1,0.1625970359915314,tv_shipped,0,1,7560,16.446883909481812
phantom,blocks16,1,0.1625970359915314,tv_shipped,1,2,6552,21.66520350943967
phantom,blocks16,1,0.1625970359915314,tv_shipped,2,4,10080,27.097079934094506
phantom,blocks16,1,0.1625970359915314,tv_shipped,4,8,8064,33.21757743835921
phantom,blocks16,2,0.1625970359915314,biharmonic,0,1,7560,9.346905925618126
phantom,blocks16,2,0.1625970359915314,biharmonic,1,2,6552,14.658724651109399
phantom,blocks16,2,0.1625970359915314,biharmonic,2,4,10080,21.31319646662043
phantom,blocks16,2,0.1625970359915314,biharmonic,4,8,8064,27.923078364181986
phantom,blocks16,2,0.1625970359915314,harmonic,0,1,7560,14.179872211555585
phantom,blocks16,2,0.1625970359915314,harmonic,1,2,6552,20.27093684349072
phantom,blocks16,2,0.1625970359915314,harmonic,2,4,10080,27.838517221672063
phantom,blocks16,2,0.1625970359915314,harmonic,4,8,8064,35.249169981597824
phantom,blocks16,2,0.1625970359915314,tv_converged,0,1,7560,21.18749488250567
phantom,blocks16,2,0.1625970359915314,tv_converged,1,2,6552,24.652938677228267
phantom,blocks16,2,0.1625970359915314,tv_converged,2,4,10080,30.80405370706539
phantom,blocks16,2,0.1625970359915314,tv_converged,4,8,8064,37.30650155791047
phantom,blocks16,2,0.1625970359915314,tv_shipped,0,1,7560,18.36477759071175
phantom,blocks16,2,0.1625970359915314,tv_shipped,1,2,6552,21.844529615914617
phantom,blocks16,2,0.1625970359915314,tv_shipped,2,4,10080,27.119608046997417
phantom,blocks16,2,0.1625970359915314,tv_shipped,4,8,8064,33.36957655171136
phantom,blocks32,0,0.1600161306583325,biharmonic,0,1,3844,11.569010849562567
phantom,blocks32,0,0.1600161306583325,biharmonic,1,2,3596,19.409402299391846
phantom,blocks32,0,0.1600161306583325,biharmonic,2,4,6448,26.754843686671073
phantom,blocks32,0,0.1600161306583325,biharmonic,4,8,9920,39.9036400814429
phantom,blocks32,0,0.1600161306583325,biharmonic,8,16,7936,49.707936779532915
phantom,blocks32,0,0.1600161306583325,harmonic,0,1,3844,15.467983488477048
phantom,blocks32,0,0.1600161306583325,harmonic,1,2,3596,24.690335760508535
phantom,blocks32,0,0.1600161306583325,harmonic,2,4,6448,32.62947440053359
phantom,blocks32,0,0.1600161306583325,harmonic,4,8,9920,44.71168352111791
phantom,blocks32,0,0.1600161306583325,harmonic,8,16,7936,53.09147819926627
phantom,blocks32,0,0.1600161306583325,tv_converged,0,1,3844,34.1838394343261
phantom,blocks32,0,0.1600161306583325,tv_converged,1,2,3596,38.56574817693779
phantom,blocks32,0,0.1600161306583325,tv_converged,2,4,6448,43.28256934304961
phantom,blocks32,0,0.1600161306583325,tv_converged,4,8,9920,50.16365517106706
phantom,blocks32,0,0.1600161306583325,tv_converged,8,16,7936,54.59889083330741
phantom,blocks32,0,0.1600161306583325,tv_shipped,0,1,3844,35.482675642170165
phantom,blocks32,0,0.1600161306583325,tv_shipped,1,2,3596,43.0832247433951
phantom,blocks32,0,0.1600161306583325,tv_shipped,2,4,6448,48.39497913356708
phantom,blocks32,0,0.1600161306583325,tv_shipped,4,8,9920,54.33347688920885
phantom,blocks32,0,0.1600161306583325,tv_shipped,8,16,7936,57.94077166382103
phantom,blocks32,1,0.1600161306583325,biharmonic,0,1,3844,9.915230528636998
phantom,blocks32,1,0.1600161306583325,biharmonic,1,2,3596,17.229909660190213
phantom,blocks32,1,0.1600161306583325,biharmonic,2,4,6448,25.07487915227614
phantom,blocks32,1,0.1600161306583325,biharmonic,4,8,9920,37.60889849258178
phantom,blocks32,1,0.1600161306583325,biharmonic,8,16,7936,50.12942591740167
phantom,blocks32,1,0.1600161306583325,harmonic,0,1,3844,14.196338423826127
phantom,blocks32,1,0.1600161306583325,harmonic,1,2,3596,22.457980410682815
phantom,blocks32,1,0.1600161306583325,harmonic,2,4,6448,29.72682146333282
phantom,blocks32,1,0.1600161306583325,harmonic,4,8,9920,38.477293737305956
phantom,blocks32,1,0.1600161306583325,harmonic,8,16,7936,49.09460237877909
phantom,blocks32,1,0.1600161306583325,tv_converged,0,1,3844,35.436098627527144
phantom,blocks32,1,0.1600161306583325,tv_converged,1,2,3596,37.92592756326723
phantom,blocks32,1,0.1600161306583325,tv_converged,2,4,6448,39.102804031790285
phantom,blocks32,1,0.1600161306583325,tv_converged,4,8,9920,40.19305245460505
phantom,blocks32,1,0.1600161306583325,tv_converged,8,16,7936,46.48429825827768
phantom,blocks32,1,0.1600161306583325,tv_shipped,0,1,3844,32.64326358024776
phantom,blocks32,1,0.1600161306583325,tv_shipped,1,2,3596,38.89935256159109
phantom,blocks32,1,0.1600161306583325,tv_shipped,2,4,6448,43.947755123470756
phantom,blocks32,1,0.1600161306583325,tv_shipped,4,8,9920,48.79770677077078
phantom,blocks32,1,0.1600161306583325,tv_shipped,8,16,7936,54.25772797360839
phantom,blocks32,2,0.1600161306583325,biharmonic,0,1,3844,11.91626849488563
phantom,blocks32,2,0.1600161306583325,biharmonic,1,2,3596,19.398054018501554
phantom,blocks32,2,0.1600161306583325,biharmonic,2,4,6448,26.89718065709561
phantom,blocks32,2,0.1600161306583325,biharmonic,4,8,9920,43.45172773913835
phantom,blocks32,2,0.1600161306583325,biharmonic,8,16,7936,52.99665408743037
phantom,blocks32,2,0.1600161306583325,harmonic,0,1,3844,17.272107457023644
phantom,blocks32,2,0.1600161306583325,harmonic,1,2,3596,26.22960808942665
phantom,blocks32,2,0.1600161306583325,harmonic,2,4,6448,33.80217525500415
phantom,blocks32,2,0.1600161306583325,harmonic,4,8,9920,41.23079019126692
phantom,blocks32,2,0.1600161306583325,harmonic,8,16,7936,38.96669090203937
phantom,blocks32,2,0.1600161306583325,tv_converged,0,1,3844,35.69968350210399
phantom,blocks32,2,0.1600161306583325,tv_converged,1,2,3596,40.83822543900894
phantom,blocks32,2,0.1600161306583325,tv_converged,2,4,6448,44.84135729036336
phantom,blocks32,2,0.1600161306583325,tv_converged,4,8,9920,45.6001737370949
phantom,blocks32,2,0.1600161306583325,tv_converged,8,16,7936,38.945563803929765
phantom,blocks32,2,0.1600161306583325,tv_shipped,0,1,3844,35.085407910148156
phantom,blocks32,2,0.1600161306583325,tv_shipped,1,2,3596,41.917525534084035
phantom,blocks32,2,0.1600161306583325,tv_shipped,2,4,6448,48.09131419177357
phantom,blocks32,2,0.1600161306583325,tv_shipped,4,8,9920,50.94971217770327
phantom,blocks32,2,0.1600161306583325,tv_shipped,8,16,7936,49.33641321236971
phantom,blocks64,0,0.16517794132473032,biharmonic,0,1,2016,10.86352314159143
phantom,blocks64,0,0.16517794132473032,biharmonic,1,2,1952,15.414088879036035
phantom,blocks64,0,0.16517794132473032,biharmonic,2,4,3712,21.744892190995884
phantom,blocks64,0,0.16517794132473032,biharmonic,4,8,6656,33.379367748634685
phantom,blocks64,0,0.16517794132473032,biharmonic,8,16,10240,46.84308701260815
phantom,blocks64,0,0.16517794132473032,biharmonic,16,32,8192,65.17330392124913
phantom,blocks64,0,0.16517794132473032,harmonic,0,1,2016,15.075648185892547
phantom,blocks64,0,0.16517794132473032,harmonic,1,2,1952,21.84111774395141
phantom,blocks64,0,0.16517794132473032,harmonic,2,4,3712,28.90744149138245
phantom,blocks64,0,0.16517794132473032,harmonic,4,8,6656,37.58205798019072
phantom,blocks64,0,0.16517794132473032,harmonic,8,16,10240,39.86669256160293
phantom,blocks64,0,0.16517794132473032,harmonic,16,32,8192,56.764536132736914
phantom,blocks64,0,0.16517794132473032,tv_converged,0,1,2016,32.40984832652657
phantom,blocks64,0,0.16517794132473032,tv_converged,1,2,1952,36.26467439444327
phantom,blocks64,0,0.16517794132473032,tv_converged,2,4,3712,38.79344983696043
phantom,blocks64,0,0.16517794132473032,tv_converged,4,8,6656,41.36232292857919
phantom,blocks64,0,0.16517794132473032,tv_converged,8,16,10240,37.385472914829904
phantom,blocks64,0,0.16517794132473032,tv_converged,16,32,8192,54.54073984080343
phantom,blocks64,0,0.16517794132473032,tv_shipped,0,1,2016,97.82848564476826
phantom,blocks64,0,0.16517794132473032,tv_shipped,1,2,1952,106.79155584636764
phantom,blocks64,0,0.16517794132473032,tv_shipped,2,4,3712,115.33221803832222
phantom,blocks64,0,0.16517794132473032,tv_shipped,4,8,6656,123.91203828284206
phantom,blocks64,0,0.16517794132473032,tv_shipped,8,16,10240,126.57717181852438
phantom,blocks64,0,0.16517794132473032,tv_shipped,16,32,8192,127.3590003613112
phantom,blocks64,1,0.16517794132473032,biharmonic,0,1,2016,12.302533718420397
phantom,blocks64,1,0.16517794132473032,biharmonic,1,2,1952,18.918711027917624
phantom,blocks64,1,0.16517794132473032,biharmonic,2,4,3712,27.407666253995433
phantom,blocks64,1,0.16517794132473032,biharmonic,4,8,6656,42.21369234660743
phantom,blocks64,1,0.16517794132473032,biharmonic,8,16,10240,52.5439199394564
phantom,blocks64,1,0.16517794132473032,biharmonic,16,32,8192,43.967403052458025
phantom,blocks64,1,0.16517794132473032,harmonic,0,1,2016,16.687152287104936
phantom,blocks64,1,0.16517794132473032,harmonic,1,2,1952,24.81209617499879
phantom,blocks64,1,0.16517794132473032,harmonic,2,4,3712,32.779434690378224
phantom,blocks64,1,0.16517794132473032,harmonic,4,8,6656,42.26685644549743
phantom,blocks64,1,0.16517794132473032,harmonic,8,16,10240,47.6117472481288
phantom,blocks64,1,0.16517794132473032,harmonic,16,32,8192,38.48574543130125
phantom,blocks64,1,0.16517794132473032,tv_converged,0,1,2016,39.082355000000476
phantom,blocks64,1,0.16517794132473032,tv_converged,1,2,1952,40.481803744610175
phantom,blocks64,1,0.16517794132473032,tv_converged,2,4,3712,41.25191532583639
phantom,blocks64,1,0.16517794132473032,tv_converged,4,8,6656,43.2206033933853
phantom,blocks64,1,0.16517794132473032,tv_converged,8,16,10240,47.03848520485038
phantom,blocks64,1,0.16517794132473032,tv_converged,16,32,8192,40.04665129691551
phantom,blocks64,1,0.16517794132473032,tv_shipped,0,1,2016,95.5844606854343
phantom,blocks64,1,0.16517794132473032,tv_shipped,1,2,1952,104.88401948710037
phantom,blocks64,1,0.16517794132473032,tv_shipped,2,4,3712,112.79416481949242
phantom,blocks64,1,0.16517794132473032,tv_shipped,4,8,6656,121.24826148450997
phantom,blocks64,1,0.16517794132473032,tv_shipped,8,16,10240,122.00538112413703
phantom,blocks64,1,0.16517794132473032,tv_shipped,16,32,8192,118.90769790212653
phantom,blocks64,2,0.16517794132473032,biharmonic,0,1,2016,12.742447992402369
phantom,blocks64,2,0.16517794132473032,biharmonic,1,2,1952,22.937400024878205
phantom,blocks64,2,0.16517794132473032,biharmonic,2,4,3712,31.637109826078873
phantom,blocks64,2,0.16517794132473032,biharmonic,4,8,6656,44.296213036445344
phantom,blocks64,2,0.16517794132473032,biharmonic,8,16,10240,51.06359489491001
phantom,blocks64,2,0.16517794132473032,biharmonic,16,32,8192,51.50350513483725
phantom,blocks64,2,0.16517794132473032,harmonic,0,1,2016,18.64613947652777
phantom,blocks64,2,0.16517794132473032,harmonic,1,2,1952,29.36668710535479
phantom,blocks64,2,0.16517794132473032,harmonic,2,4,3712,37.25764180774899
phantom,blocks64,2,0.16517794132473032,harmonic,4,8,6656,44.818678470465606
phantom,blocks64,2,0.16517794132473032,harmonic,8,16,10240,47.59558696928761
phantom,blocks64,2,0.16517794132473032,harmonic,16,32,8192,44.25460241827597
phantom,blocks64,2,0.16517794132473032,tv_converged,0,1,2016,43.97240422081136
phantom,blocks64,2,0.16517794132473032,tv_converged,1,2,1952,47.08328899056306
phantom,blocks64,2,0.16517794132473032,tv_converged,2,4,3712,47.16149877916539
phantom,blocks64,2,0.16517794132473032,tv_converged,4,8,6656,44.63058106345621
phantom,blocks64,2,0.16517794132473032,tv_converged,8,16,10240,42.8209861737063
phantom,blocks64,2,0.16517794132473032,tv_converged,16,32,8192,37.509480228228064
phantom,blocks64,2,0.16517794132473032,tv_shipped,0,1,2016,86.8955401568842
phantom,blocks64,2,0.16517794132473032,tv_shipped,1,2,1952,95.67954547659211
phantom,blocks64,2,0.16517794132473032,tv_shipped,2,4,3712,104.37362682206249
phantom,blocks64,2,0.16517794132473032,tv_shipped,4,8,6656,112.97481104523587
phantom,blocks64,2,0.16517794132473032,tv_shipped,8,16,10240,113.3605540489783
phantom,blocks64,2,0.16517794132473032,tv_shipped,16,32,8192,111.7316130119774
phantom,blocks8,0,0.16227442282488155,biharmonic,0,1,14084,11.201764213649879
phantom,blocks8,0,0.16227442282488155,biharmonic,1,2,10060,18.372194875478698
phantom,blocks8,0,0.16227442282488155,biharmonic,2,4,8048,22.945310450802612
phantom,blocks8,0,0.16227442282488155,harmonic,0,1,14084,14.610852501334367
phantom,blocks8,0,0.16227442282488155,harmonic,1,2,10060,22.606497433008556
phantom,blocks8,0,0.16227442282488155,harmonic,2,4,8048,27.898321553860864
phantom,blocks8,0,0.16227442282488155,tv_converged,0,1,14084,13.989686837277864
phantom,blocks8,0,0.16227442282488155,tv_converged,1,2,10060,19.901604283901275
phantom,blocks8,0,0.16227442282488155,tv_converged,2,4,8048,23.93712861310293
phantom,blocks8,0,0.16227442282488155,tv_shipped,0,1,14084,12.862808361918596
phantom,blocks8,0,0.16227442282488155,tv_shipped,1,2,10060,18.724622555631672
phantom,blocks8,0,0.16227442282488155,tv_shipped,2,4,8048,22.852580392739082
phantom,blocks8,1,0.16227442282488155,biharmonic,0,1,14084,10.242959708228499
phantom,blocks8,1,0.16227442282488155,biharmonic,1,2,10060,16.31802038315222
phantom,blocks8,1,0.16227442282488155,biharmonic,2,4,8048,19.901684015779843
phantom,blocks8,1,0.16227442282488155,harmonic,0,1,14084,13.768377939465548
phantom,blocks8,1,0.16227442282488155,harmonic,1,2,10060,20.85052357695453
phantom,blocks8,1,0.16227442282488155,harmonic,2,4,8048,25.66057943984557
phantom,blocks8,1,0.16227442282488155,tv_converged,0,1,14084,13.37549423235214
phantom,blocks8,1,0.16227442282488155,tv_converged,1,2,10060,18.68760828075102
phantom,blocks8,1,0.16227442282488155,tv_converged,2,4,8048,21.893800841993762
phantom,blocks8,1,0.16227442282488155,tv_shipped,0,1,14084,12.582015478806612
phantom,blocks8,1,0.16227442282488155,tv_shipped,1,2,10060,17.81659726418703
phantom,blocks8,1,0.16227442282488155,tv_shipped,2,4,8048,21.0072849351551
phantom,blocks8,2,0.16227442282488155,biharmonic,0,1,14084,10.685399144614486
phantom,blocks8,2,0.16227442282488155,biharmonic,1,2,10060,16.5272490522787
phantom,blocks8,2,0.16227442282488155,biharmonic,2,4,8048,21.26237694627455
phantom,blocks8,2,0.16227442282488155,harmonic,0,1,14084,14.143284076799649
phantom,blocks8,2,0.16227442282488155,harmonic,1,2,10060,20.55145917861135
phantom,blocks8,2,0.16227442282488155,harmonic,2,4,8048,25.576775220672047
phantom,blocks8,2,0.16227442282488155,tv_converged,0,1,14084,15.116124065675212
phantom,blocks8,2,0.16227442282488155,tv_converged,1,2,10060,18.199251042967145
phantom,blocks8,2,0.16227442282488155,tv_converged,2,4,8048,21.321803529688832
phantom,blocks8,2,0.16227442282488155,tv_shipped,0,1,14084,13.798495444128038
phantom,blocks8,2,0.16227442282488155,tv_shipped,1,2,10060,17.466266334184613
phantom,blocks8,2,0.16227442282488155,tv_shipped,2,4,8048,20.731197152510916
phantom,canonical,0,0.16232483113217058,biharmonic,0,1,14670,10.114553591636254
phantom,canonical,0,0.16232483113217058,biharmonic,1,2,6769,14.761298254640293
phantom,canonical,0,0.16232483113217058,biharmonic,2,4,3798,20.66354823808096
phantom,canonical,0,0.16232483113217058,biharmonic,4,8,4807,20.510220354124517
phantom,canonical,0,0.16232483113217058,biharmonic,8,16,2109,15.32400965968876
phantom,canonical,0,0.16232483113217058,biharmonic,16,32,49,6.854252762243717
phantom,canonical,0,0.16232483113217058,harmonic,0,1,14670,12.351548779207013
phantom,canonical,0,0.16232483113217058,harmonic,1,2,6769,17.374080944484756
phantom,canonical,0,0.16232483113217058,harmonic,2,4,3798,23.407090094736034
phantom,canonical,0,0.16232483113217058,harmonic,4,8,4807,22.209326995704533
phantom,canonical,0,0.16232483113217058,harmonic,8,16,2109,17.31814331911969
phantom,canonical,0,0.16232483113217058,harmonic,16,32,49,18.33315006168105
phantom,canonical,0,0.16232483113217058,tv_converged,0,1,14670,8.710718049742523
phantom,canonical,0,0.16232483113217058,tv_converged,1,2,6769,12.006585432142964
phantom,canonical,0,0.16232483113217058,tv_converged,2,4,3798,20.56255280096164
phantom,canonical,0,0.16232483113217058,tv_converged,4,8,4807,19.21808779386146
phantom,canonical,0,0.16232483113217058,tv_converged,8,16,2109,12.190406715930374
phantom,canonical,0,0.16232483113217058,tv_converged,16,32,49,0.04337826211296323
phantom,canonical,0,0.16232483113217058,tv_shipped,0,1,14670,10.810955285382912
phantom,canonical,0,0.16232483113217058,tv_shipped,1,2,6769,18.247254228837882
phantom,canonical,0,0.16232483113217058,tv_shipped,2,4,3798,37.6307539458479
phantom,canonical,0,0.16232483113217058,tv_shipped,4,8,4807,47.51200726135065
phantom,canonical,0,0.16232483113217058,tv_shipped,8,16,2109,73.06923335756079
phantom,canonical,0,0.16232483113217058,tv_shipped,16,32,49,89.37096369772814
phantom,dropout,0,0.16229962697852607,biharmonic,0,1,32175,6.0809137887743425
phantom,dropout,0,0.16229962697852607,biharmonic,1,2,22,1.453023964318007e-14
phantom,dropout,0,0.16229962697852607,harmonic,0,1,32175,7.462764605120199
phantom,dropout,0,0.16229962697852607,harmonic,1,2,22,0.06581265473926126
phantom,dropout,0,0.16229962697852607,tv_converged,0,1,32175,5.21644074294207
phantom,dropout,0,0.16229962697852607,tv_converged,1,2,22,1.718988124758687e-10
phantom,dropout,0,0.16229962697852607,tv_shipped,0,1,32175,5.206024652190684
phantom,dropout,0,0.16229962697852607,tv_shipped,1,2,22,2.1741262976987046e-07
phantom,dropout,1,0.16229962697852607,biharmonic,0,1,32181,5.488668979492819
phantom,dropout,1,0.16229962697852607,biharmonic,1,2,16,0.18055408581272006
phantom,dropout,1,0.16229962697852607,harmonic,0,1,32181,6.947040265883114
phantom,dropout,1,0.16229962697852607,harmonic,1,2,16,0.3141487032577781
phantom,dropout,1,0.16229962697852607,tv_converged,0,1,32181,5.122194486044363
phantom,dropout,1,0.16229962697852607,tv_converged,1,2,16,1.71761054747504e-10
phantom,dropout,1,0.16229962697852607,tv_shipped,0,1,32181,5.117537717902245
phantom,dropout,1,0.16229962697852607,tv_shipped,1,2,16,0.0001558289162222329
phantom,dropout,2,0.16229962697852607,biharmonic,0,1,32177,5.93220877791235
phantom,dropout,2,0.16229962697852607,biharmonic,1,2,20,0.6478236683661834
phantom,dropout,2,0.16229962697852607,harmonic,0,1,32177,7.35653262922652
phantom,dropout,2,0.16229962697852607,harmonic,1,2,20,2.1000042814956155
phantom,dropout,2,0.16229962697852607,tv_converged,0,1,32177,5.306038816898479
phantom,dropout,2,0.16229962697852607,tv_converged,1,2,20,0.12262742155993968
phantom,dropout,2,0.16229962697852607,tv_shipped,0,1,32177,5.277758502701386
phantom,dropout,2,0.16229962697852607,tv_shipped,1,2,20,0.12261228173028509
phantom,scratch,0,0.1632220990019155,biharmonic,0,1,24637,8.407492636259061
phantom,scratch,0,0.1632220990019155,biharmonic,1,2,7328,10.56855488509604
phantom,scratch,0,0.1632220990019155,biharmonic,2,4,414,12.263482926722476
phantom,scratch,0,0.1632220990019155,biharmonic,4,8,1,0.0
phantom,scratch,0,0.1632220990019155,harmonic,0,1,24637,10.658480704515611
phantom,scratch,0,0.1632220990019155,harmonic,1,2,7328,13.566970093639112
phantom,scratch,0,0.1632220990019155,harmonic,2,4,414,12.711733386007452
phantom,scratch,0,0.1632220990019155,harmonic,4,8,1,7.673842194209109e-39
phantom,scratch,0,0.1632220990019155,tv_converged,0,1,24637,6.516846789283199
phantom,scratch,0,0.1632220990019155,tv_converged,1,2,7328,7.471392028500078
phantom,scratch,0,0.1632220990019155,tv_converged,2,4,414,5.876359895711233
phantom,scratch,0,0.1632220990019155,tv_converged,4,8,1,4.981800365715796e-17
phantom,scratch,0,0.1632220990019155,tv_shipped,0,1,24637,7.098410849739096
phantom,scratch,0,0.1632220990019155,tv_shipped,1,2,7328,8.318765438523686
phantom,scratch,0,0.1632220990019155,tv_shipped,2,4,414,7.655409980802922
phantom,scratch,0,0.1632220990019155,tv_shipped,4,8,1,0.0
phantom,scratch,1,0.16330779312430688,biharmonic,0,1,24200,8.696866982797351
phantom,scratch,1,0.16330779312430688,biharmonic,1,2,7703,11.460191763628583
phantom,scratch,1,0.16330779312430688,biharmonic,2,4,486,9.862886557224165
phantom,scratch,1,0.16330779312430688,biharmonic,4,8,8,0.0
phantom,scratch,1,0.16330779312430688,harmonic,0,1,24200,10.942554387797712
phantom,scratch,1,0.16330779312430688,harmonic,1,2,7703,14.006534113786154
phantom,scratch,1,0.16330779312430688,harmonic,2,4,486,12.525495129705716
phantom,scratch,1,0.16330779312430688,harmonic,4,8,8,3.917189432299938e-70
phantom,scratch,1,0.16330779312430688,tv_converged,0,1,24200,6.164726075216623
phantom,scratch,1,0.16330779312430688,tv_converged,1,2,7703,7.568823004865736
phantom,scratch,1,0.16330779312430688,tv_converged,2,4,486,6.538562475470174
phantom,scratch,1,0.16330779312430688,tv_converged,4,8,8,3.175130628934923e-17
phantom,scratch,1,0.16330779312430688,tv_shipped,0,1,24200,6.628726515569706
phantom,scratch,1,0.16330779312430688,tv_shipped,1,2,7703,7.886460299738212
phantom,scratch,1,0.16330779312430688,tv_shipped,2,4,486,6.62048479217426
phantom,scratch,1,0.16330779312430688,tv_shipped,4,8,8,0.302323104587263
phantom,scratch,2,0.162828914205061,biharmonic,0,1,24586,8.090898626765947
phantom,scratch,2,0.162828914205061,biharmonic,1,2,7052,12.305188147686122
phantom,scratch,2,0.162828914205061,biharmonic,2,4,606,20.169674767622713
phantom,scratch,2,0.162828914205061,biharmonic,4,8,56,1.1309776043465184e-17
phantom,scratch,2,0.162828914205061,biharmonic,8,16,2,1.479950367105184e-25
phantom,scratch,2,0.162828914205061,harmonic,0,1,24586,10.28655950625641
phantom,scratch,2,0.162828914205061,harmonic,1,2,7052,15.454397844813524
phantom,scratch,2,0.162828914205061,harmonic,2,4,606,24.498275302854246
phantom,scratch,2,0.162828914205061,harmonic,4,8,56,2.6159221994580335e-16
phantom,scratch,2,0.162828914205061,harmonic,8,16,2,1.1802404768857097e-23
phantom,scratch,2,0.162828914205061,tv_converged,0,1,24586,6.7845072697258
phantom,scratch,2,0.162828914205061,tv_converged,1,2,7052,12.949561791885476
phantom,scratch,2,0.162828914205061,tv_converged,2,4,606,26.258560825622126
phantom,scratch,2,0.162828914205061,tv_converged,4,8,56,4.2322150542064675e-09
phantom,scratch,2,0.162828914205061,tv_converged,8,16,2,5.210537156266689e-09
phantom,scratch,2,0.162828914205061,tv_shipped,0,1,24586,6.398547848170603
phantom,scratch,2,0.162828914205061,tv_shipped,1,2,7052,11.085287950000046
phantom,scratch,2,0.162828914205061,tv_shipped,2,4,606,21.43960204570805
phantom,scratch,2,0.162828914205061,tv_shipped,4,8,56,0.0034380190882075416
phantom,scratch,2,0.162828914205061,tv_shipped,8,16,2,0.0
smooth,blocks16,0,0.1625970359915314,biharmonic,0,1,7560,0.0003762998999474247
smooth,blocks16,0,0.1625970359915314,biharmonic,1,2,6552,0.0010182537589014677
smooth,blocks16,0,0.1625970359915314,biharmonic,2,4,10080,0.0022760846843841998
smooth,blocks16,0,0.1625970359915314,biharmonic,4,8,8064,0.004215617822146489
smooth,blocks16,0,0.1625970359915314,harmonic,0,1,7560,0.11535842240449605
smooth,blocks16,0,0.1625970359915314,harmonic,1,2,6552,0.22048363459061726
smooth,blocks16,0,0.1625970359915314,harmonic,2,4,10080,0.35338080386879
smooth,blocks16,0,0.1625970359915314,harmonic,4,8,8064,0.5034460886411459
smooth,blocks16,0,0.1625970359915314,tv_converged,0,1,7560,0.21895403208922792
smooth,blocks16,0,0.1625970359915314,tv_converged,1,2,6552,0.3629529914978244
smooth,blocks16,0,0.1625970359915314,tv_converged,2,4,10080,0.5348522391045951
smooth,blocks16,0,0.1625970359915314,tv_converged,4,8,8064,0.7347552395468311
smooth,blocks16,0,0.1625970359915314,tv_shipped,0,1,7560,0.22261796170836262
smooth,blocks16,0,0.1625970359915314,tv_shipped,1,2,6552,0.36803517955151843
smooth,blocks16,0,0.1625970359915314,tv_shipped,2,4,10080,0.5430618252495067
smooth,blocks16,0,0.1625970359915314,tv_shipped,4,8,8064,0.7482934039722516
smooth,blocks16,1,0.1625970359915314,biharmonic,0,1,7560,0.0003364561006198021
smooth,blocks16,1,0.1625970359915314,biharmonic,1,2,6552,0.0009102505194904136
smooth,blocks16,1,0.1625970359915314,biharmonic,2,4,10080,0.0020340856494247446
smooth,blocks16,1,0.1625970359915314,biharmonic,4,8,8064,0.0037663702619559914
smooth,blocks16,1,0.1625970359915314,harmonic,0,1,7560,0.1057011138078166
smooth,blocks16,1,0.1625970359915314,harmonic,1,2,6552,0.2019085286648103
smooth,blocks16,1,0.1625970359915314,harmonic,2,4,10080,0.3233593145032138
smooth,blocks16,1,0.1625970359915314,harmonic,4,8,8064,0.46031277573354523
smooth,blocks16,1,0.1625970359915314,tv_converged,0,1,7560,0.2221873144950988
smooth,blocks16,1,0.1625970359915314,tv_converged,1,2,6552,0.35797767172038386
smooth,blocks16,1,0.1625970359915314,tv_converged,2,4,10080,0.5228709733729738
smooth,blocks16,1,0.1625970359915314,tv_converged,4,8,8064,0.709688413561855
smooth,blocks16,1,0.1625970359915314,tv_shipped,0,1,7560,0.2285036898650677
smooth,blocks16,1,0.1625970359915314,tv_shipped,1,2,6552,0.36629322136601655
smooth,blocks16,1,0.1625970359915314,tv_shipped,2,4,10080,0.5356362163274376
smooth,blocks16,1,0.1625970359915314,tv_shipped,4,8,8064,0.733276114991533
smooth,blocks16,2,0.1625970359915314,biharmonic,0,1,7560,0.00038346028275621896
smooth,blocks16,2,0.1625970359915314,biharmonic,1,2,6552,0.001037692820729474
smooth,blocks16,2,0.1625970359915314,biharmonic,2,4,10080,0.0023197432164863215
smooth,blocks16,2,0.1625970359915314,biharmonic,4,8,8064,0.00429686085722516
smooth,blocks16,2,0.1625970359915314,harmonic,0,1,7560,0.11718601253285951
smooth,blocks16,2,0.1625970359915314,harmonic,1,2,6552,0.22396281265214513
smooth,blocks16,2,0.1625970359915314,harmonic,2,4,10080,0.35892741706487713
smooth,blocks16,2,0.1625970359915314,harmonic,4,8,8064,0.511304921812637
smooth,blocks16,2,0.1625970359915314,tv_converged,0,1,7560,0.2236411981512609
smooth,blocks16,2,0.1625970359915314,tv_converged,1,2,6552,0.3731709228616963
smooth,blocks16,2,0.1625970359915314,tv_converged,2,4,10080,0.557263133067931
smooth,blocks16,2,0.1625970359915314,tv_converged,4,8,8064,0.788584387682884
smooth,blocks16,2,0.1625970359915314,tv_shipped,0,1,7560,0.22691650777489322
smooth,blocks16,2,0.1625970359915314,tv_shipped,1,2,6552,0.3767531083599756
smooth,blocks16,2,0.1625970359915314,tv_shipped,2,4,10080,0.5622058385350199
smooth,blocks16,2,0.1625970359915314,tv_shipped,4,8,8064,0.7994256188245581
smooth,blocks32,0,0.1600161306583325,biharmonic,0,1,3844,0.0015330342266813245
smooth,blocks32,0,0.1600161306583325,biharmonic,1,2,3596,0.0043585023784687635
smooth,blocks32,0,0.1600161306583325,biharmonic,2,4,6448,0.010844975883046072
smooth,blocks32,0,0.1600161306583325,biharmonic,4,8,9920,0.028027769872568765
smooth,blocks32,0,0.1600161306583325,biharmonic,8,16,7936,0.05631353041249461
smooth,blocks32,0,0.1600161306583325,harmonic,0,1,3844,0.20713652391152806
smooth,blocks32,0,0.1600161306583325,harmonic,1,2,3596,0.40564069617422177
smooth,blocks32,0,0.1600161306583325,harmonic,2,4,6448,0.6882631792593137
smooth,blocks32,0,0.1600161306583325,harmonic,4,8,9920,1.1691136810947909
smooth,blocks32,0,0.1600161306583325,harmonic,8,16,7936,1.7182538994809924
smooth,blocks32,0,0.1600161306583325,tv_converged,0,1,3844,0.6709002435347398
smooth,blocks32,0,0.1600161306583325,tv_converged,1,2,3596,0.9557474934545973
smooth,blocks32,0,0.1600161306583325,tv_converged,2,4,6448,1.2973308337412193
smooth,blocks32,0,0.1600161306583325,tv_converged,4,8,9920,1.756191235641977
smooth,blocks32,0,0.1600161306583325,tv_converged,8,16,7936,2.173502882674039
smooth,blocks32,0,0.1600161306583325,tv_shipped,0,1,3844,0.843793347490184
smooth,blocks32,0,0.1600161306583325,tv_shipped,1,2,3596,1.2845737835175126
smooth,blocks32,0,0.1600161306583325,tv_shipped,2,4,6448,1.8845860105653975
smooth,blocks32,0,0.1600161306583325,tv_shipped,4,8,9920,2.9195527608764746
smooth,blocks32,0,0.1600161306583325,tv_shipped,8,16,7936,4.134768898962162
smooth,blocks32,1,0.1600161306583325,biharmonic,0,1,3844,0.005305195030743487
smooth,blocks32,1,0.1600161306583325,biharmonic,1,2,3596,0.010942375886041765
smooth,blocks32,1,0.1600161306583325,biharmonic,2,4,6448,0.017946909374709198
smooth,blocks32,1,0.1600161306583325,biharmonic,4,8,9920,0.03396907106462984
smooth,blocks32,1,0.1600161306583325,biharmonic,8,16,7936,0.06709759951269617
smooth,blocks32,1,0.1600161306583325,harmonic,0,1,3844,0.26402664360512046
smooth,blocks32,1,0.1600161306583325,harmonic,1,2,3596,0.516228027448946
smooth,blocks32,1,0.1600161306583325,harmonic,2,4,6448,0.8737466826586775
smooth,blocks32,1,0.1600161306583325,harmonic,4,8,9920,1.4781042848172974
smooth,blocks32,1,0.1600161306583325,harmonic,8,16,7936,2.163123894798359
smooth,blocks32,1,0.1600161306583325,tv_converged,0,1,3844,0.7206520801518214
smooth,blocks32,1,0.1600161306583325,tv_converged,1,2,3596,1.080718372361337
smooth,blocks32,1,0.1600161306583325,tv_converged,2,4,6448,1.556285309867583
smooth,blocks32,1,0.1600161306583325,tv_converged,4,8,9920,2.3951897815109024
smooth,blocks32,1,0.1600161306583325,tv_converged,8,16,7936,3.47607668717264
smooth,blocks32,1,0.1600161306583325,tv_shipped,0,1,3844,0.8058414409577607
smooth,blocks32,1,0.1600161306583325,tv_shipped,1,2,3596,1.2603251949415135
smooth,blocks32,1,0.1600161306583325,tv_shipped,2,4,6448,1.8769312192048337
smooth,blocks32,1,0.1600161306583325,tv_shipped,4,8,9920,2.97679940011605
smooth,blocks32,1,0.1600161306583325,tv_shipped,8,16,7936,4.389115936312155
smooth,blocks32,2,0.1600161306583325,biharmonic,0,1,3844,0.0017917111713441362
smooth,blocks32,2,0.1600161306583325,biharmonic,1,2,3596,0.005096125809637251
smooth,blocks32,2,0.1600161306583325,biharmonic,2,4,6448,0.012689471906552216
smooth,blocks32,2,0.1600161306583325,biharmonic,4,8,9920,0.03283626503638432
smooth,blocks32,2,0.1600161306583325,biharmonic,8,16,7936,0.06606196447092784
smooth,blocks32,2,0.1600161306583325,harmonic,0,1,3844,0.2303966267227155
smooth,blocks32,2,0.1600161306583325,harmonic,1,2,3596,0.45080506692213224
smooth,blocks32,2,0.1600161306583325,harmonic,2,4,6448,0.7639084893541627
smooth,blocks32,2,0.1600161306583325,harmonic,4,8,9920,1.294938285326849
smooth,blocks32,2,0.1600161306583325,harmonic,8,16,7936,1.89932123029745
smooth,blocks32,2,0.1600161306583325,tv_converged,0,1,3844,0.7610690364141203
smooth,blocks32,2,0.1600161306583325,tv_converged,1,2,3596,1.0562687464886846
smooth,blocks32,2,0.1600161306583325,tv_converged,2,4,6448,1.4556643381357506
smooth,blocks32,2,0.1600161306583325,tv_converged,4,8,9920,2.131866976386647
smooth,blocks32,2,0.1600161306583325,tv_converged,8,16,7936,2.9361487019260966
smooth,blocks32,2,0.1600161306583325,tv_shipped,0,1,3844,0.8814419494523512
smooth,blocks32,2,0.1600161306583325,tv_shipped,1,2,3596,1.2402940113632808
smooth,blocks32,2,0.1600161306583325,tv_shipped,2,4,6448,1.7547189973951913
smooth,blocks32,2,0.1600161306583325,tv_shipped,4,8,9920,2.688272430193765
smooth,blocks32,2,0.1600161306583325,tv_shipped,8,16,7936,3.8705313435112765
smooth,blocks64,0,0.16517794132473032,biharmonic,0,1,2016,0.0023148318927464838
smooth,blocks64,0,0.16517794132473032,biharmonic,1,2,1952,0.006745953619699702
smooth,blocks64,0,0.16517794132473032,biharmonic,2,4,3712,0.01758342305673789
smooth,blocks64,0,0.16517794132473032,biharmonic,4,8,6656,0.05044323081600476
smooth,blocks64,0,0.16517794132473032,biharmonic,8,16,10240,0.14320128175329355
smooth,blocks64,0,0.16517794132473032,biharmonic,16,32,8192,0.3011639373358089
smooth,blocks64,0,0.16517794132473032,harmonic,0,1,2016,0.2597224560711992
smooth,blocks64,0,0.16517794132473032,harmonic,1,2,1952,0.5119373200732118
smooth,blocks64,0,0.16517794132473032,harmonic,2,4,3712,0.8819070410691874
smooth,blocks64,0,0.16517794132473032,harmonic,4,8,6656,1.5631637263455065
smooth,blocks64,0,0.16517794132473032,harmonic,8,16,10240,2.694711021891221
smooth,blocks64,0,0.16517794132473032,harmonic,16,32,8192,3.9500438649927054
smooth,blocks64,0,0.16517794132473032,tv_converged,0,1,2016,1.6985350061937232
smooth,blocks64,0,0.16517794132473032,tv_converged,1,2,1952,2.158411583317104
smooth,blocks64,0,0.16517794132473032,tv_converged,2,4,3712,2.757492019971304
smooth,blocks64,0,0.16517794132473032,tv_converged,4,8,6656,3.7163978138883627
smooth,blocks64,0,0.16517794132473032,tv_converged,8,16,10240,5.129954674070246
smooth,blocks64,0,0.16517794132473032,tv_converged,16,32,8192,6.81292440132932
smooth,blocks64,0,0.16517794132473032,tv_shipped,0,1,2016,39.218641308080535
smooth,blocks64,0,0.16517794132473032,tv_shipped,1,2,1952,42.23888244096092
smooth,blocks64,0,0.16517794132473032,tv_shipped,2,4,3712,45.69676413391537
smooth,blocks64,0,0.16517794132473032,tv_shipped,4,8,6656,49.381743774415675
smooth,blocks64,0,0.16517794132473032,tv_shipped,8,16,10240,49.68206668307098
smooth,blocks64,0,0.16517794132473032,tv_shipped,16,32,8192,49.446260353701085
smooth,blocks64,1,0.16517794132473032,biharmonic,0,1,2016,0.007109669089839037
smooth,blocks64,1,0.16517794132473032,biharmonic,1,2,1952,0.020710342207221226
smooth,blocks64,1,0.16517794132473032,biharmonic,2,4,3712,0.05394272763892201
smooth,blocks64,1,0.16517794132473032,biharmonic,4,8,6656,0.1545319294788718
smooth,blocks64,1,0.16517794132473032,biharmonic,8,16,10240,0.4611089864054293
smooth,blocks64,1,0.16517794132473032,biharmonic,16,32,8192,0.9242990678311932
smooth,blocks64,1,0.16517794132473032,harmonic,0,1,2016,0.6209251737241045
smooth,blocks64,1,0.16517794132473032,harmonic,1,2,1952,1.2306650105109096
smooth,blocks64,1,0.16517794132473032,harmonic,2,4,3712,2.1386576328117495
smooth,blocks64,1,0.16517794132473032,harmonic,4,8,6656,3.8523899491793605
smooth,blocks64,1,0.16517794132473032,harmonic,8,16,10240,6.820206131279149
smooth,blocks64,1,0.16517794132473032,harmonic,16,32,8192,10.274987765149962
smooth,blocks64,1,0.16517794132473032,tv_converged,0,1,2016,2.778775945478035
smooth,blocks64,1,0.16517794132473032,tv_converged,1,2,1952,3.2821338903627266
smooth,blocks64,1,0.16517794132473032,tv_converged,2,4,3712,4.107943735510397
smooth,blocks64,1,0.16517794132473032,tv_converged,4,8,6656,5.887673600574004
smooth,blocks64,1,0.16517794132473032,tv_converged,8,16,10240,9.30195283154933
smooth,blocks64,1,0.16517794132473032,tv_converged,16,32,8192,13.569233116262394
smooth,blocks64,1,0.16517794132473032,tv_shipped,0,1,2016,22.903538719788294
smooth,blocks64,1,0.16517794132473032,tv_shipped,1,2,1952,24.727595717486228
smooth,blocks64,1,0.16517794132473032,tv_shipped,2,4,3712,26.754385124110215
smooth,blocks64,1,0.16517794132473032,tv_shipped,4,8,6656,28.826763973502143
smooth,blocks64,1,0.16517794132473032,tv_shipped,8,16,10240,28.528172008011556
smooth,blocks64,1,0.16517794132473032,tv_shipped,16,32,8192,28.244680421910516
smooth,blocks64,2,0.16517794132473032,biharmonic,0,1,2016,0.0071521392159639005
smooth,blocks64,2,0.16517794132473032,biharmonic,1,2,1952,0.020809865830458452
smooth,blocks64,2,0.16517794132473032,biharmonic,2,4,3712,0.05409517818071424
smooth,blocks64,2,0.16517794132473032,biharmonic,4,8,6656,0.15438872900951833
smooth,blocks64,2,0.16517794132473032,biharmonic,8,16,10240,0.4340472803191013
smooth,blocks64,2,0.16517794132473032,biharmonic,16,32,8192,0.90214411493597
smooth,blocks64,2,0.16517794132473032,harmonic,0,1,2016,0.530005469210957
smooth,blocks64,2,0.16517794132473032,harmonic,1,2,1952,1.0469198865202094
smooth,blocks64,2,0.16517794132473032,harmonic,2,4,3712,1.809449488247322
smooth,blocks64,2,0.16517794132473032,harmonic,4,8,6656,3.225568621478414
smooth,blocks64,2,0.16517794132473032,harmonic,8,16,10240,5.605737528805857
smooth,blocks64,2,0.16517794132473032,harmonic,16,32,8192,8.268992053861078
smooth,blocks64,2,0.16517794132473032,tv_converged,0,1,2016,3.386683115206301
smooth,blocks64,2,0.16517794132473032,tv_converged,1,2,1952,4.143736100005828
smooth,blocks64,2,0.16517794132473032,tv_converged,2,4,3712,4.983184089140419
smooth,blocks64,2,0.16517794132473032,tv_converged,4,8,6656,6.466184322232147
smooth,blocks64,2,0.16517794132473032,tv_converged,8,16,10240,8.954661997666276
smooth,blocks64,2,0.16517794132473032,tv_converged,16,32,8192,12.207034228883954
smooth,blocks64,2,0.16517794132473032,tv_shipped,0,1,2016,26.624412861002348
smooth,blocks64,2,0.16517794132473032,tv_shipped,1,2,1952,28.766966878954086
smooth,blocks64,2,0.16517794132473032,tv_shipped,2,4,3712,31.15254077222558
smooth,blocks64,2,0.16517794132473032,tv_shipped,4,8,6656,33.62111063497732
smooth,blocks64,2,0.16517794132473032,tv_shipped,8,16,10240,32.810751341150336
smooth,blocks64,2,0.16517794132473032,tv_shipped,16,32,8192,30.99998727129297
smooth,blocks8,0,0.16227442282488155,biharmonic,0,1,14084,9.569830725632426e-05
smooth,blocks8,0,0.16227442282488155,biharmonic,1,2,10060,0.00023447044128654105
smooth,blocks8,0,0.16227442282488155,biharmonic,2,4,8048,0.0003889630763861245
smooth,blocks8,0,0.16227442282488155,harmonic,0,1,14084,0.05577863039308797
smooth,blocks8,0,0.16227442282488155,harmonic,1,2,10060,0.10094067808862707
smooth,blocks8,0,0.16227442282488155,harmonic,2,4,8048,0.13736497867935193
smooth,blocks8,0,0.16227442282488155,tv_converged,0,1,14084,0.09291703495590753
smooth,blocks8,0,0.16227442282488155,tv_converged,1,2,10060,0.15484495944100418
smooth,blocks8,0,0.16227442282488155,tv_converged,2,4,8048,0.2083729554265703
smooth,blocks8,0,0.16227442282488155,tv_shipped,0,1,14084,0.09360999601755113
smooth,blocks8,0,0.16227442282488155,tv_shipped,1,2,10060,0.15537612674209136
smooth,blocks8,0,0.16227442282488155,tv_shipped,2,4,8048,0.20895287240736798
smooth,blocks8,1,0.16227442282488155,biharmonic,0,1,14084,0.00031447257034646515
smooth,blocks8,1,0.16227442282488155,biharmonic,1,2,10060,0.0002728533316325087
smooth,blocks8,1,0.16227442282488155,biharmonic,2,4,8048,0.00045269658689574255
smooth,blocks8,1,0.16227442282488155,harmonic,0,1,14084,0.06153971964593907
smooth,blocks8,1,0.16227442282488155,harmonic,1,2,10060,0.11137763431535234
smooth,blocks8,1,0.16227442282488155,harmonic,2,4,8048,0.15158034438921406
smooth,blocks8,1,0.16227442282488155,tv_converged,0,1,14084,0.10258360291165917
smooth,blocks8,1,0.16227442282488155,tv_converged,1,2,10060,0.16683472571719607
smooth,blocks8,1,0.16227442282488155,tv_converged,2,4,8048,0.22049235806130238
smooth,blocks8,1,0.16227442282488155,tv_shipped,0,1,14084,0.10340089792929251
smooth,blocks8,1,0.16227442282488155,tv_shipped,1,2,10060,0.16760362171474488
smooth,blocks8,1,0.16227442282488155,tv_shipped,2,4,8048,0.2213431910580905
smooth,blocks8,2,0.16227442282488155,biharmonic,0,1,14084,0.00010345650491336816
smooth,blocks8,2,0.16227442282488155,biharmonic,1,2,10060,0.00025349247795170785
smooth,blocks8,2,0.16227442282488155,biharmonic,2,4,8048,0.0004205373977287745
smooth,blocks8,2,0.16227442282488155,harmonic,0,1,14084,0.05995849019877172
smooth,blocks8,2,0.16227442282488155,harmonic,1,2,10060,0.1085095265977952
smooth,blocks8,2,0.16227442282488155,harmonic,2,4,8048,0.14767010778033499
smooth,blocks8,2,0.16227442282488155,tv_converged,0,1,14084,0.10019878472029038
smooth,blocks8,2,0.16227442282488155,tv_converged,1,2,10060,0.16673523772558901
smooth,blocks8,2,0.16227442282488155,tv_converged,2,4,8048,0.22326745687334992
smooth,blocks8,2,0.16227442282488155,tv_shipped,0,1,14084,0.10087605445074363
smooth,blocks8,2,0.16227442282488155,tv_shipped,1,2,10060,0.16719977590853385
smooth,blocks8,2,0.16227442282488155,tv_shipped,2,4,8048,0.22373052626835319
smooth,canonical,0,0.16232483113217058,biharmonic,0,1,14670,0.0043026289080958895
smooth,canonical,0,0.16232483113217058,biharmonic,1,2,6769,0.005546322066684982
smooth,canonical,0,0.16232483113217058,biharmonic,2,4,3798,0.003921220838862496
smooth,canonical,0,0.16232483113217058,biharmonic,4,8,4807,0.00478821520006108
smooth,canonical,0,0.16232483113217058,biharmonic,8,16,2109,0.006463394243836647
smooth,canonical,0,0.16232483113217058,biharmonic,16,32,49,0.007768259350285263
smooth,canonical,0,0.16232483113217058,harmonic,0,1,14670,0.051944808608296075
smooth,canonical,0,0.16232483113217058,harmonic,1,2,6769,0.10767134704401213
smooth,canonical,0,0.16232483113217058,harmonic,2,4,3798,0.27927466219855274
smooth,canonical,0,0.16232483113217058,harmonic,4,8,4807,0.4690251800007596
smooth,canonical,0,0.16232483113217058,harmonic,8,16,2109,0.5863117077873476
smooth,canonical,0,0.16232483113217058,harmonic,16,32,49,0.6795202851880353
smooth,canonical,0,0.16232483113217058,tv_converged,0,1,14670,0.32634207076928284
smooth,canonical,0,0.16232483113217058,tv_converged,1,2,6769,0.5476204217784578
smooth,canonical,0,0.16232483113217058,tv_converged,2,4,3798,1.2194404758093569
smooth,canonical,0,0.16232483113217058,tv_converged,4,8,4807,1.8101661435725658
smooth,canonical,0,0.16232483113217058,tv_converged,8,16,2109,2.4657292516398126
smooth,canonical,0,0.16232483113217058,tv_converged,16,32,49,3.001411275832014
smooth,canonical,0,0.16232483113217058,tv_shipped,0,1,14670,0.3331018193035413
smooth,canonical,0,0.16232483113217058,tv_shipped,1,2,6769,0.5647591959619523
smooth,canonical,0,0.16232483113217058,tv_shipped,2,4,3798,1.260949540687236
smooth,canonical,0,0.16232483113217058,tv_shipped,4,8,4807,1.971488318614134
smooth,canonical,0,0.16232483113217058,tv_shipped,8,16,2109,3.2619013867226814
smooth,canonical,0,0.16232483113217058,tv_shipped,16,32,49,3.383774111652029
smooth,dropout,0,0.16229962697852607,biharmonic,0,1,32175,0.0037695349125619992
smooth,dropout,0,0.16229962697852607,biharmonic,1,2,22,0.006377429051800201
smooth,dropout,0,0.16229962697852607,harmonic,0,1,32175,0.014184354308386837
smooth,dropout,0,0.16229962697852607,harmonic,1,2,22,0.02526218342808417
smooth,dropout,0,0.16229962697852607,tv_converged,0,1,32175,0.024444589771673228
smooth,dropout,0,0.16229962697852607,tv_converged,1,2,22,0.07086862297117401
smooth,dropout,0,0.16229962697852607,tv_shipped,0,1,32175,0.025906288495605004
smooth,dropout,0,0.16229962697852607,tv_shipped,1,2,22,0.07030605200140103
smooth,dropout,1,0.16229962697852607,biharmonic,0,1,32181,0.004018440245775898
smooth,dropout,1,0.16229962697852607,biharmonic,1,2,16,7.901103269397929e-06
smooth,dropout,1,0.16229962697852607,harmonic,0,1,32181,0.01472300894453387
smooth,dropout,1,0.16229962697852607,harmonic,1,2,16,0.01145098583753443
smooth,dropout,1,0.16229962697852607,tv_converged,0,1,32181,0.024533628531978435
smooth,dropout,1,0.16229962697852607,tv_converged,1,2,16,0.029101976514478295
smooth,dropout,1,0.16229962697852607,tv_shipped,0,1,32181,0.0258861277652682
smooth,dropout,1,0.16229962697852607,tv_shipped,1,2,16,0.02856131923258358
smooth,dropout,2,0.16229962697852607,biharmonic,0,1,32177,0.0038695172816578397
smooth,dropout,2,0.16229962697852607,biharmonic,1,2,20,0.031596335622414005
smooth,dropout,2,0.16229962697852607,harmonic,0,1,32177,0.013946458427195087
smooth,dropout,2,0.16229962697852607,harmonic,1,2,20,0.10495783514454546
smooth,dropout,2,0.16229962697852607,tv_converged,0,1,32177,0.02500115162977286
smooth,dropout,2,0.16229962697852607,tv_converged,1,2,20,0.16306781231890455
smooth,dropout,2,0.16229962697852607,tv_shipped,0,1,32177,0.02624249524225812
smooth,dropout,2,0.16229962697852607,tv_shipped,1,2,20,0.16481618162767378
smooth,scratch,0,0.1632220990019155,biharmonic,0,1,24637,0.014216356797988989
smooth,scratch,0,0.1632220990019155,biharmonic,1,2,7328,0.03565954778916075
smooth,scratch,0,0.1632220990019155,biharmonic,2,4,414,0.19087660480371232
smooth,scratch,0,0.1632220990019155,biharmonic,4,8,1,0.8880504566524507
smooth,scratch,0,0.1632220990019155,harmonic,0,1,24637,0.03463476006434182
smooth,scratch,0,0.1632220990019155,harmonic,1,2,7328,0.08379788686578662
smooth,scratch,0,0.1632220990019155,harmonic,2,4,414,0.4519916199422366
smooth,scratch,0,0.1632220990019155,harmonic,4,8,1,1.9163482639948484
smooth,scratch,0,0.1632220990019155,tv_converged,0,1,24637,0.17308479462630014
smooth,scratch,0,0.1632220990019155,tv_converged,1,2,7328,0.23934496377439896
smooth,scratch,0,0.1632220990019155,tv_converged,2,4,414,0.6101086436840722
smooth,scratch,0,0.1632220990019155,tv_converged,4,8,1,2.404456075350396
smooth,scratch,0,0.1632220990019155,tv_shipped,0,1,24637,0.17424152508930335
smooth,scratch,0,0.1632220990019155,tv_shipped,1,2,7328,0.2406833535298434
smooth,scratch,0,0.1632220990019155,tv_shipped,2,4,414,0.5970720436850122
smooth,scratch,0,0.1632220990019155,tv_shipped,4,8,1,2.2919849488958164
smooth,scratch,1,0.16330779312430688,biharmonic,0,1,24200,0.015177104304105668
smooth,scratch,1,0.16330779312430688,biharmonic,1,2,7703,0.0667067646989184
smooth,scratch,1,0.16330779312430688,biharmonic,2,4,486,0.21963785905071176
smooth,scratch,1,0.16330779312430688,biharmonic,4,8,8,0.5560120364690745
smooth,scratch,1,0.16330779312430688,harmonic,0,1,24200,0.05146179337888423
smooth,scratch,1,0.16330779312430688,harmonic,1,2,7703,0.14784347619606797
smooth,scratch,1,0.16330779312430688,harmonic,2,4,486,0.4959788816850038
smooth,scratch,1,0.16330779312430688,harmonic,4,8,8,1.21481835651007
smooth,scratch,1,0.16330779312430688,tv_converged,0,1,24200,0.1519181199823373
smooth,scratch,1,0.16330779312430688,tv_converged,1,2,7703,0.24749303360525843
smooth,scratch,1,0.16330779312430688,tv_converged,2,4,486,0.5803702335257476
smooth,scratch,1,0.16330779312430688,tv_converged,4,8,8,1.3991223571155476
smooth,scratch,1,0.16330779312430688,tv_shipped,0,1,24200,0.15318584378699304
smooth,scratch,1,0.16330779312430688,tv_shipped,1,2,7703,0.24926534305253548
smooth,scratch,1,0.16330779312430688,tv_shipped,2,4,486,0.5938553434283373
smooth,scratch,1,0.16330779312430688,tv_shipped,4,8,8,1.442213955119884
smooth,scratch,2,0.162828914205061,biharmonic,0,1,24586,0.011334693065412293
smooth,scratch,2,0.162828914205061,biharmonic,1,2,7052,0.033220961163363344
smooth,scratch,2,0.162828914205061,biharmonic,2,4,606,0.1480619946572523
smooth,scratch,2,0.162828914205061,biharmonic,4,8,56,0.7668376328978439
smooth,scratch,2,0.162828914205061,biharmonic,8,16,2,1.3912116816469768
smooth,scratch,2,0.162828914205061,harmonic,0,1,24586,0.04337002690226185
smooth,scratch,2,0.162828914205061,harmonic,1,2,7052,0.10897793640433047
smooth,scratch,2,0.162828914205061,harmonic,2,4,606,0.5263482744061652
smooth,scratch,2,0.162828914205061,harmonic,4,8,56,2.384227781435329
smooth,scratch,2,0.162828914205061,harmonic,8,16,2,3.3396799696886244
smooth,scratch,2,0.162828914205061,tv_converged,0,1,24586,0.17873680647603563
smooth,scratch,2,0.162828914205061,tv_converged,1,2,7052,0.26134134857652763
smooth,scratch,2,0.162828914205061,tv_converged,2,4,606,0.9561688032234765
smooth,scratch,2,0.162828914205061,tv_converged,4,8,56,3.4171358358271697
smooth,scratch,2,0.162828914205061,tv_converged,8,16,2,4.336315743743751
smooth,scratch,2,0.162828914205061,tv_shipped,0,1,24586,0.17906957235589907
smooth,scratch,2,0.162828914205061,tv_shipped,1,2,7052,0.2581057019312733
smooth,scratch,2,0.162828914205061,tv_shipped,2,4,606,0.9185220164010129
smooth,scratch,2,0.162828914205061,tv_shipped,4,8,56,3.241111426467441
smooth,scratch,2,0.162828914205061,tv_shipped,8,16,2,4.1452713153831375
